respondent;trip_id;travel_mode;gender;age;KOD;population;living_place;ID_powiat;density_powiat;powiat;area_km2_nuts4;walk_leng_nuts4;walk_lengper100km2_nuts4;bike_lengper100km2_nuts4;PT_count_nuts4;PT_countper100km2_nuts4;road_leng_nuts4;road_lengper100km2_nuts4;SKJZ_origin;SKRP_origin;KUKO_OIKM_origin;category;D_walk;T_walk;D_cycle;T_cycle;D_publict;T_publict;D_car;T_car;TM_multiple;TM_bin
233k2pxo3ju3;1;1;1;9;1061011;645693;1;1061;2182.1;Powiat m. £Ûdü;292.8501406;1049.525352;358.3830796;4.03;2296;784.0187459;763.4;260.6794036;12439.86945;2324.039028;14;S;3014;42.3;3140;12;3849;20.47;3147;12.88;1;0
26xip874hvx8;2;1;1;18;1061011;645693;1;1061;2182.1;Powiat m. £Ûdü;292.8501406;1049.525352;358.3830796;4.03;2296;784.0187459;763.4;260.6794036;8906.049073;5924.610432;12;S;344;4.65;344;0.93;344;4.65;344;1.97;0;1
27zbi9vpg3z6;3;1;1;12;1008011;19276;2;1008;240.6;Powiat pabianicki;491.5247438;135.3532664;27.53742677;4.91;456;92.77254212;567.3;115.4163665;5134.879163;0;0;S;7986;109.62;8579;26.23;10004;56.43;9510;19.23;;
2979hck27rkh;4;1;;7;1061011;645693;1;1061;2182.1;Powiat m. £Ûdü;292.8501406;1049.525352;358.3830796;4.03;2296;784.0187459;763.4;260.6794036;8234.449081;2452.280035;4;S;74;1.12;74;0.22;74;1.12;74;0.27;;
9uk9pp7smb64;5;1;0;11;1061011;645693;1;1061;2182.1;Powiat m. £Ûdü;292.8501406;1049.525352;358.3830796;4.03;2296;784.0187459;763.4;260.6794036;6376.283067;15756.69428;0;S;1138;5.45;896;3.03;680;8.85;1138;5.45;0;1
2du2axj46el8;6;1;1;16;1016011;56681;2;1016;106;Powiat tomaszowski;1023.091277;198.4567764;19.39775862;7.99;616;60.20968156;975.8;95.3776092;9642.72979;2190.58007;7;S;1580;22.78;2003;8.45;2558;22.33;2028;4.18;1;1
2dx8ntr6u3p7;7;1;1;9;1061011;645693;1;1061;2182.1;Powiat m. £Ûdü;292.8501406;1049.525352;358.3830796;4.03;2296;784.0187459;763.4;260.6794036;8275.309989;2702.630823;16;S;1206;16.8;1206;4.48;1214;13.52;1206;5.12;0;1
2ej7uw8v6437;8;1;1;18;1061011;645693;1;1061;2182.1;Powiat m. £Ûdü;292.8501406;1049.525352;358.3830796;4.03;2296;784.0187459;763.4;260.6794036;8190.114064;1661.024169;23;S;3218;44.85;3225;12.35;4131;24.53;3453;11.52;0;0
2ko2rum9mxy8;9;1;1;18;1061011;645693;1;1061;2182.1;Powiat m. £Ûdü;292.8501406;1049.525352;358.3830796;4.03;2296;784.0187459;763.4;260.6794036;12417.70073;6971.853989;10;S;4355;59.32;4728;14;7061;28.43;4837;9.55;0;0
2n3k6ghy89c7;10;1;0;12;1061011;645693;1;1061;2182.1;Powiat m. £Ûdü;292.8501406;1049.525352;358.3830796;4.03;2296;784.0187459;763.4;260.6794036;9056.95102;2469.217016;16;S;1017;14.3;1017;3.43;1024;11;1017;4.12;0;1
2o8xhr7k6nrv;11;1;1;14;1061011;645693;1;1061;2182.1;Powiat m. £Ûdü;292.8501406;1049.525352;358.3830796;4.03;2296;784.0187459;763.4;260.6794036;11773.74209;3707.15273;20;S;3538;48.72;3505;12.52;3904;22.6;3505;13.83;1;1
2rc8zdf4gle9;12;1;0;16;1016112;3065;3;1016;106;Powiat tomaszowski;1023.091277;198.4567764;19.39775862;7.99;616;60.20968156;975.8;95.3776092;5412.936538;0;1;S;24571;331.57;26814;82.8;;;26652;27.62;0;0
2x3fcu99cxl9;13;1;1;16;1020031;52938;2;1020;193.4;Powiat zgierski;853.9990645;182.2143352;21.33659658;2.18;888;103.9813785;1106.6;129.5785963;8461.368515;0;2;S;1532;21.7;1532;5.3;1532;21.7;1532;3.13;0;0
2xe7r3dr364v;14;1;0;11;1010022;4026;3;1010;62.4;Powiat piotrkowski;1426.409646;162.5195004;11.39360638;2.45;896;62.81505476;1306.2;91.57257202;5822.150752;0;1;S;3245;44.65;3245;10.53;3245;44.65;3245;3.75;1;0
2xk4nas4k249;15;1;1;17;1061011;645693;1;1061;2182.1;Powiat m. £Ûdü;292.8501406;1049.525352;358.3830796;4.03;2296;784.0187459;763.4;260.6794036;10934.81723;5786.509206;12;S;94;1.38;150;0.53;94;1.38;94;0.5;0;1
2y84pei3u444;16;1;1;18;1061011;645693;1;1061;2182.1;Powiat m. £Ûdü;292.8501406;1049.525352;358.3830796;4.03;2296;784.0187459;763.4;260.6794036;11872.19813;8321.121911;14;S;6236;84.97;6619;21.28;6338;40.05;6741;14.9;;
2zir9dn2hgr4;17;1;1;16;1016092;11492;2;1016;106;Powiat tomaszowski;1023.091277;198.4567764;19.39775862;7.99;616;60.20968156;975.8;95.3776092;5066.386004;144.8328213;2;S;6518;89.2;6326;20.57;11471;365.97;6326;8.87;0;0
36f82lsz2mr6;18;1;1;17;1061011;645693;1;1061;2182.1;Powiat m. £Ûdü;292.8501406;1049.525352;358.3830796;4.03;2296;784.0187459;763.4;260.6794036;10364.50176;2286.406817;6;S;6149;83.87;6365;19.88;6701;34.65;7614;15.52;0;0
39lbr4j87h93;19;1;1;18;1063011;45121;2;1063;1295.2;Powiat m. Skierniewice;34.55875472;71.15621041;205.8992316;6.85;187;541.1074604;143;413.788058;6342.540928;8301.592858;4;S;56468;767.63;62312;194.92;71661;70.65;74223;60.8;;
3au8rjg8kra3;20;1;0;16;1020045;13380;2;1020;193.4;Powiat zgierski;853.9990645;182.2143352;21.33659658;2.18;888;103.9813785;1106.6;129.5785963;11606.15205;0;1;S;12928;183;14896;51.13;17839;68.83;16450;30.38;1;0
3cp9rp47jfb6;21;1;0;13;1061011;645693;1;1061;2182.1;Powiat m. £Ûdü;292.8501406;1049.525352;358.3830796;4.03;2296;784.0187459;763.4;260.6794036;10185.85035;3326.207838;14;S;4968;68.13;5524;22.95;6088;34.2;5958;13.77;0;1
3gb3vwm8hlb3;22;1;1;16;1061011;645693;1;1061;2182.1;Powiat m. £Ûdü;292.8501406;1049.525352;358.3830796;4.03;2296;784.0187459;763.4;260.6794036;9834.35267;8148.652897;6;S;6269;86.42;6645;22.72;7854;45.25;6570;17.67;0;0
3go4fki2ue29;23;1;1;16;1061011;645693;1;1061;2182.1;Powiat m. £Ûdü;292.8501406;1049.525352;358.3830796;4.03;2296;784.0187459;763.4;260.6794036;11344.58041;3413.189673;14;S;1391;19.77;1602;6.62;1660;11.83;1849;6.43;0;0
3ht6stl64x34;24;1;1;17;1016011;56681;2;1016;106;Powiat tomaszowski;1023.091277;198.4567764;19.39775862;7.99;616;60.20968156;975.8;95.3776092;9051.691328;5190.352661;9;S;1549;21.87;1749;7.48;1549;21.87;1807;3.78;1;1
3im9px4hj33i;25;1;1;18;1008011;19276;2;1008;240.6;Powiat pabianicki;491.5247438;135.3532664;27.53742677;4.91;456;92.77254212;567.3;115.4163665;7264.93626;2105.578367;5;S;13633;191;14050;48.67;18808;68.13;15170;26.65;0;0
3j9irh9sxs33;26;1;1;17;1061011;645693;1;1061;2182.1;Powiat m. £Ûdü;292.8501406;1049.525352;358.3830796;4.03;2296;784.0187459;763.4;260.6794036;11022.37966;134.7830001;7;S;7244;103.08;7524;26.7;9535;52.75;7684;19.67;0;0
3on3hvn42jv3;27;1;0;18;1013011;15783;2;1013;70;Powiat rawski;645.5332469;90.80383441;14.06648455;4.73;252;39.03749361;647.5;100.3046711;9356.730973;0;0;S;2233;30.72;2181;7.48;2233;30.72;2181;4.48;1;1
3szp6akh7ww3;28;1;1;17;1008021;59910;2;1008;240.6;Powiat pabianicki;491.5247438;135.3532664;27.53742677;4.91;456;92.77254212;567.3;115.4163665;10575.06863;2623.485497;11;S;750;10.18;750;2.13;750;10.18;750;1.8;0;1
3tg3ibp6zxf3;29;1;1;18;1061011;645693;1;1061;2182.1;Powiat m. £Ûdü;292.8501406;1049.525352;358.3830796;4.03;2296;784.0187459;763.4;260.6794036;8644.531516;9096.997373;2;S;3516;49.23;4277;14.05;4573;30.15;4871;12;0;0
3x6k8mg2fvh6;31;1;0;16;1016092;11492;2;1016;106;Powiat tomaszowski;1023.091277;198.4567764;19.39775862;7.99;616;60.20968156;975.8;95.3776092;6026.822418;0;0;S;4510;61.35;4842;14.63;5409;27.08;4978;8.8;0;0
3xbe9s3xy8o4;32;1;1;10;1061011;645693;1;1061;2182.1;Powiat m. £Ûdü;292.8501406;1049.525352;358.3830796;4.03;2296;784.0187459;763.4;260.6794036;8576.899613;3397.02132;16;S;5385;76.23;6276;21.92;6631;42.88;6214;16.05;0;1
3y2lsk8l49b4;33;1;0;7;1061011;645693;1;1061;2182.1;Powiat m. £Ûdü;292.8501406;1049.525352;358.3830796;4.03;2296;784.0187459;763.4;260.6794036;10223.57553;11311.05842;6;S;1268;17.43;1268;4.43;1290;13.07;2018;4.53;0;0
3z4f7gi3w7xe;34;1;0;15;1061011;645693;1;1061;2182.1;Powiat m. £Ûdü;292.8501406;1049.525352;358.3830796;4.03;2296;784.0187459;763.4;260.6794036;7027.07254;7622.31247;9;S;2933;41.17;3200;11.3;2927;15.38;3435;7;0;0
42srw7uo87m7;35;1;1;17;1009052;4876;3;1009;59.1;Powiat pajÍczaÒski;803.0385073;66.0912157;8.230142776;16.28;280;34.8675683;627.1;78.09090029;3590.790245;0;3;S;13521;180.97;13521;40.6;23871;40.47;13521;11.93;0;0
42tsi2klr8a9;36;1;0;12;1061011;645693;1;1061;2182.1;Powiat m. £Ûdü;292.8501406;1049.525352;358.3830796;4.03;2296;784.0187459;763.4;260.6794036;11739.31906;4261.189338;6;S;2694;36.68;2732;8.97;3328;18.67;3085;7.4;0;0
476pyf7mzi93;37;1;1;16;1020011;12956;2;1020;193.4;Powiat zgierski;853.9990645;182.2143352;21.33659658;2.18;888;103.9813785;1106.6;129.5785963;3277.529619;378.8529425;0;S;34851;480.68;42486;138.1;42534;97.5;36393;47.47;1;1
47gw3dym2wp3;38;1;0;11;1061011;645693;1;1061;2182.1;Powiat m. £Ûdü;292.8501406;1049.525352;358.3830796;4.03;2296;784.0187459;763.4;260.6794036;13279.58359;4874.043571;10;S;136;1.82;136;0.35;136;1.82;136;0.52;0;1
48rka8fno834;39;1;1;17;1001072;8116;3;1001;110.8;Powiat be≥chatowski;966.2626658;198.2751399;20.51979724;14.05;961;99.45535868;943.4;97.63390778;6150.382231;0;2;S;306;4.18;306;2.8;306;4.18;306;1.38;0;1
4a9gl6njo9uk;40;1;0;18;1020011;12956;2;1020;193.4;Powiat zgierski;853.9990645;182.2143352;21.33659658;2.18;888;103.9813785;1106.6;129.5785963;4850.81326;62.99420572;0;S;29518;407.67;37786;120.3;46765;99.62;30014;37.33;0;0
4af9frv8ctg9;41;1;1;18;1061011;645693;1;1061;2182.1;Powiat m. £Ûdü;292.8501406;1049.525352;358.3830796;4.03;2296;784.0187459;763.4;260.6794036;12495.11962;10407.26663;4;S;6255;87.93;6528;24.88;7573;35.53;7345;18.65;0;0
4an62jin83w9;42;1;1;16;1061011;645693;1;1061;2182.1;Powiat m. £Ûdü;292.8501406;1049.525352;358.3830796;4.03;2296;784.0187459;763.4;260.6794036;11319.27252;11284.2932;6;S;1552;21.43;1983;7.27;1806;8.03;3441;7.43;1;1
4bu4ne3uhm37;43;1;1;17;1001072;8116;3;1001;110.8;Powiat be≥chatowski;966.2626658;198.2751399;20.51979724;14.05;961;99.45535868;943.4;97.63390778;5919.398048;1192.876914;0;S;1560;21.47;1560;5.92;1560;21.47;1571;3.12;0;0
4gl76grn83n8;44;1;0;16;1061011;645693;1;1061;2182.1;Powiat m. £Ûdü;292.8501406;1049.525352;358.3830796;4.03;2296;784.0187459;763.4;260.6794036;6808.29605;12735.12437;9;S;89196;1209.53;95692;293.37;113682;138.57;98746;75.12;0;0
4hl4hw7kfg49;45;1;1;10;1061011;645693;1;1061;2182.1;Powiat m. £Ûdü;292.8501406;1049.525352;358.3830796;4.03;2296;784.0187459;763.4;260.6794036;11372.90748;6329.051118;2;S;499;6.93;499;1.48;499;6.93;620;3.03;0;0
4j7xjz2w3fr4;46;1;1;13;1061011;645693;1;1061;2182.1;Powiat m. £Ûdü;292.8501406;1049.525352;358.3830796;4.03;2296;784.0187459;763.4;260.6794036;9675.510758;1637.468546;2;S;4145;57.42;4881;16.58;5102;24;4777;10.92;0;0
4jg2zp2rmh47;47;1;1;16;1061011;645693;1;1061;2182.1;Powiat m. £Ûdü;292.8501406;1049.525352;358.3830796;4.03;2296;784.0187459;763.4;260.6794036;7407.928761;9896.721601;9;S;6464;90.97;7396;27.05;7310;42.22;8105;17.97;0;0
4k4ybe27u723;49;1;1;16;1012022;4621;3;1012;72.5;Powiat radomszczaÒski;1441.229323;125.7545581;8.725506492;2.07;833;57.79788039;1190.9;82.63084725;7717.209254;84.46199513;1;S;5623;75;5623;16.68;21772;140.78;5636;7.2;0;0
4tc49psw89d4;50;1;1;17;1001072;8116;3;1001;110.8;Powiat be≥chatowski;966.2626658;198.2751399;20.51979724;14.05;961;99.45535868;943.4;97.63390778;3843.194407;0;2;S;4482;60.38;4563;14.6;5494;16.57;4563;5.37;0;0
4xx4s7jse6n4;51;1;1;16;1020085;9675;3;1020;193.4;Powiat zgierski;853.9990645;182.2143352;21.33659658;2.18;888;103.9813785;1106.6;129.5785963;3359.823334;0;0;S;11455;157.85;12651;43.72;12124;38.68;11897;16.48;1;0
4zh87sa8kbc6;52;1;1;18;1061011;645693;1;1061;2182.1;Powiat m. £Ûdü;292.8501406;1049.525352;358.3830796;4.03;2296;784.0187459;763.4;260.6794036;5802.245796;655.8743772;2;S;7390;101.82;7918;26.33;10041;45.38;7814;14.45;0;0
4zm8obt2xcd4;53;1;1;17;1016011;56681;2;1016;106;Powiat tomaszowski;1023.091277;198.4567764;19.39775862;7.99;616;60.20968156;975.8;95.3776092;6864.022174;46.23310951;4;S;4095;56.3;4306;14.52;7620;25.13;4424;7.9;0;0
622nvb4dbl76;54;1;1;18;1061011;645693;1;1061;2182.1;Powiat m. £Ûdü;292.8501406;1049.525352;358.3830796;4.03;2296;784.0187459;763.4;260.6794036;12042.24721;11524.08415;7;S;2190;30.3;2534;9.23;2491;13.08;2319;7.57;0;0
62pbm94hiy37;55;1;1;16;1016062;7146;3;1016;106;Powiat tomaszowski;1023.091277;198.4567764;19.39775862;7.99;616;60.20968156;975.8;95.3776092;6859.291174;0;4;S;4149;57.23;4266;16.12;7929;20.58;4276;7.15;0;0
63fi6clb6326;56;1;1;17;1012011;42412;2;1012;72.5;Powiat radomszczaÒski;1441.229323;125.7545581;8.725506492;2.07;833;57.79788039;1190.9;82.63084725;9459.872748;115.0943562;3;S;2494;35.37;2994;11.47;2494;35.37;2603;5.82;0;0
67jso9gjh6jf;57;1;0;15;1016072;5984;3;1016;106;Powiat tomaszowski;1023.091277;198.4567764;19.39775862;7.99;616;60.20968156;975.8;95.3776092;7422.970363;1227.860659;4;S;27247;370.72;28102;85.32;37463;78.75;28029;39.82;1;0
68uzd7gvw2o4;58;1;1;14;1061011;645693;1;1061;2182.1;Powiat m. £Ûdü;292.8501406;1049.525352;358.3830796;4.03;2296;784.0187459;763.4;260.6794036;11849.6004;3619.541545;19;S;3591;49.43;3558;12.67;3957;23.32;3558;14.17;1;1
6d36nm7pzj86;59;1;1;16;1016032;2069;3;1016;106;Powiat tomaszowski;1023.091277;198.4567764;19.39775862;7.99;616;60.20968156;975.8;95.3776092;4758.173036;0;1;S;18905;254.62;20988;64.02;;;20875;22.12;;
6gl2wtt6zef9;60;1;1;16;1016011;56681;2;1016;106;Powiat tomaszowski;1023.091277;198.4567764;19.39775862;7.99;616;60.20968156;975.8;95.3776092;11960.16849;11001.19645;8;S;1022;13.88;1204;3.53;1022;13.88;1388;3.22;0;0
6hx2yg9sv774;61;1;1;13;1061011;645693;1;1061;2182.1;Powiat m. £Ûdü;292.8501406;1049.525352;358.3830796;4.03;2296;784.0187459;763.4;260.6794036;12274.89621;7306.47684;8;S;353;4.78;353;0.97;353;4.78;325;1.92;1;1
6k499kz2gx99;62;1;1;18;1016072;5984;3;1016;106;Powiat tomaszowski;1023.091277;198.4567764;19.39775862;7.99;616;60.20968156;975.8;95.3776092;4807.81025;1101.43564;4;S;27668;377.27;28971;87.4;39092;95.92;28406;37.35;0;0
6ki3s8kdc7f8;63;1;1;18;1020044;22023;2;1020;193.4;Powiat zgierski;853.9990645;182.2143352;21.33659658;2.18;888;103.9813785;1106.6;129.5785963;8016.165447;0;0;S;5358;73.4;5820;18.3;9253;38.85;5478;8.62;1;0
6pz7mb6nrp99;64;1;1;18;1061011;645693;1;1061;2182.1;Powiat m. £Ûdü;292.8501406;1049.525352;358.3830796;4.03;2296;784.0187459;763.4;260.6794036;12272.17438;10852.56545;6;S;2128;29.52;2604;9.58;2407;11.95;2365;7.45;1;1
6rzb33d28el6;65;1;0;18;1013011;15783;2;1013;70;Powiat rawski;645.5332469;90.80383441;14.06648455;4.73;252;39.03749361;647.5;100.3046711;6405.453483;0;0;S;2356;31.87;2356;7.57;2356;31.87;2651;4.4;1;1
6s9dlj6zni43;66;1;1;14;1061011;645693;1;1061;2182.1;Powiat m. £Ûdü;292.8501406;1049.525352;358.3830796;4.03;2296;784.0187459;763.4;260.6794036;9606.731195;2915.68441;15;S;1714;23.33;1714;6.62;1726;17.07;1714;6.35;1;1
6t2ngt39uuw9;67;1;1;17;1001062;4749;3;1001;110.8;Powiat be≥chatowski;966.2626658;198.2751399;20.51979724;14.05;961;99.45535868;943.4;97.63390778;6347.723363;347.6512596;2;S;7806;104.93;10798;31.67;;;7806;6.53;0;0
6to2po2ecb69;68;1;0;18;1061011;645693;1;1061;2182.1;Powiat m. £Ûdü;292.8501406;1049.525352;358.3830796;4.03;2296;784.0187459;763.4;260.6794036;8121.147336;10132.2345;9;S;8905;125.4;9976;35.13;10719;43.95;10423;21.57;0;0
6vd6nsa7bo43;69;1;0;11;1061011;645693;1;1061;2182.1;Powiat m. £Ûdü;292.8501406;1049.525352;358.3830796;4.03;2296;784.0187459;763.4;260.6794036;10334.07983;10701.68234;6;S;1274;17.05;1387;4.55;1918;14.17;4009;9.38;0;0
6vw884jia7vs;70;1;1;9;1061011;645693;1;1061;2182.1;Powiat m. £Ûdü;292.8501406;1049.525352;358.3830796;4.03;2296;784.0187459;763.4;260.6794036;12680.22482;3722.511044;11;S;6;0.08;6;0.02;6;0.08;6;0.02;0;0
6wp6de7cbt83;71;1;1;17;1001072;8116;3;1001;110.8;Powiat be≥chatowski;966.2626658;198.2751399;20.51979724;14.05;961;99.45535868;943.4;97.63390778;7634.098779;0;2;S;9;0.12;9;0.03;9;0.12;9;0.02;0;1
722wv6i8eza8;72;1;1;12;1006082;5811;3;1006;151;Powiat ≥Ûdzki wschodni;499.1387193;129.2560513;25.89581739;10.7;448;89.75460783;667;133.6301862;5748.39385;264.4064392;4;S;5494;75.48;5521;18.33;6007;21.9;5501;8.47;0;0
72hi2n74vau7;73;1;0;13;1061011;645693;1;1061;2182.1;Powiat m. £Ûdü;292.8501406;1049.525352;358.3830796;4.03;2296;784.0187459;763.4;260.6794036;14949.96648;1511.054291;15;S;1505;20.7;1639;6;2143;13.6;1577;3.78;0;1
73ayd2h7seb3;74;1;1;16;1012042;5606;3;1012;72.5;Powiat radomszczaÒski;1441.229323;125.7545581;8.725506492;2.07;833;57.79788039;1190.9;82.63084725;5958.68693;2184.950857;1;S;14298;195.73;16635;55.12;14889;67.5;14311;19.63;0;0
74wis3tyl8y6;75;1;1;15;1061011;645693;1;1061;2182.1;Powiat m. £Ûdü;292.8501406;1049.525352;358.3830796;4.03;2296;784.0187459;763.4;260.6794036;8339.263574;5184.172472;9;S;8624;120.52;9363;33.02;10033;42.93;13036;23.12;1;0
76gwi6kye8n9;76;1;0;16;1017054;1332;3;1017;77.1;Powiat wieluÒski;924.9576466;121.9433161;13.18366485;5.58;548;59.24595597;873.6;94.44756776;8685.075103;572.5291402;2;S;22055;299.08;27348;82.85;;;24994;20.78;0;0
7c94t9elp9c3;77;1;1;12;1061011;645693;1;1061;2182.1;Powiat m. £Ûdü;292.8501406;1049.525352;358.3830796;4.03;2296;784.0187459;763.4;260.6794036;11060.95797;6826.706303;12;S;898;12.1;1088;3.13;898;12.1;1060;4;0;1
7de2vma2xvh3;78;1;1;17;1012142;4735;3;1012;72.5;Powiat radomszczaÒski;1441.229323;125.7545581;8.725506492;2.07;833;57.79788039;1190.9;82.63084725;5155.598929;351.9768498;1;S;22509;304.93;24961;74.9;;;25887;25.7;1;0
7dv6llr6zbx3;79;1;1;16;1061011;645693;1;1061;2182.1;Powiat m. £Ûdü;292.8501406;1049.525352;358.3830796;4.03;2296;784.0187459;763.4;260.6794036;6825.153418;2325.589667;2;S;2024;27.68;2064;7.2;2969;22.78;2793;5.58;0;1
7gb6uu4lhx49;80;1;0;17;1061011;645693;1;1061;2182.1;Powiat m. £Ûdü;292.8501406;1049.525352;358.3830796;4.03;2296;784.0187459;763.4;260.6794036;8284.124894;3697.729475;15;S;2259;31.98;2422;9.02;2813;16.13;2982;6.97;1;1
7hr22ben944c;81;1;0;16;1006082;5811;3;1006;151;Powiat ≥Ûdzki wschodni;499.1387193;129.2560513;25.89581739;10.7;448;89.75460783;667;133.6301862;5748.39385;264.4064392;4;S;7754;105.53;8204;25.08;8697;28.92;7748;11.78;0;0
7hu39ehn8dx8;82;1;0;14;1063011;45121;2;1063;1295.2;Powiat m. Skierniewice;34.55875472;71.15621041;205.8992316;6.85;187;541.1074604;143;413.788058;12663.86334;4668.23965;5;S;547;7.53;647;1.95;547;7.53;647;1.98;1;1
7j4npc2k2gf4;83;1;0;13;1061011;645693;1;1061;2182.1;Powiat m. £Ûdü;292.8501406;1049.525352;358.3830796;4.03;2296;784.0187459;763.4;260.6794036;7282.577684;5964.173791;7;S;2765;39.47;3170;12.38;3385;16.7;3804;10.65;0;1
7kx8gnn6gku6;84;1;0;15;1020044;22023;2;1020;193.4;Powiat zgierski;853.9990645;182.2143352;21.33659658;2.18;888;103.9813785;1106.6;129.5785963;7723.5086;0;0;S;12297;171.15;12872;42.63;13389;68.77;13233;26.02;1;0
7lv8b2pgg6s6;85;1;0;13;1061011;645693;1;1061;2182.1;Powiat m. £Ûdü;292.8501406;1049.525352;358.3830796;4.03;2296;784.0187459;763.4;260.6794036;8931.032738;8699.408424;4;S;812;10.57;896;2.27;812;10.57;1860;7.33;0;1
7o2dmi4lho6a;86;1;1;17;1016092;11492;2;1016;106;Powiat tomaszowski;1023.091277;198.4567764;19.39775862;7.99;616;60.20968156;975.8;95.3776092;4970.05896;144.8328213;3;S;6631;90.75;6439;20.88;11585;367.52;6439;9;0;0
7o9p4n8nzh93;87;1;1;10;1008052;7656;3;1008;240.6;Powiat pabianicki;491.5247438;135.3532664;27.53742677;4.91;456;92.77254212;567.3;115.4163665;5797.552486;752.7879757;4;S;2179;30.02;2180;7.63;2179;30.02;2454;4.07;0;0
7p27gdp9zj97;88;1;1;18;1061011;645693;1;1061;2182.1;Powiat m. £Ûdü;292.8501406;1049.525352;358.3830796;4.03;2296;784.0187459;763.4;260.6794036;11532.87888;3506.918817;7;S;4272;59.67;4506;16.45;5311;25.82;4979;11.3;1;0
7pr6zb9uw8k7;89;1;0;18;1012011;42412;2;1012;72.5;Powiat radomszczaÒski;1441.229323;125.7545581;8.725506492;2.07;833;57.79788039;1190.9;82.63084725;10967.05271;2348.609729;7;S;59820;804.9;63477;194.97;;;66300;47.72;1;1
7rm48jw6w766;90;1;1;18;1061011;645693;1;1061;2182.1;Powiat m. £Ûdü;292.8501406;1049.525352;358.3830796;4.03;2296;784.0187459;763.4;260.6794036;11604.71875;10827.98871;6;S;4025;56.75;4308;14.47;8740;37.02;4768;12.43;0;0
7wc7fma2ag77;91;1;1;17;1016062;7146;3;1016;106;Powiat tomaszowski;1023.091277;198.4567764;19.39775862;7.99;616;60.20968156;975.8;95.3776092;4068.116669;73.5026774;1;S;9223;124.47;9898;31.2;21140;66.72;9351;12.82;0;0
83bi7nhl3wm6;92;1;1;17;1061011;645693;1;1061;2182.1;Powiat m. £Ûdü;292.8501406;1049.525352;358.3830796;4.03;2296;784.0187459;763.4;260.6794036;10092.50843;2951.650447;2;S;8186;112.83;8573;29.53;9250;55.93;13069;24.45;0;0
879oxx6war8a;93;1;0;18;1061011;645693;1;1061;2182.1;Powiat m. £Ûdü;292.8501406;1049.525352;358.3830796;4.03;2296;784.0187459;763.4;260.6794036;6844.032282;14190.66673;0;S;48;0.65;48;0.13;48;0.65;28;0.12;0;1
8eg9hd9mfm7r;94;1;1;15;1016072;5984;3;1016;106;Powiat tomaszowski;1023.091277;198.4567764;19.39775862;7.99;616;60.20968156;975.8;95.3776092;3425.027828;71.45405789;0;S;21440;289.95;21899;66.67;61376;117.62;22422;27.37;0;0
8fj2yja69ug7;95;1;1;18;1061011;645693;1;1061;2182.1;Powiat m. £Ûdü;292.8501406;1049.525352;358.3830796;4.03;2296;784.0187459;763.4;260.6794036;9670.024441;6119.346317;19;S;505;7.23;534;1.62;505;7.23;505;2.27;0;1
8he7ybk732j4;96;1;0;18;1013011;15783;2;1013;70;Powiat rawski;645.5332469;90.80383441;14.06648455;4.73;252;39.03749361;647.5;100.3046711;6341.743212;0;0;S;2335;31.57;2335;7.48;2335;31.57;2691;4.48;1;1
8j23srv6j7e6;97;1;0;18;1012011;42412;2;1012;72.5;Powiat radomszczaÒski;1441.229323;125.7545581;8.725506492;2.07;833;57.79788039;1190.9;82.63084725;11017.09857;2348.609729;7;S;2059;29.28;2099;8.23;2059;29.28;2832;6.28;1;1
8re94yui6po6;98;1;1;16;1061011;645693;1;1061;2182.1;Powiat m. £Ûdü;292.8501406;1049.525352;358.3830796;4.03;2296;784.0187459;763.4;260.6794036;10742.11502;5107.763374;8;S;6351;87.93;6549;22.72;6645;38.95;8476;20.72;;
8ru6zac4h6bz;99;1;1;14;1008011;19276;2;1008;240.6;Powiat pabianicki;491.5247438;135.3532664;27.53742677;4.91;456;92.77254212;567.3;115.4163665;5595.456756;0;0;S;8010;109.95;8603;26.3;10028;56.77;9501;19.18;0;0
8rx4hrv2hl66;100;1;0;15;1063011;45121;2;1063;1295.2;Powiat m. Skierniewice;34.55875472;71.15621041;205.8992316;6.85;187;541.1074604;143;413.788058;10406.2918;3718.434591;7;S;951;13;1029;4.02;951;13;989;2.7;1;1
8ut24lsg7sat;101;1;0;7;1061011;645693;1;1061;2182.1;Powiat m. £Ûdü;292.8501406;1049.525352;358.3830796;4.03;2296;784.0187459;763.4;260.6794036;8163.53138;9021.815222;2;S;328;4.4;349;0.97;328;4.4;328;1.48;1;1
937zf8uay9u4;102;1;0;16;1061011;645693;1;1061;2182.1;Powiat m. £Ûdü;292.8501406;1049.525352;358.3830796;4.03;2296;784.0187459;763.4;260.6794036;6811.304466;4542.587275;5;S;303;4.15;303;0.85;303;4.15;303;0.88;0;0
93buz4udu9m7;103;1;1;16;1020031;52938;2;1020;193.4;Powiat zgierski;853.9990645;182.2143352;21.33659658;2.18;888;103.9813785;1106.6;129.5785963;9119.727001;1304.081742;6;S;11680;160.75;12041;41.08;14409;46.85;14786;26.47;0;0
94ggd4iiy8f7;104;1;0;15;1012011;42412;2;1012;72.5;Powiat radomszczaÒski;1441.229323;125.7545581;8.725506492;2.07;833;57.79788039;1190.9;82.63084725;6643.388115;0;4;S;3186;44.68;3647;13.22;3186;44.68;3295;6.65;1;0
94jeu24oxi69;105;1;1;17;1012132;4243;3;1012;72.5;Powiat radomszczaÒski;1441.229323;125.7545581;8.725506492;2.07;833;57.79788039;1190.9;82.63084725;5352.295104;0;0;S;26422;356.12;29187;85.92;;;26635;27.3;0;0
94sb6wsl6sm8;106;1;1;18;1008072;9128;3;1008;240.6;Powiat pabianicki;491.5247438;135.3532664;27.53742677;4.91;456;92.77254212;567.3;115.4163665;4563.783304;0;2;S;5061;69.67;5669;17.25;6901;28.5;5111;8.52;0;0
96h7o9if2jh8;107;1;1;18;1061011;645693;1;1061;2182.1;Powiat m. £Ûdü;292.8501406;1049.525352;358.3830796;4.03;2296;784.0187459;763.4;260.6794036;13316.58839;9242.969011;13;S;2047;28.93;2174;8.37;2055;13.42;2070;6.6;1;1
98an97hyj4u3;108;1;1;18;1016104;1499;3;1016;106;Powiat tomaszowski;1023.091277;198.4567764;19.39775862;7.99;616;60.20968156;975.8;95.3776092;6204.480806;3363.612962;2;S;11315;154.43;11721;37.37;26356;140.13;12552;16.72;0;0
9as67mid33v9;109;1;0;12;1061011;645693;1;1061;2182.1;Powiat m. £Ûdü;292.8501406;1049.525352;358.3830796;4.03;2296;784.0187459;763.4;260.6794036;9968.674416;2576.345711;12;S;325;4.38;359;1.02;325;4.38;330;1.42;0;1
9i7uig8jkh73;110;1;1;16;1061011;645693;1;1061;2182.1;Powiat m. £Ûdü;292.8501406;1049.525352;358.3830796;4.03;2296;784.0187459;763.4;260.6794036;8115.117899;8813.702188;3;S;4394;61.75;4445;16.05;5569;30.55;4963;14.55;1;0
9iy6wx4fuw7t;111;1;1;13;1061011;645693;1;1061;2182.1;Powiat m. £Ûdü;292.8501406;1049.525352;358.3830796;4.03;2296;784.0187459;763.4;260.6794036;11802.14902;3565.206216;20;S;3549;48.83;3516;12.1;3914;22.72;3516;13.65;0;0
9mm26obd4ci7;112;1;1;18;1061011;645693;1;1061;2182.1;Powiat m. £Ûdü;292.8501406;1049.525352;358.3830796;4.03;2296;784.0187459;763.4;260.6794036;8123.983199;16783.94954;6;S;3926;52.85;4104;13.65;4234;19.95;4594;16.03;0;0
9ts43ypx4kp9;113;1;1;17;1016011;56681;2;1016;106;Powiat tomaszowski;1023.091277;198.4567764;19.39775862;7.99;616;60.20968156;975.8;95.3776092;10311.77405;10726.73201;3;S;1504;20.37;1723;5.35;1944;16.95;2017;4.4;0;0
9vw8yca72io7;114;1;1;14;1061011;645693;1;1061;2182.1;Powiat m. £Ûdü;292.8501406;1049.525352;358.3830796;4.03;2296;784.0187459;763.4;260.6794036;9693.362647;2696.295607;13;S;598;8.37;598;2.13;598;8.37;598;3.05;0;1
9yl3yai8bbi4;115;1;0;16;1012011;42412;2;1012;72.5;Powiat radomszczaÒski;1441.229323;125.7545581;8.725506492;2.07;833;57.79788039;1190.9;82.63084725;3942.602815;0;3;S;3748;52.77;4779;16.52;3748;52.77;3744;7.22;1;1
9zf39gaa3ay3;116;1;1;18;1017094;20141;2;1017;77.1;Powiat wieluÒski;924.9576466;121.9433161;13.18366485;5.58;548;59.24595597;873.6;94.44756776;9806.575436;6036.921912;5;S;2476;33.97;2545;8.63;2476;33.97;3075;7.38;0;0
4g4fog98arl8;117;1;1;16;1061011;645693;1;1061;2182.1;Powiat m. £Ûdü;292.8501406;1049.525352;358.3830796;4.03;2296;784.0187459;763.4;260.6794036;11257.85856;5458.632367;10;S;1062;14.88;1490;5.35;1062;14.88;1941;6.43;0;1
6v4ru436byk2;118;1;0;17;1061011;645693;1;1061;2182.1;Powiat m. £Ûdü;292.8501406;1049.525352;358.3830796;4.03;2296;784.0187459;763.4;260.6794036;12475.11073;6376.522371;10;S;3941;55.4;4200;13.62;12928;42.27;5433;12.58;1;0
4myc3jiy9zca;119;1;0;11;1061011;645693;1;1061;2182.1;Powiat m. £Ûdü;292.8501406;1049.525352;358.3830796;4.03;2296;784.0187459;763.4;260.6794036;12229.60146;10164.31605;10;S;301;3.98;301;0.8;301;3.98;445;2.35;1;1
8ve3dyb7uc23;120;1;0;16;1061011;645693;1;1061;2182.1;Powiat m. £Ûdü;292.8501406;1049.525352;358.3830796;4.03;2296;784.0187459;763.4;260.6794036;10260.45235;9306.274946;12;S;633;8.75;709;2.13;633;8.75;747;3.9;0;1
4zw9gve83zo9;121;1;0;18;1016011;56681;2;1016;106;Powiat tomaszowski;1023.091277;198.4567764;19.39775862;7.99;616;60.20968156;975.8;95.3776092;6690.695787;2766.584909;5;S;1530;21.45;1772;7.83;1530;21.45;1796;3.52;0;0
4sw4bul2pmj9;122;1;0;16;1016062;7146;3;1016;106;Powiat tomaszowski;1023.091277;198.4567764;19.39775862;7.99;616;60.20968156;975.8;95.3776092;4404.877821;0;1;S;7689;103.65;7805;25.12;23285;86.58;7816;10.73;0;1
3on3vhz6zrn8;123;1;1;16;1061011;645693;1;1061;2182.1;Powiat m. £Ûdü;292.8501406;1049.525352;358.3830796;4.03;2296;784.0187459;763.4;260.6794036;11298.68502;4710.591122;10;S;3708;51.78;5116;16.02;4375;28.88;4543;11.45;0;0
3839epo2inw7;124;1;1;16;1016011;56681;2;1016;106;Powiat tomaszowski;1023.091277;198.4567764;19.39775862;7.99;616;60.20968156;975.8;95.3776092;10761.08346;7275.610273;6;S;2457;34.42;2856;11.93;3789;21.72;2677;6.55;1;0
9pb7nn2x6od4;125;1;1;16;1016042;4790;3;1016;106;Powiat tomaszowski;1023.091277;198.4567764;19.39775862;7.99;616;60.20968156;975.8;95.3776092;15216.95673;523.7336828;3;S;18979;256.35;21411;65.22;;;21672;18.8;0;0
72gyl9oi8zxu;126;1;1;17;1010022;4026;3;1010;62.4;Powiat piotrkowski;1426.409646;162.5195004;11.39360638;2.45;896;62.81505476;1306.2;91.57257202;6265.331198;1317.35868;1;S;23995;325.53;29323;89.97;51631;126.78;24504;30.62;0;0
4r7j47izd969;127;1;1;17;1061011;645693;1;1061;2182.1;Powiat m. £Ûdü;292.8501406;1049.525352;358.3830796;4.03;2296;784.0187459;763.4;260.6794036;6807.680437;2762.822206;4;S;5332;72.43;5331;16;5852;22.82;5800;9.85;0;0
7j3hiw696yp3;128;1;1;16;1061011;645693;1;1061;2182.1;Powiat m. £Ûdü;292.8501406;1049.525352;358.3830796;4.03;2296;784.0187459;763.4;260.6794036;9947.246742;1459.989709;9;S;5883;82.88;6278;23.87;8012;38.97;6281;15.9;0;0
7jo77gnl2d88;129;1;1;17;1016011;56681;2;1016;106;Powiat tomaszowski;1023.091277;198.4567764;19.39775862;7.99;616;60.20968156;975.8;95.3776092;9199.945896;639.6576569;5;S;3535;49.3;3727;11.93;5605;16.87;3694;6.4;0;0
8lx4tsy6dpc6;130;1;0;16;1016092;11492;2;1016;106;Powiat tomaszowski;1023.091277;198.4567764;19.39775862;7.99;616;60.20968156;975.8;95.3776092;7614.934333;0;2;S;3644;49.42;4349;13.48;5939;23.83;3751;8.5;0;0
34i3f2gbm4l9;131;1;1;17;1061011;645693;1;1061;2182.1;Powiat m. £Ûdü;292.8501406;1049.525352;358.3830796;4.03;2296;784.0187459;763.4;260.6794036;6314.532156;4907.52221;3;S;4677;65.52;4977;18.45;10162;48.6;5184;14.83;;
8jd2y7t9n2c3;132;1;1;17;1016062;7146;3;1016;106;Powiat tomaszowski;1023.091277;198.4567764;19.39775862;7.99;616;60.20968156;975.8;95.3776092;3133.678395;0;1;S;12028;162.95;14111;44.7;19836;72.37;13999;16.28;1;0
9cu94w4sfp69;133;1;1;17;1016062;7146;3;1016;106;Powiat tomaszowski;1023.091277;198.4567764;19.39775862;7.99;616;60.20968156;975.8;95.3776092;1848.151093;0;2;S;16585;223.93;18668;57.33;;;18555;20.03;0;0
2xu3u9cmz6o6;134;1;0;16;1016011;56681;2;1016;106;Powiat tomaszowski;1023.091277;198.4567764;19.39775862;7.99;616;60.20968156;975.8;95.3776092;9259.709222;4805.456299;8;S;2335;32.87;2388;9.73;2687;23.58;2767;5.42;0;0
3h9whv6hwy29;135;1;1;16;1061011;645693;1;1061;2182.1;Powiat m. £Ûdü;292.8501406;1049.525352;358.3830796;4.03;2296;784.0187459;763.4;260.6794036;9182.411974;10922.56924;10;S;433;6.1;434;1.37;433;6.1;861;4.02;0;1
34jc9fgd9ex6;136;1;0;17;1016062;7146;3;1016;106;Powiat tomaszowski;1023.091277;198.4567764;19.39775862;7.99;616;60.20968156;975.8;95.3776092;5718.773912;1036.791101;2;S;10302;140.08;12389;40.15;17981;47.67;12032;14.53;0;0
9czr7rfk9cz3;137;1;0;16;1016011;56681;2;1016;106;Powiat tomaszowski;1023.091277;198.4567764;19.39775862;7.99;616;60.20968156;975.8;95.3776092;11104.62735;8177.646311;7;S;2122;29.72;2615;10.45;3994;24.28;2152;5.87;0;0
7tr8cnx66jl7;138;1;0;17;1016054;765;3;1016;106;Powiat tomaszowski;1023.091277;198.4567764;19.39775862;7.99;616;60.20968156;975.8;95.3776092;2784.173113;1265.300486;0;S;17346;235.05;18111;59.83;;;17565;20.88;0;0
49os8xsx7oi4;139;1;0;16;1016011;56681;2;1016;106;Powiat tomaszowski;1023.091277;198.4567764;19.39775862;7.99;616;60.20968156;975.8;95.3776092;10570.65097;10739.6991;6;S;2441;34.12;2641;9.42;2816;27.73;2525;7.47;1;1
7mf4l4trf3ze;140;1;1;17;1061011;645693;1;1061;2182.1;Powiat m. £Ûdü;292.8501406;1049.525352;358.3830796;4.03;2296;784.0187459;763.4;260.6794036;9153.930939;9366.764227;3;S;52480;711.47;54789;168.22;68338;128.88;85633;67.5;0;0
3688cti4uea8;141;1;1;16;1016092;11492;2;1016;106;Powiat tomaszowski;1023.091277;198.4567764;19.39775862;7.99;616;60.20968156;975.8;95.3776092;5345.036563;0;1;S;4593;63.45;4944;17.3;6085;20.87;5077;8.75;0;0
4f83r7de66n6;142;1;1;16;1016092;11492;2;1016;106;Powiat tomaszowski;1023.091277;198.4567764;19.39775862;7.99;616;60.20968156;975.8;95.3776092;7636.255509;0;2;S;7445;100.57;7777;22.95;7718;32.63;7908;11.23;0;0
7mjw2chk2g83;143;1;1;16;1016104;1499;3;1016;106;Powiat tomaszowski;1023.091277;198.4567764;19.39775862;7.99;616;60.20968156;975.8;95.3776092;5176.529467;1169.548601;2;S;11238;153.65;11696;37.95;14851;41.95;13114;17.03;0;0
889tao7rvt44;144;1;0;16;1016011;56681;2;1016;106;Powiat tomaszowski;1023.091277;198.4567764;19.39775862;7.99;616;60.20968156;975.8;95.3776092;11295.22139;8973.560068;6;S;2135;29.83;2187;9.35;2751;23.27;2567;5.78;0;0
498tfd8lj6t3;145;1;0;16;1016011;56681;2;1016;106;Powiat tomaszowski;1023.091277;198.4567764;19.39775862;7.99;616;60.20968156;975.8;95.3776092;6696.687995;7700.19261;8;S;145;2.03;145;0.48;145;2.03;145;0.35;0;0
6lhd98mxj8m3;146;1;1;17;1016011;56681;2;1016;106;Powiat tomaszowski;1023.091277;198.4567764;19.39775862;7.99;616;60.20968156;975.8;95.3776092;9208.185761;9427.412991;3;S;2475;34.4;2751;10.97;3223;19.68;3279;6.53;0;0
948vaj33uch8;147;1;0;16;1016011;56681;2;1016;106;Powiat tomaszowski;1023.091277;198.4567764;19.39775862;7.99;616;60.20968156;975.8;95.3776092;12003.91902;9229.486809;7;S;2096;29.28;2199;10;3730;26.52;2145;5.97;0;0
77l6ahj37zi9;148;1;0;16;1061011;645693;1;1061;2182.1;Powiat m. £Ûdü;292.8501406;1049.525352;358.3830796;4.03;2296;784.0187459;763.4;260.6794036;11707.19358;6415.980739;24;S;4155;56.73;4584;14.53;5247;28.65;4323;10.85;;
9ko33z9t7ws8;149;1;1;16;1016011;56681;2;1016;106;Powiat tomaszowski;1023.091277;198.4567764;19.39775862;7.99;616;60.20968156;975.8;95.3776092;10952.12837;3343.078206;10;S;1006;13.97;1006;4.62;1006;13.97;1006;3.22;0;1
7fh22r6wkh7a;150;1;1;16;1006022;14838;2;1006;151;Powiat ≥Ûdzki wschodni;499.1387193;129.2560513;25.89581739;10.7;448;89.75460783;667;133.6301862;7357.584558;0;1;S;14222;195.38;14771;45.75;22486;64.68;16007;25.15;0;0
7atu6vk3oj64;151;1;0;16;1061011;645693;1;1061;2182.1;Powiat m. £Ûdü;292.8501406;1049.525352;358.3830796;4.03;2296;784.0187459;763.4;260.6794036;6433.246761;0;2;S;9316;128.52;13182;41.4;11713;39.18;11143;17.72;0;0
4s77njg9r64i;152;1;0;16;1061011;645693;1;1061;2182.1;Powiat m. £Ûdü;292.8501406;1049.525352;358.3830796;4.03;2296;784.0187459;763.4;260.6794036;15606.31315;10705.90057;11;S;719;9.8;775;2.35;719;9.8;1587;5.3;0;1
9ua7446fnv2m;153;1;0;17;1061011;645693;1;1061;2182.1;Powiat m. £Ûdü;292.8501406;1049.525352;358.3830796;4.03;2296;784.0187459;763.4;260.6794036;8310.749872;8454.752167;10;S;4660;65.55;5705;18.57;5185;27.25;5786;12.43;0;0
7je7ywm6kmh8;154;1;1;17;1008052;7656;3;1008;240.6;Powiat pabianicki;491.5247438;135.3532664;27.53742677;4.91;456;92.77254212;567.3;115.4163665;6647.570755;517.4324384;6;S;11084;154.3;11500;39.23;12113;49.68;12136;22.77;0;0
8vsc9atc2ig6;155;1;0;0;1061011;645693;1;1061;2182.1;Powiat m. £Ûdü;292.8501406;1049.525352;358.3830796;4.03;2296;784.0187459;763.4;260.6794036;9202.117374;8423.332775;3;S;735;10.27;738;2.17;735;10.27;860;2.1;;
8um48a6lg494;156;1;0;17;1061011;645693;1;1061;2182.1;Powiat m. £Ûdü;292.8501406;1049.525352;358.3830796;4.03;2296;784.0187459;763.4;260.6794036;12238.80328;6004.743052;9;S;2065;28.68;2200;7.82;2414;18.17;3554;6.7;0;1
2iou8kkj9iwm;157;1;1;16;1006075;10788;2;1006;151;Powiat ≥Ûdzki wschodni;499.1387193;129.2560513;25.89581739;10.7;448;89.75460783;667;133.6301862;2607.490201;0;0;S;16880;232.68;18439;55.42;19347;44.63;18853;28.33;0;0
7bm4y2pm7n27;158;1;1;17;1006105;8110;3;1006;151;Powiat ≥Ûdzki wschodni;499.1387193;129.2560513;25.89581739;10.7;448;89.75460783;667;133.6301862;4351.043403;707.9824837;3;S;15162;206.73;18364;57.38;;;19989;22.9;0;0
48ek47wgz9b6;159;1;0;16;1061011;645693;1;1061;2182.1;Powiat m. £Ûdü;292.8501406;1049.525352;358.3830796;4.03;2296;784.0187459;763.4;260.6794036;5028.78006;13654.93176;1;S;8100;113;9279;31.17;13841;59.85;8887;19.5;0;0
8jg9mse6chz8;160;1;;16;1061011;645693;1;1061;2182.1;Powiat m. £Ûdü;292.8501406;1049.525352;358.3830796;4.03;2296;784.0187459;763.4;260.6794036;7580.38773;12510.51797;0;S;3611;50.88;3778;13.9;4176;23.97;4971;10.9;0;0
7bf4u9ssd2u3;161;1;0;16;1061011;645693;1;1061;2182.1;Powiat m. £Ûdü;292.8501406;1049.525352;358.3830796;4.03;2296;784.0187459;763.4;260.6794036;13078.94109;11875.6848;6;S;2514;34.3;2514;7.9;4711;22.9;4769;9.43;0;0
8akx9i9grz64;162;1;1;16;1016104;1499;3;1016;106;Powiat tomaszowski;1023.091277;198.4567764;19.39775862;7.99;616;60.20968156;975.8;95.3776092;5176.529467;1169.548601;2;S;11234;153.6;11693;37.93;14848;41.9;13110;17.02;0;0
8yu7u9dsg3r9;163;1;0;16;1016092;11492;2;1016;106;Powiat tomaszowski;1023.091277;198.4567764;19.39775862;7.99;616;60.20968156;975.8;95.3776092;7265.93248;0;2;S;3413;46.3;4118;12.32;5663;19.9;3521;7.15;0;0
233k2pxo3ju3;164;1;1;9;1061011;645693;1;1061;2182.1;Powiat m. £Ûdü;292.8501406;1049.525352;358.3830796;4.03;2296;784.0187459;763.4;260.6794036;12439.86945;2324.039028;14;OR_N1;1524;20.77;2371;7.07;2093;17.83;1621;4.88;1;1
26xip874hvx8;165;1;1;18;1061011;645693;1;1061;2182.1;Powiat m. £Ûdü;292.8501406;1049.525352;358.3830796;4.03;2296;784.0187459;763.4;260.6794036;8906.049073;5924.610432;12;OR_N1;981;13.4;981;3.2;981;13.4;952;3.07;;
27zbi9vpg3z6;166;1;1;12;1008011;19276;2;1008;240.6;Powiat pabianicki;491.5247438;135.3532664;27.53742677;4.91;456;92.77254212;567.3;115.4163665;5134.879163;0;0;OR_N1;3013;41.72;3013;9.67;3013;41.72;4302;10.55;1;1
2du2axj46el8;167;1;1;16;1016011;56681;2;1016;106;Powiat tomaszowski;1023.091277;198.4567764;19.39775862;7.99;616;60.20968156;975.8;95.3776092;9642.72979;2190.58007;7;OR_N1;1095;14.95;1095;4.42;1095;14.95;1453;4.73;0;1
2dx8ntr6u3p7;168;1;1;9;1061011;645693;1;1061;2182.1;Powiat m. £Ûdü;292.8501406;1049.525352;358.3830796;4.03;2296;784.0187459;763.4;260.6794036;8275.309989;2702.630823;16;OR_N1;1529;20.98;1953;7.78;1674;17.08;1413;5.68;1;1
2ej7uw8v6437;169;1;1;18;1061011;645693;1;1061;2182.1;Powiat m. £Ûdü;292.8501406;1049.525352;358.3830796;4.03;2296;784.0187459;763.4;260.6794036;8190.114064;1661.024169;23;OR_N1;600;8.08;729;2.42;600;8.08;729;2.78;0;1
2ko2rum9mxy8;170;1;1;18;1061011;645693;1;1061;2182.1;Powiat m. £Ûdü;292.8501406;1049.525352;358.3830796;4.03;2296;784.0187459;763.4;260.6794036;12417.70073;6971.853989;10;OR_N1;8252;110.95;9004;28.72;12122;40.17;12107;25.22;0;0
2n3k6ghy89c7;171;1;0;12;1061011;645693;1;1061;2182.1;Powiat m. £Ûdü;292.8501406;1049.525352;358.3830796;4.03;2296;784.0187459;763.4;260.6794036;9056.95102;2469.217016;16;OR_N1;1548;21.2;1686;6.43;1694;17.3;2897;8.83;1;1
2o8xhr7k6nrv;172;1;1;14;1061011;645693;1;1061;2182.1;Powiat m. £Ûdü;292.8501406;1049.525352;358.3830796;4.03;2296;784.0187459;763.4;260.6794036;11773.74209;3707.15273;20;OR_N1;669;9.05;756;2.77;669;9.05;1218;6.12;;
2rc8zdf4gle9;173;1;0;16;1016112;3065;3;1016;106;Powiat tomaszowski;1023.091277;198.4567764;19.39775862;7.99;616;60.20968156;975.8;95.3776092;5412.936538;0;1;OR_N1;1501;20.27;1501;4.42;1501;20.27;2018;3.07;0;0
2xe7r3dr364v;174;1;0;11;1010022;4026;3;1010;62.4;Powiat piotrkowski;1426.409646;162.5195004;11.39360638;2.45;896;62.81505476;1306.2;91.57257202;5822.150752;0;1;OR_N1;19241;261.07;19887;59.75;68122;188.83;20392;23.2;;
2xk4nas4k249;175;1;1;17;1061011;645693;1;1061;2182.1;Powiat m. £Ûdü;292.8501406;1049.525352;358.3830796;4.03;2296;784.0187459;763.4;260.6794036;10934.81723;5786.509206;12;OR_N1;1065;14.5;1065;3.97;1161;9.42;1794;6.27;1;1
2zir9dn2hgr4;176;1;1;16;1016092;11492;2;1016;106;Powiat tomaszowski;1023.091277;198.4567764;19.39775862;7.99;616;60.20968156;975.8;95.3776092;5066.386004;144.8328213;2;OR_N1;5655;76.43;5685;17.58;9413;60.43;7543;7.35;0;0
36f82lsz2mr6;177;1;1;17;1061011;645693;1;1061;2182.1;Powiat m. £Ûdü;292.8501406;1049.525352;358.3830796;4.03;2296;784.0187459;763.4;260.6794036;10364.50176;2286.406817;6;OR_N1;2953;41.43;3964;14.07;3153;29.62;3244;7.9;0;1
3au8rjg8kra3;178;1;0;16;1020045;13380;2;1020;193.4;Powiat zgierski;853.9990645;182.2143352;21.33659658;2.18;888;103.9813785;1106.6;129.5785963;11606.15205;0;1;OR_N1;132;1.88;132;0.72;132;1.88;132;0.6;0;1
3cp9rp47jfb6;179;1;0;13;1061011;645693;1;1061;2182.1;Powiat m. £Ûdü;292.8501406;1049.525352;358.3830796;4.03;2296;784.0187459;763.4;260.6794036;10185.85035;3326.207838;14;OR_N1;4645;63.22;5132;20.12;5973;38.53;6363;14.57;1;1
3gb3vwm8hlb3;180;1;1;16;1061011;645693;1;1061;2182.1;Powiat m. £Ûdü;292.8501406;1049.525352;358.3830796;4.03;2296;784.0187459;763.4;260.6794036;9834.35267;8148.652897;6;OR_N1;4243;59.22;4505;15.33;10215;49.75;4273;13;1;0
3go4fki2ue29;181;1;1;16;1061011;645693;1;1061;2182.1;Powiat m. £Ûdü;292.8501406;1049.525352;358.3830796;4.03;2296;784.0187459;763.4;260.6794036;11344.58041;3413.189673;14;OR_N1;1182;16.48;1339;4.83;1314;10.62;1475;4.83;1;1
3ht6stl64x34;182;1;1;17;1016011;56681;2;1016;106;Powiat tomaszowski;1023.091277;198.4567764;19.39775862;7.99;616;60.20968156;975.8;95.3776092;9051.691328;5190.352661;9;OR_N1;638;8.48;638;1.72;638;8.48;1667;4.15;0;1
3on3hvn42jv3;183;1;0;18;1013011;15783;2;1013;70;Powiat rawski;645.5332469;90.80383441;14.06648455;4.73;252;39.03749361;647.5;100.3046711;9356.730973;0;0;OR_N1;1900;25.85;2208;7.62;1900;25.85;2398;5.27;1;1
3tg3ibp6zxf3;184;1;1;18;1061011;645693;1;1061;2182.1;Powiat m. £Ûdü;292.8501406;1049.525352;358.3830796;4.03;2296;784.0187459;763.4;260.6794036;8644.531516;9096.997373;2;OR_N1;608;8.28;611;1.82;608;8.28;564;2.38;0;1
3x6k8mg2fvh6;185;1;0;16;1016092;11492;2;1016;106;Powiat tomaszowski;1023.091277;198.4567764;19.39775862;7.99;616;60.20968156;975.8;95.3776092;6026.822418;0;0;OR_N1;1153;15.6;1153;3.37;1153;15.6;4224;6.2;0;0
3xbe9s3xy8o4;186;1;1;10;1061011;645693;1;1061;2182.1;Powiat m. £Ûdü;292.8501406;1049.525352;358.3830796;4.03;2296;784.0187459;763.4;260.6794036;8576.899613;3397.02132;16;OR_N1;309;4.53;327;2.63;309;4.53;2232;7.9;;
3y2lsk8l49b4;187;1;0;7;1061011;645693;1;1061;2182.1;Powiat m. £Ûdü;292.8501406;1049.525352;358.3830796;4.03;2296;784.0187459;763.4;260.6794036;10223.57553;11311.05842;6;OR_N1;1011;13.37;1036;2.77;1011;13.37;765;1.55;0;1
3z4f7gi3w7xe;188;1;0;15;1061011;645693;1;1061;2182.1;Powiat m. £Ûdü;292.8501406;1049.525352;358.3830796;4.03;2296;784.0187459;763.4;260.6794036;7027.07254;7622.31247;9;OR_N1;527;7.3;530;2.5;527;7.3;530;1.82;;
42srw7uo87m7;189;1;1;17;1009052;4876;3;1009;59.1;Powiat pajÍczaÒski;803.0385073;66.0912157;8.230142776;16.28;280;34.8675683;627.1;78.09090029;3590.790245;0;3;OR_N1;87;1.2;87;0.27;87;1.2;87;0.15;0;1
42tsi2klr8a9;190;1;0;12;1061011;645693;1;1061;2182.1;Powiat m. £Ûdü;292.8501406;1049.525352;358.3830796;4.03;2296;784.0187459;763.4;260.6794036;11739.31906;4261.189338;6;OR_N1;248;3.52;326;1.92;248;3.52;1638;3.72;0;1
476pyf7mzi93;191;1;1;16;1020011;12956;2;1020;193.4;Powiat zgierski;853.9990645;182.2143352;21.33659658;2.18;888;103.9813785;1106.6;129.5785963;3277.529619;378.8529425;0;OR_N1;34088;470.65;42428;138.87;42692;100.05;35938;47.12;0;1
47gw3dym2wp3;192;1;0;11;1061011;645693;1;1061;2182.1;Powiat m. £Ûdü;292.8501406;1049.525352;358.3830796;4.03;2296;784.0187459;763.4;260.6794036;13279.58359;4874.043571;10;OR_N1;809;10.85;809;4.92;809;10.85;2351;7.02;0;1
4af9frv8ctg9;193;1;1;18;1061011;645693;1;1061;2182.1;Powiat m. £Ûdü;292.8501406;1049.525352;358.3830796;4.03;2296;784.0187459;763.4;260.6794036;12495.11962;10407.26663;4;OR_N1;1532;20.45;1539;4.37;1687;11.82;2505;5.53;0;1
4an62jin83w9;194;1;1;16;1061011;645693;1;1061;2182.1;Powiat m. £Ûdü;292.8501406;1049.525352;358.3830796;4.03;2296;784.0187459;763.4;260.6794036;11319.27252;11284.2932;6;OR_N1;994;13.32;994;3.28;994;13.32;1604;4.05;;
4bu4ne3uhm37;195;1;1;17;1001072;8116;3;1001;110.8;Powiat be≥chatowski;966.2626658;198.2751399;20.51979724;14.05;961;99.45535868;943.4;97.63390778;5919.398048;1192.876914;0;OR_N1;982;13.53;1145;3.77;982;13.53;990;3.47;1;1
4jg2zp2rmh47;196;1;1;16;1061011;645693;1;1061;2182.1;Powiat m. £Ûdü;292.8501406;1049.525352;358.3830796;4.03;2296;784.0187459;763.4;260.6794036;7407.928761;9896.721601;9;OR_N1;10164;141.28;11341;40.63;11520;56.52;11889;25.42;;
4tc49psw89d4;198;1;1;17;1001072;8116;3;1001;110.8;Powiat be≥chatowski;966.2626658;198.2751399;20.51979724;14.05;961;99.45535868;943.4;97.63390778;3843.194407;0;2;OR_N1;22976;311.75;23680;73.37;23906;44.58;22638;24.3;0;0
4xx4s7jse6n4;199;1;1;16;1020085;9675;3;1020;193.4;Powiat zgierski;853.9990645;182.2143352;21.33659658;2.18;888;103.9813785;1106.6;129.5785963;3359.823334;0;0;OR_N1;984;13.15;984;2.83;984;13.15;984;2.58;0;1
6d36nm7pzj86;200;1;1;16;1016032;2069;3;1016;106;Powiat tomaszowski;1023.091277;198.4567764;19.39775862;7.99;616;60.20968156;975.8;95.3776092;4758.173036;0;1;OR_N1;18710;250.72;20687;61.17;;;20386;20.77;1;0
6hx2yg9sv774;201;1;1;13;1061011;645693;1;1061;2182.1;Powiat m. £Ûdü;292.8501406;1049.525352;358.3830796;4.03;2296;784.0187459;763.4;260.6794036;12274.89621;7306.47684;8;OR_N1;539;7.23;671;1.88;539;7.23;770;3.05;0;1
6k499kz2gx99;202;1;1;18;1016072;5984;3;1016;106;Powiat tomaszowski;1023.091277;198.4567764;19.39775862;7.99;616;60.20968156;975.8;95.3776092;4807.81025;1101.43564;4;OR_N1;27346;372.38;28609;86.22;33182;89.88;28134;36.62;;
6pz7mb6nrp99;203;1;1;18;1061011;645693;1;1061;2182.1;Powiat m. £Ûdü;292.8501406;1049.525352;358.3830796;4.03;2296;784.0187459;763.4;260.6794036;12272.17438;10852.56545;6;OR_N1;900;12.73;900;3.75;900;12.73;776;2.5;0;1
6rzb33d28el6;204;1;0;18;1013011;15783;2;1013;70;Powiat rawski;645.5332469;90.80383441;14.06648455;4.73;252;39.03749361;647.5;100.3046711;6405.453483;0;0;OR_N1;1188;15.93;1188;3.55;1188;15.93;1089;1.88;;
6to2po2ecb69;205;1;0;18;1061011;645693;1;1061;2182.1;Powiat m. £Ûdü;292.8501406;1049.525352;358.3830796;4.03;2296;784.0187459;763.4;260.6794036;8121.147336;10132.2345;9;OR_N1;7281;102.53;8336;29.97;9099;38.7;8847;20.1;1;1
6vd6nsa7bo43;206;1;0;11;1061011;645693;1;1061;2182.1;Powiat m. £Ûdü;292.8501406;1049.525352;358.3830796;4.03;2296;784.0187459;763.4;260.6794036;10334.07983;10701.68234;6;OR_N1;249;3.3;251;0.67;249;3.3;204;0.85;1;1
6vw884jia7vs;207;1;1;9;1061011;645693;1;1061;2182.1;Powiat m. £Ûdü;292.8501406;1049.525352;358.3830796;4.03;2296;784.0187459;763.4;260.6794036;12680.22482;3722.511044;11;OR_N1;819;11.02;1763;5.98;819;11.02;2325;6.92;1;1
722wv6i8eza8;208;1;1;12;1006082;5811;3;1006;151;Powiat ≥Ûdzki wschodni;499.1387193;129.2560513;25.89581739;10.7;448;89.75460783;667;133.6301862;5748.39385;264.4064392;4;OR_N1;5562;76.62;5562;18.45;6066;22.67;5562;8.93;;
72hi2n74vau7;209;1;0;13;1061011;645693;1;1061;2182.1;Powiat m. £Ûdü;292.8501406;1049.525352;358.3830796;4.03;2296;784.0187459;763.4;260.6794036;14949.96648;1511.054291;15;OR_N1;932;12.95;1049;4.25;1106;8.63;1116;2.25;0;1
73ayd2h7seb3;210;1;1;16;1012042;5606;3;1012;72.5;Powiat radomszczaÒski;1441.229323;125.7545581;8.725506492;2.07;833;57.79788039;1190.9;82.63084725;5958.68693;2184.950857;1;OR_N1;14032;191.25;16319;53.78;15040;61.62;14139;19.37;;
74wis3tyl8y6;211;1;1;15;1061011;645693;1;1061;2182.1;Powiat m. £Ûdü;292.8501406;1049.525352;358.3830796;4.03;2296;784.0187459;763.4;260.6794036;8339.263574;5184.172472;9;OR_N1;524;6.97;524;1.48;524;6.97;296;0.72;1;1
7c94t9elp9c3;212;1;1;12;1061011;645693;1;1061;2182.1;Powiat m. £Ûdü;292.8501406;1049.525352;358.3830796;4.03;2296;784.0187459;763.4;260.6794036;11060.95797;6826.706303;12;OR_N1;372;4.78;372;0.85;372;4.78;283;1.2;;
7de2vma2xvh3;213;1;1;17;1012142;4735;3;1012;72.5;Powiat radomszczaÒski;1441.229323;125.7545581;8.725506492;2.07;833;57.79788039;1190.9;82.63084725;5155.598929;351.9768498;1;OR_N1;2103;28.68;2103;7.17;2103;28.68;2103;3.4;1;1
7dv6llr6zbx3;214;1;1;16;1061011;645693;1;1061;2182.1;Powiat m. £Ûdü;292.8501406;1049.525352;358.3830796;4.03;2296;784.0187459;763.4;260.6794036;6825.153418;2325.589667;2;OR_N1;1170;16.08;1174;4.02;1170;16.08;1221;3.4;0;1
7hu39ehn8dx8;215;1;0;14;1063011;45121;2;1063;1295.2;Powiat m. Skierniewice;34.55875472;71.15621041;205.8992316;6.85;187;541.1074604;143;413.788058;12663.86334;4668.23965;5;OR_N1;298;4.32;1044;3.52;298;4.32;1044;2.72;1;1
7kx8gnn6gku6;216;1;0;15;1020044;22023;2;1020;193.4;Powiat zgierski;853.9990645;182.2143352;21.33659658;2.18;888;103.9813785;1106.6;129.5785963;7723.5086;0;0;OR_N1;479;6.55;479;1.42;479;6.55;479;1.5;;
7lv8b2pgg6s6;217;1;0;13;1061011;645693;1;1061;2182.1;Powiat m. £Ûdü;292.8501406;1049.525352;358.3830796;4.03;2296;784.0187459;763.4;260.6794036;8931.032738;8699.408424;4;OR_N1;526;6.97;597;1.55;526;6.97;796;3.97;;
7o2dmi4lho6a;218;1;1;17;1016092;11492;2;1016;106;Powiat tomaszowski;1023.091277;198.4567764;19.39775862;7.99;616;60.20968156;975.8;95.3776092;4970.05896;144.8328213;3;OR_N1;187;2.52;187;0.57;187;2.52;187;0.22;0;1
7o9p4n8nzh93;219;1;1;10;1008052;7656;3;1008;240.6;Powiat pabianicki;491.5247438;135.3532664;27.53742677;4.91;456;92.77254212;567.3;115.4163665;5797.552486;752.7879757;4;OR_N1;3498;46.73;3498;10.17;3498;46.73;4216;7.37;0;0
7p27gdp9zj97;220;1;1;18;1061011;645693;1;1061;2182.1;Powiat m. £Ûdü;292.8501406;1049.525352;358.3830796;4.03;2296;784.0187459;763.4;260.6794036;11532.87888;3506.918817;7;OR_N1;619;8.6;772;3.4;619;8.6;998;3.97;;
7pr6zb9uw8k7;221;1;0;18;1012011;42412;2;1012;72.5;Powiat radomszczaÒski;1441.229323;125.7545581;8.725506492;2.07;833;57.79788039;1190.9;82.63084725;10967.05271;2348.609729;7;OR_N1;668;9.62;668;2.68;668;9.62;668;1.78;;
7rm48jw6w766;222;1;1;18;1061011;645693;1;1061;2182.1;Powiat m. £Ûdü;292.8501406;1049.525352;358.3830796;4.03;2296;784.0187459;763.4;260.6794036;11604.71875;10827.98871;6;OR_N1;4989;70.17;5950;19.53;7237;37.62;6210;17.63;0;0
7wc7fma2ag77;223;1;1;17;1016062;7146;3;1016;106;Powiat tomaszowski;1023.091277;198.4567764;19.39775862;7.99;616;60.20968156;975.8;95.3776092;4068.116669;73.5026774;1;OR_N1;930;12.5;930;3.1;930;12.5;930;1.42;1;1
83bi7nhl3wm6;224;1;1;17;1061011;645693;1;1061;2182.1;Powiat m. £Ûdü;292.8501406;1049.525352;358.3830796;4.03;2296;784.0187459;763.4;260.6794036;10092.50843;2951.650447;2;OR_N1;989;13.58;1074;3.73;989;13.58;1650;5.12;;
8eg9hd9mfm7r;225;1;1;15;1016072;5984;3;1016;106;Powiat tomaszowski;1023.091277;198.4567764;19.39775862;7.99;616;60.20968156;975.8;95.3776092;3425.027828;71.45405789;0;OR_N1;382;5.35;382;1.13;382;5.35;382;0.55;0;1
8fj2yja69ug7;226;1;1;18;1061011;645693;1;1061;2182.1;Powiat m. £Ûdü;292.8501406;1049.525352;358.3830796;4.03;2296;784.0187459;763.4;260.6794036;9670.024441;6119.346317;19;OR_N1;623;8.28;626;1.65;623;8.28;876;3.72;;
8he7ybk732j4;227;1;0;18;1013011;15783;2;1013;70;Powiat rawski;645.5332469;90.80383441;14.06648455;4.73;252;39.03749361;647.5;100.3046711;6341.743212;0;0;OR_N1;1128;15.1;1128;3.35;1128;15.1;1224;2.25;1;1
8j23srv6j7e6;228;1;0;18;1012011;42412;2;1012;72.5;Powiat radomszczaÒski;1441.229323;125.7545581;8.725506492;2.07;833;57.79788039;1190.9;82.63084725;11017.09857;2348.609729;7;OR_N1;664;9.57;664;2.67;664;9.57;664;1.78;1;1
8ru6zac4h6bz;229;1;1;14;1008011;19276;2;1008;240.6;Powiat pabianicki;491.5247438;135.3532664;27.53742677;4.91;456;92.77254212;567.3;115.4163665;5595.456756;0;0;OR_N1;692;9.37;692;2.03;692;9.37;692;2.45;1;1
8rx4hrv2hl66;230;1;0;15;1063011;45121;2;1063;1295.2;Powiat m. Skierniewice;34.55875472;71.15621041;205.8992316;6.85;187;541.1074604;143;413.788058;10406.2918;3718.434591;7;OR_N1;694;9.55;1019;4.25;694;9.55;1063;3.57;;
8ut24lsg7sat;231;1;0;7;1061011;645693;1;1061;2182.1;Powiat m. £Ûdü;292.8501406;1049.525352;358.3830796;4.03;2296;784.0187459;763.4;260.6794036;8163.53138;9021.815222;2;OR_N1;485;6.4;509;1.35;485;6.4;1648;4.85;;
93buz4udu9m7;232;1;1;16;1020031;52938;2;1020;193.4;Powiat zgierski;853.9990645;182.2143352;21.33659658;2.18;888;103.9813785;1106.6;129.5785963;9119.727001;1304.081742;6;OR_N1;10869;149.9;11227;39.63;13256;42.42;11467;25.67;1;1
94ggd4iiy8f7;233;1;0;15;1012011;42412;2;1012;72.5;Powiat radomszczaÒski;1441.229323;125.7545581;8.725506492;2.07;833;57.79788039;1190.9;82.63084725;6643.388115;0;4;OR_N1;232;3.22;232;1.02;232;3.22;232;0.63;1;1
94jeu24oxi69;234;1;1;17;1012132;4243;3;1012;72.5;Powiat radomszczaÒski;1441.229323;125.7545581;8.725506492;2.07;833;57.79788039;1190.9;82.63084725;5352.295104;0;0;OR_N1;16510;220.57;16510;48.95;;;16510;18.52;0;0
96h7o9if2jh8;235;1;1;18;1061011;645693;1;1061;2182.1;Powiat m. £Ûdü;292.8501406;1049.525352;358.3830796;4.03;2296;784.0187459;763.4;260.6794036;13316.58839;9242.969011;13;OR_N1;1079;14.38;1143;4.93;1840;12.87;2864;8.07;0;1
9mm26obd4ci7;236;1;1;18;1061011;645693;1;1061;2182.1;Powiat m. £Ûdü;292.8501406;1049.525352;358.3830796;4.03;2296;784.0187459;763.4;260.6794036;8123.983199;16783.94954;6;OR_N1;456;6.13;501;1.82;456;6.13;539;2.32;0;1
9yl3yai8bbi4;237;1;0;16;1012011;42412;2;1012;72.5;Powiat radomszczaÒski;1441.229323;125.7545581;8.725506492;2.07;833;57.79788039;1190.9;82.63084725;3942.602815;0;3;OR_N1;611;8.27;627;2.15;611;8.27;611;1.33;0;0
9zf39gaa3ay3;238;1;1;18;1017094;20141;2;1017;77.1;Powiat wieluÒski;924.9576466;121.9433161;13.18366485;5.58;548;59.24595597;873.6;94.44756776;9806.575436;6036.921912;5;OR_N1;3678;50.53;4006;12.75;3678;50.53;4075;8.28;;
4myc3jiy9zca;239;1;0;11;1061011;645693;1;1061;2182.1;Powiat m. £Ûdü;292.8501406;1049.525352;358.3830796;4.03;2296;784.0187459;763.4;260.6794036;12229.60146;10164.31605;10;OR_N1;402;5.32;413;3.32;402;5.32;1657;5.57;;
4sw4bul2pmj9;240;1;0;16;1016062;7146;3;1016;106;Powiat tomaszowski;1023.091277;198.4567764;19.39775862;7.99;616;60.20968156;975.8;95.3776092;4404.877821;0;1;OR_N1;7549;100.9;7637;22.63;22655;81.52;8064;11.5;0;0
3839epo2inw7;241;1;1;16;1016011;56681;2;1016;106;Powiat tomaszowski;1023.091277;198.4567764;19.39775862;7.99;616;60.20968156;975.8;95.3776092;10761.08346;7275.610273;6;OR_N1;1535;20.42;1565;5.02;3052;15.27;2613;6.55;1;0
9pb7nn2x6od4;242;1;1;16;1016042;4790;3;1016;106;Powiat tomaszowski;1023.091277;198.4567764;19.39775862;7.99;616;60.20968156;975.8;95.3776092;15216.95673;523.7336828;3;OR_N1;18435;247.75;22108;66.43;;;20606;15.98;;
72gyl9oi8zxu;243;1;1;17;1010022;4026;3;1010;62.4;Powiat piotrkowski;1426.409646;162.5195004;11.39360638;2.45;896;62.81505476;1306.2;91.57257202;6265.331198;1317.35868;1;OR_N1;690;9.02;851;2.07;690;9.02;665;0.65;1;1
4r7j47izd969;244;1;1;17;1061011;645693;1;1061;2182.1;Powiat m. £Ûdü;292.8501406;1049.525352;358.3830796;4.03;2296;784.0187459;763.4;260.6794036;6807.680437;2762.822206;4;OR_N1;1635;22.52;1635;5.17;1852;10.42;1648;3.9;1;1
7j3hiw696yp3;245;1;1;16;1061011;645693;1;1061;2182.1;Powiat m. £Ûdü;292.8501406;1049.525352;358.3830796;4.03;2296;784.0187459;763.4;260.6794036;9947.246742;1459.989709;9;OR_N1;3793;52.17;4230;14.25;4876;27.97;4170;8;1;0
7jo77gnl2d88;246;1;1;17;1016011;56681;2;1016;106;Powiat tomaszowski;1023.091277;198.4567764;19.39775862;7.99;616;60.20968156;975.8;95.3776092;9199.945896;639.6576569;5;OR_N1;61;0.78;61;0.15;61;0.78;61;0.12;;
8lx4tsy6dpc6;247;1;0;16;1016092;11492;2;1016;106;Powiat tomaszowski;1023.091277;198.4567764;19.39775862;7.99;616;60.20968156;975.8;95.3776092;7614.934333;0;2;OR_N1;3737;50.77;3911;13.38;5425;24.95;3820;9.62;;
2xu3u9cmz6o6;248;1;0;16;1016011;56681;2;1016;106;Powiat tomaszowski;1023.091277;198.4567764;19.39775862;7.99;616;60.20968156;975.8;95.3776092;9259.709222;4805.456299;8;OR_N1;2245;31.12;2615;7.75;2966;17.07;3022;7.22;;
34jc9fgd9ex6;249;1;0;17;1016062;7146;3;1016;106;Powiat tomaszowski;1023.091277;198.4567764;19.39775862;7.99;616;60.20968156;975.8;95.3776092;5718.773912;1036.791101;2;OR_N1;564;7.75;564;2.07;564;7.75;564;1.73;;
9czr7rfk9cz3;250;1;0;16;1016011;56681;2;1016;106;Powiat tomaszowski;1023.091277;198.4567764;19.39775862;7.99;616;60.20968156;975.8;95.3776092;11104.62735;8177.646311;7;OR_N1;1461;19.83;1614;5.15;2985;14.37;1574;4.35;0;1
49os8xsx7oi4;251;1;0;16;1016011;56681;2;1016;106;Powiat tomaszowski;1023.091277;198.4567764;19.39775862;7.99;616;60.20968156;975.8;95.3776092;10570.65097;10739.6991;6;OR_N1;2211;29.63;2411;7.43;2357;24.43;2296;5.78;1;1
498tfd8lj6t3;252;1;0;16;1016011;56681;2;1016;106;Powiat tomaszowski;1023.091277;198.4567764;19.39775862;7.99;616;60.20968156;975.8;95.3776092;6696.687995;7700.19261;8;OR_N1;1966;26.28;2253;6.3;1966;26.28;2253;4.47;;
77l6ahj37zi9;253;1;0;16;1061011;645693;1;1061;2182.1;Powiat m. £Ûdü;292.8501406;1049.525352;358.3830796;4.03;2296;784.0187459;763.4;260.6794036;11707.19358;6415.980739;24;OR_N1;2462;33.07;2462;7.98;2987;16.33;2462;5.72;0;0
7fh22r6wkh7a;254;1;1;16;1006022;14838;2;1006;151;Powiat ≥Ûdzki wschodni;499.1387193;129.2560513;25.89581739;10.7;448;89.75460783;667;133.6301862;7357.584558;0;1;OR_N1;14107;194.48;14878;46.87;22742;68.67;16017;25.28;;
7atu6vk3oj64;255;1;0;16;1061011;645693;1;1061;2182.1;Powiat m. £Ûdü;292.8501406;1049.525352;358.3830796;4.03;2296;784.0187459;763.4;260.6794036;6433.246761;0;2;OR_N1;9325;129.27;13264;42.75;12775;42.97;10201;15.33;;
828ura4v8gk3;256;1;0;16;1006022;14838;2;1006;151;Powiat ≥Ûdzki wschodni;499.1387193;129.2560513;25.89581739;10.7;448;89.75460783;667;133.6301862;9062.169803;3838.803007;4;OR_N1;860;11.6;893;2.45;860;11.6;901;2.5;;
48ek47wgz9b6;257;1;0;16;1061011;645693;1;1061;2182.1;Powiat m. £Ûdü;292.8501406;1049.525352;358.3830796;4.03;2296;784.0187459;763.4;260.6794036;5028.78006;13654.93176;1;OR_N1;7387;99.82;8200;28.78;8470;56.27;8333;18.32;;
8jg9mse6chz8;258;1;;16;1061011;645693;1;1061;2182.1;Powiat m. £Ûdü;292.8501406;1049.525352;358.3830796;4.03;2296;784.0187459;763.4;260.6794036;7580.38773;12510.51797;0;OR_N1;68;0.87;68;0.15;68;0.87;517;2.02;;
8akx9i9grz64;259;1;1;16;1016104;1499;3;1016;106;Powiat tomaszowski;1023.091277;198.4567764;19.39775862;7.99;616;60.20968156;975.8;95.3776092;5176.529467;1169.548601;2;OR_N1;1880;26.62;1880;7.03;2622;15.73;1880;2.87;0;1
8yu7u9dsg3r9;260;1;0;16;1016092;11492;2;1016;106;Powiat tomaszowski;1023.091277;198.4567764;19.39775862;7.99;616;60.20968156;975.8;95.3776092;7265.93248;0;2;OR_N1;3499;47.58;3673;12.2;5142;20.95;3582;8.23;;
233k2pxo3ju3;261;1;1;9;1061011;645693;1;1061;2182.1;Powiat m. £Ûdü;292.8501406;1049.525352;358.3830796;4.03;2296;784.0187459;763.4;260.6794036;12439.86945;2324.039028;14;OR_N2;1172;16.72;1462;6.53;2011;16.67;1499;6.3;1;1
26xip874hvx8;262;1;1;18;1061011;645693;1;1061;2182.1;Powiat m. £Ûdü;292.8501406;1049.525352;358.3830796;4.03;2296;784.0187459;763.4;260.6794036;8906.049073;5924.610432;12;OR_N2;1233;17.15;1265;5.13;1436;13.18;1283;4.22;;
27zbi9vpg3z6;263;1;1;12;1008011;19276;2;1008;240.6;Powiat pabianicki;491.5247438;135.3532664;27.53742677;4.91;456;92.77254212;567.3;115.4163665;5134.879163;0;0;OR_N2;177;2.38;177;0.47;177;2.38;177;0.67;1;1
2du2axj46el8;264;1;1;16;1016011;56681;2;1016;106;Powiat tomaszowski;1023.091277;198.4567764;19.39775862;7.99;616;60.20968156;975.8;95.3776092;9642.72979;2190.58007;7;OR_N2;1383;18.87;1750;5.73;1383;18.87;937;3.52;1;1
2dx8ntr6u3p7;265;1;1;9;1061011;645693;1;1061;2182.1;Powiat m. £Ûdü;292.8501406;1049.525352;358.3830796;4.03;2296;784.0187459;763.4;260.6794036;8275.309989;2702.630823;16;OR_N2;1951;26.67;2125;8.27;2096;22.75;3141;9.63;1;1
2ej7uw8v6437;266;1;1;18;1061011;645693;1;1061;2182.1;Powiat m. £Ûdü;292.8501406;1049.525352;358.3830796;4.03;2296;784.0187459;763.4;260.6794036;8190.114064;1661.024169;23;OR_N2;344;5.18;344;3.02;344;5.18;591;2.83;0;1
2n3k6ghy89c7;267;1;0;12;1061011;645693;1;1061;2182.1;Powiat m. £Ûdü;292.8501406;1049.525352;358.3830796;4.03;2296;784.0187459;763.4;260.6794036;9056.95102;2469.217016;16;OR_N2;6904;95.05;7624;23.82;7391;34.12;7297;15.82;1;1
2o8xhr7k6nrv;268;1;1;14;1061011;645693;1;1061;2182.1;Powiat m. £Ûdü;292.8501406;1049.525352;358.3830796;4.03;2296;784.0187459;763.4;260.6794036;11773.74209;3707.15273;20;OR_N2;1727;24.05;2154;8.5;2650;21.18;1959;6.92;;
2rc8zdf4gle9;269;1;0;16;1016112;3065;3;1016;106;Powiat tomaszowski;1023.091277;198.4567764;19.39775862;7.99;616;60.20968156;975.8;95.3776092;5412.936538;0;1;OR_N2;1013;14;1013;4.2;1013;14;1439;1.77;1;1
2xe7r3dr364v;270;1;0;11;1010022;4026;3;1010;62.4;Powiat piotrkowski;1426.409646;162.5195004;11.39360638;2.45;896;62.81505476;1306.2;91.57257202;5822.150752;0;1;OR_N2;2125;28.35;2188;6.57;2125;28.35;2125;2.48;1;1
2xk4nas4k249;271;1;1;17;1061011;645693;1;1061;2182.1;Powiat m. £Ûdü;292.8501406;1049.525352;358.3830796;4.03;2296;784.0187459;763.4;260.6794036;10934.81723;5786.509206;12;OR_N2;2055;28.07;2055;7.38;3316;22.73;2228;6.5;1;1
2zir9dn2hgr4;272;1;1;16;1016092;11492;2;1016;106;Powiat tomaszowski;1023.091277;198.4567764;19.39775862;7.99;616;60.20968156;975.8;95.3776092;5066.386004;144.8328213;2;OR_N2;260;3.48;260;0.77;260;3.48;260;0.3;0;1
36f82lsz2mr6;273;1;1;17;1061011;645693;1;1061;2182.1;Powiat m. £Ûdü;292.8501406;1049.525352;358.3830796;4.03;2296;784.0187459;763.4;260.6794036;10364.50176;2286.406817;6;OR_N2;8111;110.58;8783;27.62;13404;64.9;11309;18.83;0;0
3au8rjg8kra3;274;1;0;16;1020045;13380;2;1020;193.4;Powiat zgierski;853.9990645;182.2143352;21.33659658;2.18;888;103.9813785;1106.6;129.5785963;11606.15205;0;1;OR_N2;646;9.18;661;2.58;646;9.18;661;1.78;1;1
3cp9rp47jfb6;275;1;0;13;1061011;645693;1;1061;2182.1;Powiat m. £Ûdü;292.8501406;1049.525352;358.3830796;4.03;2296;784.0187459;763.4;260.6794036;10185.85035;3326.207838;14;OR_N2;3649;50.17;3940;17.22;4585;29.97;3902;11.43;1;1
3gb3vwm8hlb3;276;1;1;16;1061011;645693;1;1061;2182.1;Powiat m. £Ûdü;292.8501406;1049.525352;358.3830796;4.03;2296;784.0187459;763.4;260.6794036;9834.35267;8148.652897;6;OR_N2;3470;48.45;3667;13.17;4207;25.68;4573;10.98;1;0
3go4fki2ue29;277;1;1;16;1061011;645693;1;1061;2182.1;Powiat m. £Ûdü;292.8501406;1049.525352;358.3830796;4.03;2296;784.0187459;763.4;260.6794036;11344.58041;3413.189673;14;OR_N2;1151;15.88;1269;4.83;1413;12.12;2554;9.27;1;1
3ht6stl64x34;278;1;1;17;1016011;56681;2;1016;106;Powiat tomaszowski;1023.091277;198.4567764;19.39775862;7.99;616;60.20968156;975.8;95.3776092;9051.691328;5190.352661;9;OR_N2;577;7.65;577;1.53;577;7.65;881;2.37;1;1
3on3hvn42jv3;279;1;0;18;1013011;15783;2;1013;70;Powiat rawski;645.5332469;90.80383441;14.06648455;4.73;252;39.03749361;647.5;100.3046711;9356.730973;0;0;OR_N2;3768;51.55;3753;12.1;3768;51.55;3761;6.53;1;1
3tg3ibp6zxf3;280;1;1;18;1061011;645693;1;1061;2182.1;Powiat m. £Ûdü;292.8501406;1049.525352;358.3830796;4.03;2296;784.0187459;763.4;260.6794036;8644.531516;9096.997373;2;OR_N2;2667;36.85;3623;11.53;3385;18.57;3079;8.05;0;0
3x6k8mg2fvh6;281;1;0;16;1016092;11492;2;1016;106;Powiat tomaszowski;1023.091277;198.4567764;19.39775862;7.99;616;60.20968156;975.8;95.3776092;6026.822418;0;0;OR_N2;3577;47.68;3776;10.78;4524;28.57;4107;6.98;0;0
3xbe9s3xy8o4;282;1;1;10;1061011;645693;1;1061;2182.1;Powiat m. £Ûdü;292.8501406;1049.525352;358.3830796;4.03;2296;784.0187459;763.4;260.6794036;8576.899613;3397.02132;16;OR_N2;800;10.97;820;2.82;800;10.97;2723;9.55;;
3y2lsk8l49b4;283;1;0;7;1061011;645693;1;1061;2182.1;Powiat m. £Ûdü;292.8501406;1049.525352;358.3830796;4.03;2296;784.0187459;763.4;260.6794036;10223.57553;11311.05842;6;OR_N2;1047;14.35;1068;3.55;1047;14.35;5511;12.2;0;0
42srw7uo87m7;284;1;1;17;1009052;4876;3;1009;59.1;Powiat pajÍczaÒski;803.0385073;66.0912157;8.230142776;16.28;280;34.8675683;627.1;78.09090029;3590.790245;0;3;OR_N2;4017;55;4035;12.48;4017;55;4035;4.55;0;0
4a9gl6njo9uk;285;1;0;18;1020011;12956;2;1020;193.4;Powiat zgierski;853.9990645;182.2143352;21.33659658;2.18;888;103.9813785;1106.6;129.5785963;4850.81326;62.99420572;0;OR_N2;1652;21.97;1739;5.87;1652;21.97;1694;3.77;;
4af9frv8ctg9;286;1;1;18;1061011;645693;1;1061;2182.1;Powiat m. £Ûdü;292.8501406;1049.525352;358.3830796;4.03;2296;784.0187459;763.4;260.6794036;12495.11962;10407.26663;4;OR_N2;2431;32.38;2541;7.13;2685;24.48;3213;7.22;1;1
4bu4ne3uhm37;287;1;1;17;1001072;8116;3;1001;110.8;Powiat be≥chatowski;966.2626658;198.2751399;20.51979724;14.05;961;99.45535868;943.4;97.63390778;5919.398048;1192.876914;0;OR_N2;9973;134.1;11438;35.05;97038;731.88;10119;11.07;1;1
4jg2zp2rmh47;288;1;1;16;1061011;645693;1;1061;2182.1;Powiat m. £Ûdü;292.8501406;1049.525352;358.3830796;4.03;2296;784.0187459;763.4;260.6794036;7407.928761;9896.721601;9;OR_N2;9931;138.28;11333;40.72;11590;57.63;12643;27.07;0;1
4xx4s7jse6n4;290;1;1;16;1020085;9675;3;1020;193.4;Powiat zgierski;853.9990645;182.2143352;21.33659658;2.18;888;103.9813785;1106.6;129.5785963;3359.823334;0;0;OR_N2;45;0.58;45;0.08;45;0.58;45;0.23;;
4zm8obt2xcd4;291;1;1;17;1016011;56681;2;1016;106;Powiat tomaszowski;1023.091277;198.4567764;19.39775862;7.99;616;60.20968156;975.8;95.3776092;6864.022174;46.23310951;4;OR_N2;3584;48.27;3606;11.75;5219;16.25;3876;6.48;;
62pbm94hiy37;292;1;1;16;1016062;7146;3;1016;106;Powiat tomaszowski;1023.091277;198.4567764;19.39775862;7.99;616;60.20968156;975.8;95.3776092;6859.291174;0;4;OR_N2;5119;68.63;5499;17.78;10476;52.87;5587;10.63;0;1
68uzd7gvw2o4;293;1;1;14;1061011;645693;1;1061;2182.1;Powiat m. £Ûdü;292.8501406;1049.525352;358.3830796;4.03;2296;784.0187459;763.4;260.6794036;11849.6004;3619.541545;19;OR_N2;828;10.95;935;3.75;828;10.95;1624;6.03;0;1
6d36nm7pzj86;294;1;1;16;1016032;2069;3;1016;106;Powiat tomaszowski;1023.091277;198.4567764;19.39775862;7.99;616;60.20968156;975.8;95.3776092;4758.173036;0;1;OR_N2;18430;246.93;18430;55;;;20755;21.88;1;0
6gl2wtt6zef9;295;1;1;16;1016011;56681;2;1016;106;Powiat tomaszowski;1023.091277;198.4567764;19.39775862;7.99;616;60.20968156;975.8;95.3776092;11960.16849;11001.19645;8;OR_N2;10573;142.53;10639;31.98;16298;70.05;10520;13.77;1;0
6k499kz2gx99;296;1;1;18;1016072;5984;3;1016;106;Powiat tomaszowski;1023.091277;198.4567764;19.39775862;7.99;616;60.20968156;975.8;95.3776092;4807.81025;1101.43564;4;OR_N2;2083;28.07;2083;6.38;2083;28.07;2083;3.02;1;0
6pz7mb6nrp99;297;1;1;18;1061011;645693;1;1061;2182.1;Powiat m. £Ûdü;292.8501406;1049.525352;358.3830796;4.03;2296;784.0187459;763.4;260.6794036;12272.17438;10852.56545;6;OR_N2;1922;25.45;1975;5.65;2374;20.48;2949;6.08;1;1
6to2po2ecb69;298;1;0;18;1061011;645693;1;1061;2182.1;Powiat m. £Ûdü;292.8501406;1049.525352;358.3830796;4.03;2296;784.0187459;763.4;260.6794036;8121.147336;10132.2345;9;OR_N2;1992;27.18;1992;6.68;1992;27.18;4916;8.62;1;1
6vd6nsa7bo43;299;1;0;11;1061011;645693;1;1061;2182.1;Powiat m. £Ûdü;292.8501406;1049.525352;358.3830796;4.03;2296;784.0187459;763.4;260.6794036;10334.07983;10701.68234;6;OR_N2;1607;21.3;1810;5.6;2193;17.72;1834;5.67;1;1
6vw884jia7vs;300;1;1;9;1061011;645693;1;1061;2182.1;Powiat m. £Ûdü;292.8501406;1049.525352;358.3830796;4.03;2296;784.0187459;763.4;260.6794036;12680.22482;3722.511044;11;OR_N2;1122;14.9;1425;5.78;1122;14.9;1425;4.92;1;1
722wv6i8eza8;301;1;1;12;1006082;5811;3;1006;151;Powiat ≥Ûdzki wschodni;499.1387193;129.2560513;25.89581739;10.7;448;89.75460783;667;133.6301862;5748.39385;264.4064392;4;OR_N2;13;0.15;13;0.03;13;0.15;13;0.02;0;1
72hi2n74vau7;302;1;0;13;1061011;645693;1;1061;2182.1;Powiat m. £Ûdü;292.8501406;1049.525352;358.3830796;4.03;2296;784.0187459;763.4;260.6794036;14949.96648;1511.054291;15;OR_N2;650;9.12;762;2.6;650;9.12;758;1.77;;
73ayd2h7seb3;303;1;1;16;1012042;5606;3;1012;72.5;Powiat radomszczaÒski;1441.229323;125.7545581;8.725506492;2.07;833;57.79788039;1190.9;82.63084725;5958.68693;2184.950857;1;OR_N2;12847;174.03;15435;49.68;13567;40.07;13142;17.12;1;1
74wis3tyl8y6;304;1;1;15;1061011;645693;1;1061;2182.1;Powiat m. £Ûdü;292.8501406;1049.525352;358.3830796;4.03;2296;784.0187459;763.4;260.6794036;8339.263574;5184.172472;9;OR_N2;1110;15.38;1148;4.23;1651;10.6;2483;5.78;1;1
7c94t9elp9c3;305;1;1;12;1061011;645693;1;1061;2182.1;Powiat m. £Ûdü;292.8501406;1049.525352;358.3830796;4.03;2296;784.0187459;763.4;260.6794036;11060.95797;6826.706303;12;OR_N2;1588;21.22;1591;4.88;2019;19.37;1732;5.5;;
7de2vma2xvh3;306;1;1;17;1012142;4735;3;1012;72.5;Powiat radomszczaÒski;1441.229323;125.7545581;8.725506492;2.07;833;57.79788039;1190.9;82.63084725;5155.598929;351.9768498;1;OR_N2;1416;19.38;1416;4.5;1416;19.38;1416;1.75;1;1
7dv6llr6zbx3;307;1;1;16;1061011;645693;1;1061;2182.1;Powiat m. £Ûdü;292.8501406;1049.525352;358.3830796;4.03;2296;784.0187459;763.4;260.6794036;6825.153418;2325.589667;2;OR_N2;1383;19.48;1415;5.1;1383;19.48;1313;4.18;1;1
7hu39ehn8dx8;308;1;0;14;1063011;45121;2;1063;1295.2;Powiat m. Skierniewice;34.55875472;71.15621041;205.8992316;6.85;187;541.1074604;143;413.788058;12663.86334;4668.23965;5;OR_N2;144;2.07;890;3.03;144;2.07;890;2.22;1;1
7kx8gnn6gku6;309;1;0;15;1020044;22023;2;1020;193.4;Powiat zgierski;853.9990645;182.2143352;21.33659658;2.18;888;103.9813785;1106.6;129.5785963;7723.5086;0;0;OR_N2;11705;163.07;12361;42.07;12692;66.98;15469;31.28;1;0
7lv8b2pgg6s6;310;1;0;13;1061011;645693;1;1061;2182.1;Powiat m. £Ûdü;292.8501406;1049.525352;358.3830796;4.03;2296;784.0187459;763.4;260.6794036;8931.032738;8699.408424;4;OR_N2;355;4.72;482;1.28;355;4.72;576;3.03;;
7o2dmi4lho6a;311;1;1;17;1016092;11492;2;1016;106;Powiat tomaszowski;1023.091277;198.4567764;19.39775862;7.99;616;60.20968156;975.8;95.3776092;4970.05896;144.8328213;3;OR_N2;6736;92.23;7210;22.03;11690;369;6544;9.43;;
7o9p4n8nzh93;312;1;1;10;1008052;7656;3;1008;240.6;Powiat pabianicki;491.5247438;135.3532664;27.53742677;4.91;456;92.77254212;567.3;115.4163665;5797.552486;752.7879757;4;OR_N2;1392;19.32;1616;5.88;1392;19.32;1616;3.17;1;1
7p27gdp9zj97;313;1;1;18;1061011;645693;1;1061;2182.1;Powiat m. £Ûdü;292.8501406;1049.525352;358.3830796;4.03;2296;784.0187459;763.4;260.6794036;11532.87888;3506.918817;7;OR_N2;5113;72.05;5300;19.9;5674;30.85;6641;14.13;0;1
7rm48jw6w766;314;1;1;18;1061011;645693;1;1061;2182.1;Powiat m. £Ûdü;292.8501406;1049.525352;358.3830796;4.03;2296;784.0187459;763.4;260.6794036;11604.71875;10827.98871;6;OR_N2;74;1.25;74;1.02;74;1.25;211;2.32;1;1
7wc7fma2ag77;315;1;1;17;1016062;7146;3;1016;106;Powiat tomaszowski;1023.091277;198.4567764;19.39775862;7.99;616;60.20968156;975.8;95.3776092;4068.116669;73.5026774;1;OR_N2;2247;30.22;2248;7.07;2247;30.22;2248;2.68;1;1
879oxx6war8a;316;1;0;18;1061011;645693;1;1061;2182.1;Powiat m. £Ûdü;292.8501406;1049.525352;358.3830796;4.03;2296;784.0187459;763.4;260.6794036;6844.032282;14190.66673;0;OR_N2;487;6.28;793;2.68;487;6.28;1824;4.85;;
8eg9hd9mfm7r;317;1;1;15;1016072;5984;3;1016;106;Powiat tomaszowski;1023.091277;198.4567764;19.39775862;7.99;616;60.20968156;975.8;95.3776092;3425.027828;71.45405789;0;OR_N2;421;5.47;421;0.93;421;5.47;421;0.55;0;1
8he7ybk732j4;318;1;0;18;1013011;15783;2;1013;70;Powiat rawski;645.5332469;90.80383441;14.06648455;4.73;252;39.03749361;647.5;100.3046711;6341.743212;0;0;OR_N2;2703;36.3;2703;8.08;2703;36.3;3018;5.88;1;1
8j23srv6j7e6;319;1;0;18;1012011;42412;2;1012;72.5;Powiat radomszczaÒski;1441.229323;125.7545581;8.725506492;2.07;833;57.79788039;1190.9;82.63084725;11017.09857;2348.609729;7;OR_N2;1963;27.82;1992;7.93;1963;27.82;2706;6.05;1;1
8ru6zac4h6bz;320;1;1;14;1008011;19276;2;1008;240.6;Powiat pabianicki;491.5247438;135.3532664;27.53742677;4.91;456;92.77254212;567.3;115.4163665;5595.456756;0;0;OR_N2;3450;47.65;3450;11.17;5401;39.93;5584;10.85;1;1
8ut24lsg7sat;321;1;0;7;1061011;645693;1;1061;2182.1;Powiat m. £Ûdü;292.8501406;1049.525352;358.3830796;4.03;2296;784.0187459;763.4;260.6794036;8163.53138;9021.815222;2;OR_N2;11;0.15;11;0.03;11;0.15;11;0.05;;
93buz4udu9m7;322;1;1;16;1020031;52938;2;1020;193.4;Powiat zgierski;853.9990645;182.2143352;21.33659658;2.18;888;103.9813785;1106.6;129.5785963;9119.727001;1304.081742;6;OR_N2;11382;157.67;11808;42.52;13774;42.78;12026;28.08;1;1
94ggd4iiy8f7;323;1;0;15;1012011;42412;2;1012;72.5;Powiat radomszczaÒski;1441.229323;125.7545581;8.725506492;2.07;833;57.79788039;1190.9;82.63084725;6643.388115;0;4;OR_N2;855;11.43;855;2.67;855;11.43;1110;1.9;1;1
94jeu24oxi69;324;1;1;17;1012132;4243;3;1012;72.5;Powiat radomszczaÒski;1441.229323;125.7545581;8.725506492;2.07;833;57.79788039;1190.9;82.63084725;5352.295104;0;0;OR_N2;5178;68.98;5279;15.67;;;5178;5.73;0;0
96h7o9if2jh8;325;1;1;18;1061011;645693;1;1061;2182.1;Powiat m. £Ûdü;292.8501406;1049.525352;358.3830796;4.03;2296;784.0187459;763.4;260.6794036;13316.58839;9242.969011;13;OR_N2;3177;44.08;3592;13.37;3286;16.03;4954;10.97;0;0
9mm26obd4ci7;326;1;1;18;1061011;645693;1;1061;2182.1;Powiat m. £Ûdü;292.8501406;1049.525352;358.3830796;4.03;2296;784.0187459;763.4;260.6794036;8123.983199;16783.94954;6;OR_N2;6382;86.83;7052;25.83;7415;45.38;8278;18.27;0;0
4myc3jiy9zca;327;1;0;11;1061011;645693;1;1061;2182.1;Powiat m. £Ûdü;292.8501406;1049.525352;358.3830796;4.03;2296;784.0187459;763.4;260.6794036;12229.60146;10164.31605;10;OR_N2;366;4.75;366;2.62;366;4.75;1816;5.1;1;1
4sw4bul2pmj9;328;1;0;16;1016062;7146;3;1016;106;Powiat tomaszowski;1023.091277;198.4567764;19.39775862;7.99;616;60.20968156;975.8;95.3776092;4404.877821;0;1;OR_N2;8138;109.35;8714;27.03;22628;81.63;8756;12.83;;
3839epo2inw7;329;1;1;16;1016011;56681;2;1016;106;Powiat tomaszowski;1023.091277;198.4567764;19.39775862;7.99;616;60.20968156;975.8;95.3776092;10761.08346;7275.610273;6;OR_N2;4121;56.68;4885;15.5;8011;29.87;6356;9.72;1;1
9pb7nn2x6od4;330;1;1;16;1016042;4790;3;1016;106;Powiat tomaszowski;1023.091277;198.4567764;19.39775862;7.99;616;60.20968156;975.8;95.3776092;15216.95673;523.7336828;3;OR_N2;18267;245.75;21666;65.32;;;20960;16.77;;
72gyl9oi8zxu;331;1;1;17;1010022;4026;3;1010;62.4;Powiat piotrkowski;1426.409646;162.5195004;11.39360638;2.45;896;62.81505476;1306.2;91.57257202;6265.331198;1317.35868;1;OR_N2;4577;61.57;4577;13.2;4620;10.95;4577;5.2;1;0
4r7j47izd969;332;1;1;17;1061011;645693;1;1061;2182.1;Powiat m. £Ûdü;292.8501406;1049.525352;358.3830796;4.03;2296;784.0187459;763.4;260.6794036;6807.680437;2762.822206;4;OR_N2;1084;14.55;1084;2.85;1640;14.53;944;2.53;;
7j3hiw696yp3;333;1;1;16;1061011;645693;1;1061;2182.1;Powiat m. £Ûdü;292.8501406;1049.525352;358.3830796;4.03;2296;784.0187459;763.4;260.6794036;9947.246742;1459.989709;9;OR_N2;2443;33.05;2443;6.9;3867;29.02;2443;4.43;0;1
2xu3u9cmz6o6;334;1;0;16;1016011;56681;2;1016;106;Powiat tomaszowski;1023.091277;198.4567764;19.39775862;7.99;616;60.20968156;975.8;95.3776092;9259.709222;4805.456299;8;OR_N2;1477;19.85;1539;4.45;1664;13.15;1515;3.62;;
3h9whv6hwy29;335;1;1;16;1061011;645693;1;1061;2182.1;Powiat m. £Ûdü;292.8501406;1049.525352;358.3830796;4.03;2296;784.0187459;763.4;260.6794036;9182.411974;10922.56924;10;OR_N2;419;5.62;419;1.87;419;5.62;502;1.57;0;1
49os8xsx7oi4;336;1;0;16;1016011;56681;2;1016;106;Powiat tomaszowski;1023.091277;198.4567764;19.39775862;7.99;616;60.20968156;975.8;95.3776092;10570.65097;10739.6991;6;OR_N2;1511;20.67;1564;5;2873;18.47;2743;7.9;0;1
7fh22r6wkh7a;337;1;1;16;1006022;14838;2;1006;151;Powiat ≥Ûdzki wschodni;499.1387193;129.2560513;25.89581739;10.7;448;89.75460783;667;133.6301862;7357.584558;0;1;OR_N2;45290;606.87;47835;140.62;;;46694;46.1;;
7atu6vk3oj64;338;1;0;16;1061011;645693;1;1061;2182.1;Powiat m. £Ûdü;292.8501406;1049.525352;358.3830796;4.03;2296;784.0187459;763.4;260.6794036;6433.246761;0;2;OR_N2;3890;53.08;3890;11.55;4166;9.85;3890;5.38;;
4s77njg9r64i;339;1;0;16;1061011;645693;1;1061;2182.1;Powiat m. £Ûdü;292.8501406;1049.525352;358.3830796;4.03;2296;784.0187459;763.4;260.6794036;15606.31315;10705.90057;11;OR_N2;672;9.17;736;2;672;9.17;1057;3.72;0;1
6gd6vfw4r7i4;340;1;0;17;1061011;645693;1;1061;2182.1;Powiat m. £Ûdü;292.8501406;1049.525352;358.3830796;4.03;2296;784.0187459;763.4;260.6794036;9966.539379;11603.25347;0;OR_N2;259;3.6;259;0.82;259;3.6;54;0.2;;
8jg9mse6chz8;341;1;;16;1061011;645693;1;1061;2182.1;Powiat m. £Ûdü;292.8501406;1049.525352;358.3830796;4.03;2296;784.0187459;763.4;260.6794036;7580.38773;12510.51797;0;OR_N2;262;3.43;262;1.3;262;3.43;598;2.58;;
8akx9i9grz64;342;1;1;16;1016104;1499;3;1016;106;Powiat tomaszowski;1023.091277;198.4567764;19.39775862;7.99;616;60.20968156;975.8;95.3776092;5176.529467;1169.548601;2;OR_N2;2149;30.28;2149;7.78;2891;19.4;2149;3.87;1;1
8yu7u9dsg3r9;343;1;0;16;1016092;11492;2;1016;106;Powiat tomaszowski;1023.091277;198.4567764;19.39775862;7.99;616;60.20968156;975.8;95.3776092;7265.93248;0;2;OR_N2;4494;60.75;4503;12.85;7355;29.67;4521;7.82;;
233k2pxo3ju3;344;1;1;9;1061011;645693;1;1061;2182.1;Powiat m. £Ûdü;292.8501406;1049.525352;358.3830796;4.03;2296;784.0187459;763.4;260.6794036;12439.86945;2324.039028;14;OR_C1;4618;62.92;5243;21.62;5192;33.02;5184;10.92;1;0
26xip874hvx8;345;1;1;18;1061011;645693;1;1061;2182.1;Powiat m. £Ûdü;292.8501406;1049.525352;358.3830796;4.03;2296;784.0187459;763.4;260.6794036;8906.049073;5924.610432;12;OR_C1;2449;32.97;2526;7.63;2731;15.3;3377;12.38;;
27zbi9vpg3z6;346;1;1;12;1008011;19276;2;1008;240.6;Powiat pabianicki;491.5247438;135.3532664;27.53742677;4.91;456;92.77254212;567.3;115.4163665;5134.879163;0;0;OR_C1;28;0.4;28;0.08;28;0.4;28;0.18;0;1
2du2axj46el8;347;1;1;16;1016011;56681;2;1016;106;Powiat tomaszowski;1023.091277;198.4567764;19.39775862;7.99;616;60.20968156;975.8;95.3776092;9642.72979;2190.58007;7;OR_C1;8977;122.85;9118;29.45;13136;33.47;9513;12.42;1;0
2dx8ntr6u3p7;348;1;1;9;1061011;645693;1;1061;2182.1;Powiat m. £Ûdü;292.8501406;1049.525352;358.3830796;4.03;2296;784.0187459;763.4;260.6794036;8275.309989;2702.630823;16;OR_C1;2548;35.97;2906;11.13;4684;25.92;2771;10.07;1;1
2ej7uw8v6437;349;1;1;18;1061011;645693;1;1061;2182.1;Powiat m. £Ûdü;292.8501406;1049.525352;358.3830796;4.03;2296;784.0187459;763.4;260.6794036;8190.114064;1661.024169;23;OR_C1;1927;27.07;2013;8.43;1994;11.37;1938;6.47;0;0
2o8xhr7k6nrv;350;1;1;14;1061011;645693;1;1061;2182.1;Powiat m. £Ûdü;292.8501406;1049.525352;358.3830796;4.03;2296;784.0187459;763.4;260.6794036;11773.74209;3707.15273;20;OR_C1;7267;102.28;7356;27.3;8393;48.53;7659;15.03;;
2rc8zdf4gle9;351;1;0;16;1016112;3065;3;1016;106;Powiat tomaszowski;1023.091277;198.4567764;19.39775862;7.99;616;60.20968156;975.8;95.3776092;5412.936538;0;1;OR_C1;23876;321.25;24143;74.33;;;25870;25.27;0;1
2xk4nas4k249;352;1;1;17;1061011;645693;1;1061;2182.1;Powiat m. £Ûdü;292.8501406;1049.525352;358.3830796;4.03;2296;784.0187459;763.4;260.6794036;10934.81723;5786.509206;12;OR_C1;3211;44.05;3500;12.33;3365;25.27;3282;11.1;1;1
2zir9dn2hgr4;353;1;1;16;1016092;11492;2;1016;106;Powiat tomaszowski;1023.091277;198.4567764;19.39775862;7.99;616;60.20968156;975.8;95.3776092;5066.386004;144.8328213;2;OR_C1;6648;91.03;7062;21.62;11601;367.8;6456;9.37;0;1
36f82lsz2mr6;354;1;1;17;1061011;645693;1;1061;2182.1;Powiat m. £Ûdü;292.8501406;1049.525352;358.3830796;4.03;2296;784.0187459;763.4;260.6794036;10364.50176;2286.406817;6;OR_C1;2393;33.38;2404;9.82;2425;20;2814;9.83;0;0
3au8rjg8kra3;355;1;0;16;1020045;13380;2;1020;193.4;Powiat zgierski;853.9990645;182.2143352;21.33659658;2.18;888;103.9813785;1106.6;129.5785963;11606.15205;0;1;OR_C1;10361;146.38;12213;40.97;12442;58.8;10573;22.08;1;1
3cp9rp47jfb6;356;1;0;13;1061011;645693;1;1061;2182.1;Powiat m. £Ûdü;292.8501406;1049.525352;358.3830796;4.03;2296;784.0187459;763.4;260.6794036;10185.85035;3326.207838;14;OR_C1;3652;50.2;3942;17.23;4582;29.92;3902;11.43;1;0
3gb3vwm8hlb3;357;1;1;16;1061011;645693;1;1061;2182.1;Powiat m. £Ûdü;292.8501406;1049.525352;358.3830796;4.03;2296;784.0187459;763.4;260.6794036;9834.35267;8148.652897;6;OR_C1;14801;199.8;15126;47.95;17165;60.02;16950;23.35;0;0
3go4fki2ue29;358;1;1;16;1061011;645693;1;1061;2182.1;Powiat m. £Ûdü;292.8501406;1049.525352;358.3830796;4.03;2296;784.0187459;763.4;260.6794036;11344.58041;3413.189673;14;OR_C1;2424;33.75;2640;8.78;3167;19.93;3405;6.77;1;1
3ht6stl64x34;359;1;1;17;1016011;56681;2;1016;106;Powiat tomaszowski;1023.091277;198.4567764;19.39775862;7.99;616;60.20968156;975.8;95.3776092;9051.691328;5190.352661;9;OR_C1;2910;39.2;2910;8.87;2910;39.2;2910;5.98;1;0
3on3hvn42jv3;360;1;0;18;1013011;15783;2;1013;70;Powiat rawski;645.5332469;90.80383441;14.06648455;4.73;252;39.03749361;647.5;100.3046711;9356.730973;0;0;OR_C1;1878;26.7;1878;6.83;1878;26.7;1878;3.15;1;1
3tg3ibp6zxf3;361;1;1;18;1061011;645693;1;1061;2182.1;Powiat m. £Ûdü;292.8501406;1049.525352;358.3830796;4.03;2296;784.0187459;763.4;260.6794036;8644.531516;9096.997373;2;OR_C1;6369;87.82;7497;25.52;6981;38.03;8045;18.6;0;0
3x6k8mg2fvh6;362;1;0;16;1016092;11492;2;1016;106;Powiat tomaszowski;1023.091277;198.4567764;19.39775862;7.99;616;60.20968156;975.8;95.3776092;6026.822418;0;0;OR_C1;4352;59.32;4562;14.58;4999;31.77;4789;8.8;0;0
3xbe9s3xy8o4;363;1;1;10;1061011;645693;1;1061;2182.1;Powiat m. £Ûdü;292.8501406;1049.525352;358.3830796;4.03;2296;784.0187459;763.4;260.6794036;8576.899613;3397.02132;16;OR_C1;1817;24.73;1907;6.52;2139;13.77;2521;10.3;;
3y2lsk8l49b4;364;1;0;7;1061011;645693;1;1061;2182.1;Powiat m. £Ûdü;292.8501406;1049.525352;358.3830796;4.03;2296;784.0187459;763.4;260.6794036;10223.57553;11311.05842;6;OR_C1;13842;188.75;14779;50.3;16662;60.02;15598;27.07;1;1
42srw7uo87m7;365;1;1;17;1009052;4876;3;1009;59.1;Powiat pajÍczaÒski;803.0385073;66.0912157;8.230142776;16.28;280;34.8675683;627.1;78.09090029;3590.790245;0;3;OR_C1;13964;186.9;14495;43.32;24227;45.17;13959;13.32;1;1
42tsi2klr8a9;366;1;0;12;1061011;645693;1;1061;2182.1;Powiat m. £Ûdü;292.8501406;1049.525352;358.3830796;4.03;2296;784.0187459;763.4;260.6794036;11739.31906;4261.189338;6;OR_C1;7169;98.92;7982;27.45;8593;45.83;8023;21.1;0;0
4af9frv8ctg9;367;1;1;18;1061011;645693;1;1061;2182.1;Powiat m. £Ûdü;292.8501406;1049.525352;358.3830796;4.03;2296;784.0187459;763.4;260.6794036;12495.11962;10407.26663;4;OR_C1;5789;81.68;6345;26.23;6429;26.02;6856;16.25;1;1
4jg2zp2rmh47;368;1;1;16;1061011;645693;1;1061;2182.1;Powiat m. £Ûdü;292.8501406;1049.525352;358.3830796;4.03;2296;784.0187459;763.4;260.6794036;7407.928761;9896.721601;9;OR_C1;11518;159.5;12609;44.32;13575;63.5;13608;27;0;1
4tc49psw89d4;370;1;1;17;1001072;8116;3;1001;110.8;Powiat be≥chatowski;966.2626658;198.2751399;20.51979724;14.05;961;99.45535868;943.4;97.63390778;3843.194407;0;2;OR_C1;23271;315.23;23276;71.38;27231;55.98;23927;22.3;0;1
6d36nm7pzj86;371;1;1;16;1016032;2069;3;1016;106;Powiat tomaszowski;1023.091277;198.4567764;19.39775862;7.99;616;60.20968156;975.8;95.3776092;4758.173036;0;1;OR_C1;20548;276.63;21744;64.73;;;20776;24.9;1;0
6gl2wtt6zef9;372;1;1;16;1016011;56681;2;1016;106;Powiat tomaszowski;1023.091277;198.4567764;19.39775862;7.99;616;60.20968156;975.8;95.3776092;11960.16849;11001.19645;8;OR_C1;3975;54.43;4078;14.48;4808;25.33;4789;9.32;1;1
6hx2yg9sv774;373;1;1;13;1061011;645693;1;1061;2182.1;Powiat m. £Ûdü;292.8501406;1049.525352;358.3830796;4.03;2296;784.0187459;763.4;260.6794036;12274.89621;7306.47684;8;OR_C1;689;9.27;701;2;689;9.27;692;2.52;0;1
6k499kz2gx99;374;1;1;18;1016072;5984;3;1016;106;Powiat tomaszowski;1023.091277;198.4567764;19.39775862;7.99;616;60.20968156;975.8;95.3776092;4807.81025;1101.43564;4;OR_C1;31401;426.98;33309;102.32;39630;113.13;35711;43.4;0;0
6pz7mb6nrp99;375;1;1;18;1061011;645693;1;1061;2182.1;Powiat m. £Ûdü;292.8501406;1049.525352;358.3830796;4.03;2296;784.0187459;763.4;260.6794036;12272.17438;10852.56545;6;OR_C1;12082;169.88;13615;45.03;15172;76.02;13414;28.45;0;0
6to2po2ecb69;376;1;0;18;1061011;645693;1;1061;2182.1;Powiat m. £Ûdü;292.8501406;1049.525352;358.3830796;4.03;2296;784.0187459;763.4;260.6794036;8121.147336;10132.2345;9;OR_C1;15394;216.2;17143;57.73;20494;84.07;25697;28.63;1;0
6vd6nsa7bo43;377;1;0;11;1061011;645693;1;1061;2182.1;Powiat m. £Ûdü;292.8501406;1049.525352;358.3830796;4.03;2296;784.0187459;763.4;260.6794036;10334.07983;10701.68234;6;OR_C1;3350;46.22;3459;12.18;3826;30.73;4895;11.17;1;0
6vw884jia7vs;378;1;1;9;1061011;645693;1;1061;2182.1;Powiat m. £Ûdü;292.8501406;1049.525352;358.3830796;4.03;2296;784.0187459;763.4;260.6794036;12680.22482;3722.511044;11;OR_C1;1461;19.48;1737;6.63;1772;14.4;1729;5.48;1;1
722wv6i8eza8;379;1;1;12;1006082;5811;3;1006;151;Powiat ≥Ûdzki wschodni;499.1387193;129.2560513;25.89581739;10.7;448;89.75460783;667;133.6301862;5748.39385;264.4064392;4;OR_C1;13797;187.57;14427;46.12;17457;71.95;16494;28.08;0;0
7c94t9elp9c3;380;1;1;12;1061011;645693;1;1061;2182.1;Powiat m. £Ûdü;292.8501406;1049.525352;358.3830796;4.03;2296;784.0187459;763.4;260.6794036;11060.95797;6826.706303;12;OR_C1;4911;67.22;5705;18.27;6417;37.22;5866;17.82;;
7de2vma2xvh3;381;1;1;17;1012142;4735;3;1012;72.5;Powiat radomszczaÒski;1441.229323;125.7545581;8.725506492;2.07;833;57.79788039;1190.9;82.63084725;5155.598929;351.9768498;1;OR_C1;22942;310.28;24871;74.63;;;26370;26.15;1;1
7dv6llr6zbx3;382;1;1;16;1061011;645693;1;1061;2182.1;Powiat m. £Ûdü;292.8501406;1049.525352;358.3830796;4.03;2296;784.0187459;763.4;260.6794036;6825.153418;2325.589667;2;OR_C1;5487;74.37;5609;18.7;7250;49.25;8467;15.25;1;0
7hr22ben944c;383;1;0;16;1006082;5811;3;1006;151;Powiat ≥Ûdzki wschodni;499.1387193;129.2560513;25.89581739;10.7;448;89.75460783;667;133.6301862;5748.39385;264.4064392;4;OR_C1;7331;99.63;7967;26.45;11258;50.18;7312;11.25;;
7hu39ehn8dx8;384;1;0;14;1063011;45121;2;1063;1295.2;Powiat m. Skierniewice;34.55875472;71.15621041;205.8992316;6.85;187;541.1074604;143;413.788058;12663.86334;4668.23965;5;OR_C1;293;4.27;1039;3.5;293;4.27;1039;2.72;1;1
7kx8gnn6gku6;385;1;0;15;1020044;22023;2;1020;193.4;Powiat zgierski;853.9990645;182.2143352;21.33659658;2.18;888;103.9813785;1106.6;129.5785963;7723.5086;0;0;OR_C1;9654;131.83;11765;36.6;13894;55.98;11018;19.45;0;0
7o2dmi4lho6a;386;1;1;17;1016092;11492;2;1016;106;Powiat tomaszowski;1023.091277;198.4567764;19.39775862;7.99;616;60.20968156;975.8;95.3776092;4970.05896;144.8328213;3;OR_C1;13442;182.03;13318;40.97;20405;548.08;13857;15.72;;
7o9p4n8nzh93;387;1;1;10;1008052;7656;3;1008;240.6;Powiat pabianicki;491.5247438;135.3532664;27.53742677;4.91;456;92.77254212;567.3;115.4163665;5797.552486;752.7879757;4;OR_C1;6221;85.43;6402;19.33;9615;54.68;5881;10.18;0;0
7p27gdp9zj97;388;1;1;18;1061011;645693;1;1061;2182.1;Powiat m. £Ûdü;292.8501406;1049.525352;358.3830796;4.03;2296;784.0187459;763.4;260.6794036;11532.87888;3506.918817;7;OR_C1;17267;236.23;20643;63.33;;;17139;31.03;;
7rm48jw6w766;389;1;1;18;1061011;645693;1;1061;2182.1;Powiat m. £Ûdü;292.8501406;1049.525352;358.3830796;4.03;2296;784.0187459;763.4;260.6794036;11604.71875;10827.98871;6;OR_C1;1943;27.27;1981;6.92;2279;15.85;2611;6.9;1;1
7wc7fma2ag77;390;1;1;17;1016062;7146;3;1016;106;Powiat tomaszowski;1023.091277;198.4567764;19.39775862;7.99;616;60.20968156;975.8;95.3776092;4068.116669;73.5026774;1;OR_C1;9770;131.48;10641;32.65;20476;61.3;10438;16.48;1;1
879oxx6war8a;391;1;0;18;1061011;645693;1;1061;2182.1;Powiat m. £Ûdü;292.8501406;1049.525352;358.3830796;4.03;2296;784.0187459;763.4;260.6794036;6844.032282;14190.66673;0;OR_C1;8516;116.38;9079;28.65;10810;70.85;11009;23.05;0;1
8eg9hd9mfm7r;392;1;1;15;1016072;5984;3;1016;106;Powiat tomaszowski;1023.091277;198.4567764;19.39775862;7.99;616;60.20968156;975.8;95.3776092;3425.027828;71.45405789;0;OR_C1;20518;275.92;20610;59.75;60598;110.67;20885;23.48;0;1
8he7ybk732j4;393;1;0;18;1013011;15783;2;1013;70;Powiat rawski;645.5332469;90.80383441;14.06648455;4.73;252;39.03749361;647.5;100.3046711;6341.743212;0;0;OR_C1;5113;69.73;5387;17.65;;;7208;7.8;1;1
8j23srv6j7e6;394;1;0;18;1012011;42412;2;1012;72.5;Powiat radomszczaÒski;1441.229323;125.7545581;8.725506492;2.07;833;57.79788039;1190.9;82.63084725;11017.09857;2348.609729;7;OR_C1;4919;67.8;4923;16.08;9261;56;5132;8.23;0;0
8ru6zac4h6bz;395;1;1;14;1008011;19276;2;1008;240.6;Powiat pabianicki;491.5247438;135.3532664;27.53742677;4.91;456;92.77254212;567.3;115.4163665;5595.456756;0;0;OR_C1;7981;109.32;8644;26.15;10183;59.87;9540;19.33;0;0
8ut24lsg7sat;396;1;0;7;1061011;645693;1;1061;2182.1;Powiat m. £Ûdü;292.8501406;1049.525352;358.3830796;4.03;2296;784.0187459;763.4;260.6794036;8163.53138;9021.815222;2;OR_C1;2064;27.8;2210;7.5;2868;18.9;2275;5.05;;
93buz4udu9m7;397;1;1;16;1020031;52938;2;1020;193.4;Powiat zgierski;853.9990645;182.2143352;21.33659658;2.18;888;103.9813785;1106.6;129.5785963;9119.727001;1304.081742;6;OR_C1;1343;17.83;1343;4.4;1343;17.83;1875;4.23;;
94ggd4iiy8f7;398;1;0;15;1012011;42412;2;1012;72.5;Powiat radomszczaÒski;1441.229323;125.7545581;8.725506492;2.07;833;57.79788039;1190.9;82.63084725;6643.388115;0;4;OR_C1;2189;29.65;2189;6.32;2189;29.65;2189;4.18;1;1
94jeu24oxi69;399;1;1;17;1012132;4243;3;1012;72.5;Powiat radomszczaÒski;1441.229323;125.7545581;8.725506492;2.07;833;57.79788039;1190.9;82.63084725;5352.295104;0;0;OR_C1;7647;103.98;7647;24.9;;;7647;7.82;0;0
96h7o9if2jh8;400;1;1;18;1061011;645693;1;1061;2182.1;Powiat m. £Ûdü;292.8501406;1049.525352;358.3830796;4.03;2296;784.0187459;763.4;260.6794036;13316.58839;9242.969011;13;OR_C1;4174;58.03;4295;14.9;4280;20.95;4490;15.73;0;0
9mm26obd4ci7;401;1;1;18;1061011;645693;1;1061;2182.1;Powiat m. £Ûdü;292.8501406;1049.525352;358.3830796;4.03;2296;784.0187459;763.4;260.6794036;8123.983199;16783.94954;6;OR_C1;3701;50.18;4101;13.87;3928;22.47;4084;13.33;0;0
4myc3jiy9zca;402;1;0;11;1061011;645693;1;1061;2182.1;Powiat m. £Ûdü;292.8501406;1049.525352;358.3830796;4.03;2296;784.0187459;763.4;260.6794036;12229.60146;10164.31605;10;OR_C1;2224;30.95;2244;8.57;2884;14.25;3749;9.52;1;1
3839epo2inw7;403;1;1;16;1016011;56681;2;1016;106;Powiat tomaszowski;1023.091277;198.4567764;19.39775862;7.99;616;60.20968156;975.8;95.3776092;10761.08346;7275.610273;6;OR_C1;3887;53.55;4651;14.88;8104;31.23;4769;9.5;1;0
72gyl9oi8zxu;404;1;1;17;1010022;4026;3;1010;62.4;Powiat piotrkowski;1426.409646;162.5195004;11.39360638;2.45;896;62.81505476;1306.2;91.57257202;6265.331198;1317.35868;1;OR_C1;9827;133.53;9827;29.73;10452;20.92;9827;9.88;1;0
4r7j47izd969;405;1;1;17;1061011;645693;1;1061;2182.1;Powiat m. £Ûdü;292.8501406;1049.525352;358.3830796;4.03;2296;784.0187459;763.4;260.6794036;6807.680437;2762.822206;4;OR_C1;450;6.27;450;1.68;450;6.27;450;1.6;;
7j3hiw696yp3;406;1;1;16;1061011;645693;1;1061;2182.1;Powiat m. £Ûdü;292.8501406;1049.525352;358.3830796;4.03;2296;784.0187459;763.4;260.6794036;9947.246742;1459.989709;9;OR_C1;14145;199.83;14872;53.65;15378;74.98;15724;29.37;0;0
2xu3u9cmz6o6;407;1;0;16;1016011;56681;2;1016;106;Powiat tomaszowski;1023.091277;198.4567764;19.39775862;7.99;616;60.20968156;975.8;95.3776092;9259.709222;4805.456299;8;OR_C1;1693;23.48;1701;5.98;1697;13.8;3496;8.47;;
3h9whv6hwy29;408;1;1;16;1061011;645693;1;1061;2182.1;Powiat m. £Ûdü;292.8501406;1049.525352;358.3830796;4.03;2296;784.0187459;763.4;260.6794036;9182.411974;10922.56924;10;OR_C1;7736;106.28;8017;31.02;9961;52.88;8398;18.48;;
49os8xsx7oi4;409;1;0;16;1016011;56681;2;1016;106;Powiat tomaszowski;1023.091277;198.4567764;19.39775862;7.99;616;60.20968156;975.8;95.3776092;10570.65097;10739.6991;6;OR_C1;1516;20.73;1568;5.02;2868;18.4;2748;7.92;;
77l6ahj37zi9;410;1;0;16;1061011;645693;1;1061;2182.1;Powiat m. £Ûdü;292.8501406;1049.525352;358.3830796;4.03;2296;784.0187459;763.4;260.6794036;11707.19358;6415.980739;24;OR_C1;6082;82.58;6676;23.87;6723;37.48;6644;12.55;;
7atu6vk3oj64;411;1;0;16;1061011;645693;1;1061;2182.1;Powiat m. £Ûdü;292.8501406;1049.525352;358.3830796;4.03;2296;784.0187459;763.4;260.6794036;6433.246761;0;2;OR_C1;15485;212.5;20937;65.73;16634;61.78;18884;29.88;;
4s77njg9r64i;412;1;0;16;1061011;645693;1;1061;2182.1;Powiat m. £Ûdü;292.8501406;1049.525352;358.3830796;4.03;2296;784.0187459;763.4;260.6794036;15606.31315;10705.90057;11;OR_C1;5721;76.93;6032;23.48;5872;25.28;6463;13.8;0;0
6gd6vfw4r7i4;413;1;0;17;1061011;645693;1;1061;2182.1;Powiat m. £Ûdü;292.8501406;1049.525352;358.3830796;4.03;2296;784.0187459;763.4;260.6794036;9966.539379;11603.25347;0;OR_C1;823;11.82;1018;4;858;9.47;1793;8.4;;
8akx9i9grz64;414;1;1;16;1016104;1499;3;1016;106;Powiat tomaszowski;1023.091277;198.4567764;19.39775862;7.99;616;60.20968156;975.8;95.3776092;5176.529467;1169.548601;2;OR_C1;10786;146.45;11109;33.67;14333;34.28;11903;14.13;0;0
233k2pxo3ju3;415;1;1;9;1061011;645693;1;1061;2182.1;Powiat m. £Ûdü;292.8501406;1049.525352;358.3830796;4.03;2296;784.0187459;763.4;260.6794036;12439.86945;2324.039028;14;OR_C2;8294;115.62;8611;30.48;9104;47.72;11181;21.62;1;1
26xip874hvx8;416;1;1;18;1061011;645693;1;1061;2182.1;Powiat m. £Ûdü;292.8501406;1049.525352;358.3830796;4.03;2296;784.0187459;763.4;260.6794036;8906.049073;5924.610432;12;OR_C2;2377;31.9;2430;7.62;3096;20.18;2737;9.87;;
27zbi9vpg3z6;417;1;1;12;1008011;19276;2;1008;240.6;Powiat pabianicki;491.5247438;135.3532664;27.53742677;4.91;456;92.77254212;567.3;115.4163665;5134.879163;0;0;OR_C2;3495;47.58;3536;11.1;3985;25.83;3536;7.37;0;0
2du2axj46el8;418;1;1;16;1016011;56681;2;1016;106;Powiat tomaszowski;1023.091277;198.4567764;19.39775862;7.99;616;60.20968156;975.8;95.3776092;9642.72979;2190.58007;7;OR_C2;18017;244.18;23225;70.28;;;17599;15.1;1;0
2dx8ntr6u3p7;419;1;1;9;1061011;645693;1;1061;2182.1;Powiat m. £Ûdü;292.8501406;1049.525352;358.3830796;4.03;2296;784.0187459;763.4;260.6794036;8275.309989;2702.630823;16;OR_C2;1948;26.88;1947;6.92;2979;17.15;2423;7.37;1;1
2ej7uw8v6437;420;1;1;18;1061011;645693;1;1061;2182.1;Powiat m. £Ûdü;292.8501406;1049.525352;358.3830796;4.03;2296;784.0187459;763.4;260.6794036;8190.114064;1661.024169;23;OR_C2;8049;113.8;8206;30.8;9461;48.38;8208;16.8;1;0
2ko2rum9mxy8;421;1;1;18;1061011;645693;1;1061;2182.1;Powiat m. £Ûdü;292.8501406;1049.525352;358.3830796;4.03;2296;784.0187459;763.4;260.6794036;12417.70073;6971.853989;10;OR_C2;18265;244.93;19346;58.42;19785;45.1;22577;26.07;;
2o8xhr7k6nrv;422;1;1;14;1061011;645693;1;1061;2182.1;Powiat m. £Ûdü;292.8501406;1049.525352;358.3830796;4.03;2296;784.0187459;763.4;260.6794036;11773.74209;3707.15273;20;OR_C2;1910;26.85;1986;7.57;2114;12.37;2225;9.3;0;1
2rc8zdf4gle9;423;1;0;16;1016112;3065;3;1016;106;Powiat tomaszowski;1023.091277;198.4567764;19.39775862;7.99;616;60.20968156;975.8;95.3776092;5412.936538;0;1;OR_C2;24742;334.27;25008;78.43;;;26916;28.33;0;1
2xk4nas4k249;424;1;1;17;1061011;645693;1;1061;2182.1;Powiat m. £Ûdü;292.8501406;1049.525352;358.3830796;4.03;2296;784.0187459;763.4;260.6794036;10934.81723;5786.509206;12;OR_C2;4587;61.82;4605;15.02;4870;27.55;5625;14.35;1;1
2zir9dn2hgr4;425;1;1;16;1016092;11492;2;1016;106;Powiat tomaszowski;1023.091277;198.4567764;19.39775862;7.99;616;60.20968156;975.8;95.3776092;5066.386004;144.8328213;2;OR_C2;8198;111.7;8521;26.42;13916;383.3;8233;11.52;1;0
36f82lsz2mr6;426;1;1;17;1061011;645693;1;1061;2182.1;Powiat m. £Ûdü;292.8501406;1049.525352;358.3830796;4.03;2296;784.0187459;763.4;260.6794036;10364.50176;2286.406817;6;OR_C2;471;6.32;680;1.95;471;6.32;976;4.5;0;0
3au8rjg8kra3;427;1;0;16;1020045;13380;2;1020;193.4;Powiat zgierski;853.9990645;182.2143352;21.33659658;2.18;888;103.9813785;1106.6;129.5785963;11606.15205;0;1;OR_C2;10060;139.95;10504;33.97;11286;34.75;10498;19.25;0;0
3cp9rp47jfb6;428;1;0;13;1061011;645693;1;1061;2182.1;Powiat m. £Ûdü;292.8501406;1049.525352;358.3830796;4.03;2296;784.0187459;763.4;260.6794036;10185.85035;3326.207838;14;OR_C2;3514;48.17;3998;13.68;3902;25.43;3546;13.4;1;0
3gb3vwm8hlb3;429;1;1;16;1061011;645693;1;1061;2182.1;Powiat m. £Ûdü;292.8501406;1049.525352;358.3830796;4.03;2296;784.0187459;763.4;260.6794036;9834.35267;8148.652897;6;OR_C2;13020;178.07;14053;46.05;14736;69.67;16014;30.57;0;0
3go4fki2ue29;430;1;1;16;1061011;645693;1;1061;2182.1;Powiat m. £Ûdü;292.8501406;1049.525352;358.3830796;4.03;2296;784.0187459;763.4;260.6794036;11344.58041;3413.189673;14;OR_C2;2077;29.03;2435;9.02;2531;19.12;2631;8.17;1;1
3on3hvn42jv3;431;1;0;18;1013011;15783;2;1013;70;Powiat rawski;645.5332469;90.80383441;14.06648455;4.73;252;39.03749361;647.5;100.3046711;9356.730973;0;0;OR_C2;5506;76.2;5454;18.83;;;5812;10.33;1;1
3tg3ibp6zxf3;432;1;1;18;1061011;645693;1;1061;2182.1;Powiat m. £Ûdü;292.8501406;1049.525352;358.3830796;4.03;2296;784.0187459;763.4;260.6794036;8644.531516;9096.997373;2;OR_C2;5098;71.48;5684;18.82;6226;36.23;5825;14.22;0;0
3x6k8mg2fvh6;433;1;0;16;1016092;11492;2;1016;106;Powiat tomaszowski;1023.091277;198.4567764;19.39775862;7.99;616;60.20968156;975.8;95.3776092;6026.822418;0;0;OR_C2;5285;72.45;5427;17.68;6570;28.63;5427;10.9;0;0
3xbe9s3xy8o4;434;1;1;10;1061011;645693;1;1061;2182.1;Powiat m. £Ûdü;292.8501406;1049.525352;358.3830796;4.03;2296;784.0187459;763.4;260.6794036;8576.899613;3397.02132;16;OR_C2;3548;48.88;3790;14.77;4207;29.35;3607;13.02;;
3y2lsk8l49b4;435;1;0;7;1061011;645693;1;1061;2182.1;Powiat m. £Ûdü;292.8501406;1049.525352;358.3830796;4.03;2296;784.0187459;763.4;260.6794036;10223.57553;11311.05842;6;OR_C2;16165;222.1;17872;57.52;19812;79.17;17814;30.07;0;0
42tsi2klr8a9;436;1;0;12;1061011;645693;1;1061;2182.1;Powiat m. £Ûdü;292.8501406;1049.525352;358.3830796;4.03;2296;784.0187459;763.4;260.6794036;11739.31906;4261.189338;6;OR_C2;4632;64.05;4831;19.83;5374;29.45;4892;13.25;0;0
4af9frv8ctg9;437;1;1;18;1061011;645693;1;1061;2182.1;Powiat m. £Ûdü;292.8501406;1049.525352;358.3830796;4.03;2296;784.0187459;763.4;260.6794036;12495.11962;10407.26663;4;OR_C2;8729;123.75;9174;34.85;9946;40.55;10063;20.88;0;0
4jg2zp2rmh47;438;1;1;16;1061011;645693;1;1061;2182.1;Powiat m. £Ûdü;292.8501406;1049.525352;358.3830796;4.03;2296;784.0187459;763.4;260.6794036;7407.928761;9896.721601;9;OR_C2;12616;173.8;13954;47.23;15470;79.07;16546;28.25;0;0
4tc49psw89d4;440;1;1;17;1001072;8116;3;1001;110.8;Powiat be≥chatowski;966.2626658;198.2751399;20.51979724;14.05;961;99.45535868;943.4;97.63390778;3843.194407;0;2;OR_C2;13786;186.17;14504;44.37;15569;50.75;13846;13.35;;
4xx4s7jse6n4;441;1;1;16;1020085;9675;3;1020;193.4;Powiat zgierski;853.9990645;182.2143352;21.33659658;2.18;888;103.9813785;1106.6;129.5785963;3359.823334;0;0;OR_C2;16936;232.45;17513;58.83;22322;83.67;19515;29;1;0
6d36nm7pzj86;442;1;1;16;1016032;2069;3;1016;106;Powiat tomaszowski;1023.091277;198.4567764;19.39775862;7.99;616;60.20968156;975.8;95.3776092;4758.173036;0;1;OR_C2;21508;290.13;23485;71.07;;;21823;26.15;1;0
6gl2wtt6zef9;443;1;1;16;1016011;56681;2;1016;106;Powiat tomaszowski;1023.091277;198.4567764;19.39775862;7.99;616;60.20968156;975.8;95.3776092;11960.16849;11001.19645;8;OR_C2;769;9.85;774;1.87;769;9.85;774;1.85;1;1
6pz7mb6nrp99;444;1;1;18;1061011;645693;1;1061;2182.1;Powiat m. £Ûdü;292.8501406;1049.525352;358.3830796;4.03;2296;784.0187459;763.4;260.6794036;12272.17438;10852.56545;6;OR_C2;3454;47.92;3657;12.57;3858;25.78;5229;9.7;1;0
6to2po2ecb69;445;1;0;18;1061011;645693;1;1061;2182.1;Powiat m. £Ûdü;292.8501406;1049.525352;358.3830796;4.03;2296;784.0187459;763.4;260.6794036;8121.147336;10132.2345;9;OR_C2;5012;70.18;5478;19.92;5353;24.82;5141;10.93;0;0
6vd6nsa7bo43;446;1;0;11;1061011;645693;1;1061;2182.1;Powiat m. £Ûdü;292.8501406;1049.525352;358.3830796;4.03;2296;784.0187459;763.4;260.6794036;10334.07983;10701.68234;6;OR_C2;2373;31.42;2407;7.45;2790;26.2;3210;7.5;1;0
6vw884jia7vs;447;1;1;9;1061011;645693;1;1061;2182.1;Powiat m. £Ûdü;292.8501406;1049.525352;358.3830796;4.03;2296;784.0187459;763.4;260.6794036;12680.22482;3722.511044;11;OR_C2;652;8.9;2008;6.87;652;8.9;2551;6.47;0;0
722wv6i8eza8;448;1;1;12;1006082;5811;3;1006;151;Powiat ≥Ûdzki wschodni;499.1387193;129.2560513;25.89581739;10.7;448;89.75460783;667;133.6301862;5748.39385;264.4064392;4;OR_C2;14003;190.9;14768;47.67;18277;75.77;14709;27.07;0;0
72hi2n74vau7;449;1;0;13;1061011;645693;1;1061;2182.1;Powiat m. £Ûdü;292.8501406;1049.525352;358.3830796;4.03;2296;784.0187459;763.4;260.6794036;14949.96648;1511.054291;15;OR_C2;2527;33.93;2980;8.97;2544;16.45;2954;6.48;1;1
7c94t9elp9c3;450;1;1;12;1061011;645693;1;1061;2182.1;Powiat m. £Ûdü;292.8501406;1049.525352;358.3830796;4.03;2296;784.0187459;763.4;260.6794036;11060.95797;6826.706303;12;OR_C2;1345;19.07;1743;6.53;1345;19.07;1721;5.48;;
7de2vma2xvh3;451;1;1;17;1012142;4735;3;1012;72.5;Powiat radomszczaÒski;1441.229323;125.7545581;8.725506492;2.07;833;57.79788039;1190.9;82.63084725;5155.598929;351.9768498;1;OR_C2;15774;210.58;15774;46.45;;;15774;15.17;1;0
7dv6llr6zbx3;452;1;1;16;1061011;645693;1;1061;2182.1;Powiat m. £Ûdü;292.8501406;1049.525352;358.3830796;4.03;2296;784.0187459;763.4;260.6794036;6825.153418;2325.589667;2;OR_C2;9512;132.95;10436;34.77;15436;80.65;10628;23.7;0;0
7hu39ehn8dx8;453;1;0;14;1063011;45121;2;1063;1295.2;Powiat m. Skierniewice;34.55875472;71.15621041;205.8992316;6.85;187;541.1074604;143;413.788058;12663.86334;4668.23965;5;OR_C2;295;4.28;1042;3.52;295;4.28;1042;2.72;1;1
7kx8gnn6gku6;454;1;0;15;1020044;22023;2;1020;193.4;Powiat zgierski;853.9990645;182.2143352;21.33659658;2.18;888;103.9813785;1106.6;129.5785963;7723.5086;0;0;OR_C2;10658;145.57;13176;42.12;11856;60.12;12520;22.58;0;1
7lv8b2pgg6s6;455;1;0;13;1061011;645693;1;1061;2182.1;Powiat m. £Ûdü;292.8501406;1049.525352;358.3830796;4.03;2296;784.0187459;763.4;260.6794036;8931.032738;8699.408424;4;OR_C2;10976;153.65;12685;42.47;16842;89.67;12080;30.73;1;0
7o2dmi4lho6a;456;1;1;17;1016092;11492;2;1016;106;Powiat tomaszowski;1023.091277;198.4567764;19.39775862;7.99;616;60.20968156;975.8;95.3776092;4970.05896;144.8328213;3;OR_C2;6336;86.02;6336;19.87;10703;366.32;8030;8.13;;
7o9p4n8nzh93;457;1;1;10;1008052;7656;3;1008;240.6;Powiat pabianicki;491.5247438;135.3532664;27.53742677;4.91;456;92.77254212;567.3;115.4163665;5797.552486;752.7879757;4;OR_C2;3172;43.77;3335;11;3773;24.73;3318;5.55;0;0
7p27gdp9zj97;458;1;1;18;1061011;645693;1;1061;2182.1;Powiat m. £Ûdü;292.8501406;1049.525352;358.3830796;4.03;2296;784.0187459;763.4;260.6794036;11532.87888;3506.918817;7;OR_C2;7604;106.58;8172;28.18;10512;50.85;10298;25.18;0;0
7rm48jw6w766;459;1;1;18;1061011;645693;1;1061;2182.1;Powiat m. £Ûdü;292.8501406;1049.525352;358.3830796;4.03;2296;784.0187459;763.4;260.6794036;11604.71875;10827.98871;6;OR_C2;4025;56.5;4362;15.47;4718;25.38;4496;10.38;0;0
7wc7fma2ag77;460;1;1;17;1016062;7146;3;1016;106;Powiat tomaszowski;1023.091277;198.4567764;19.39775862;7.99;616;60.20968156;975.8;95.3776092;4068.116669;73.5026774;1;OR_C2;9093;122.45;9733;29.32;21202;67.42;9415;13.45;1;1
879oxx6war8a;461;1;0;18;1061011;645693;1;1061;2182.1;Powiat m. £Ûdü;292.8501406;1049.525352;358.3830796;4.03;2296;784.0187459;763.4;260.6794036;6844.032282;14190.66673;0;OR_C2;7602;104.2;8246;27.7;9391;47.58;8866;23.82;0;0
8eg9hd9mfm7r;462;1;1;15;1016072;5984;3;1016;106;Powiat tomaszowski;1023.091277;198.4567764;19.39775862;7.99;616;60.20968156;975.8;95.3776092;3425.027828;71.45405789;0;OR_C2;23469;317.67;23875;70.87;67050;124.87;24250;29.22;0;0
8he7ybk732j4;463;1;0;18;1013011;15783;2;1013;70;Powiat rawski;645.5332469;90.80383441;14.06648455;4.73;252;39.03749361;647.5;100.3046711;6341.743212;0;0;OR_C2;4176;57.43;4479;15.65;4176;57.43;7230;8.23;0;0
8j23srv6j7e6;464;1;0;18;1012011;42412;2;1012;72.5;Powiat radomszczaÒski;1441.229323;125.7545581;8.725506492;2.07;833;57.79788039;1190.9;82.63084725;11017.09857;2348.609729;7;OR_C2;1329;17.87;1445;4.65;1329;17.87;1946;4.23;1;0
8ru6zac4h6bz;465;1;1;14;1008011;19276;2;1008;240.6;Powiat pabianicki;491.5247438;135.3532664;27.53742677;4.91;456;92.77254212;567.3;115.4163665;5595.456756;0;0;OR_C2;3;0.03;3;0;3;0.03;3;0;0;1
94ggd4iiy8f7;466;1;0;15;1012011;42412;2;1012;72.5;Powiat radomszczaÒski;1441.229323;125.7545581;8.725506492;2.07;833;57.79788039;1190.9;82.63084725;6643.388115;0;4;OR_C2;1834;24.85;2704;8.8;1834;24.85;2379;4.82;1;1
96h7o9if2jh8;467;1;1;18;1061011;645693;1;1061;2182.1;Powiat m. £Ûdü;292.8501406;1049.525352;358.3830796;4.03;2296;784.0187459;763.4;260.6794036;13316.58839;9242.969011;13;OR_C2;4737;66.9;5368;21.85;8721;39.92;6513;12.38;;
98an97hyj4u3;468;1;1;18;1016104;1499;3;1016;106;Powiat tomaszowski;1023.091277;198.4567764;19.39775862;7.99;616;60.20968156;975.8;95.3776092;6204.480806;3363.612962;2;OR_C2;41222;560.85;42314;132.92;51499;139.82;45893;50.83;1;0
9mm26obd4ci7;469;1;1;18;1061011;645693;1;1061;2182.1;Powiat m. £Ûdü;292.8501406;1049.525352;358.3830796;4.03;2296;784.0187459;763.4;260.6794036;8123.983199;16783.94954;6;OR_C2;2749;36.62;3097;9.75;3077;15.45;3163;9.37;0;0
3839epo2inw7;470;1;1;16;1016011;56681;2;1016;106;Powiat tomaszowski;1023.091277;198.4567764;19.39775862;7.99;616;60.20968156;975.8;95.3776092;10761.08346;7275.610273;6;OR_C2;1963;26.47;2368;7.37;3181;17.27;2321;5.13;1;0
72gyl9oi8zxu;471;1;1;17;1010022;4026;3;1010;62.4;Powiat piotrkowski;1426.409646;162.5195004;11.39360638;2.45;896;62.81505476;1306.2;91.57257202;6265.331198;1317.35868;1;OR_C2;16413;222.88;17629;52.9;65468;152.78;17037;19.95;0;0
4r7j47izd969;472;1;1;17;1061011;645693;1;1061;2182.1;Powiat m. £Ûdü;292.8501406;1049.525352;358.3830796;4.03;2296;784.0187459;763.4;260.6794036;6807.680437;2762.822206;4;OR_C2;8643;118.18;9523;34.9;9792;40.75;9447;17.35;;
7j3hiw696yp3;473;1;1;16;1061011;645693;1;1061;2182.1;Powiat m. £Ûdü;292.8501406;1049.525352;358.3830796;4.03;2296;784.0187459;763.4;260.6794036;9947.246742;1459.989709;9;OR_C2;4392;60.98;4834;17.18;4590;26.98;4937;10.68;1;0
2xu3u9cmz6o6;474;1;0;16;1016011;56681;2;1016;106;Powiat tomaszowski;1023.091277;198.4567764;19.39775862;7.99;616;60.20968156;975.8;95.3776092;9259.709222;4805.456299;8;OR_C2;2264;30.6;2264;6.9;4991;25.75;2264;4.42;;
3h9whv6hwy29;475;1;1;16;1061011;645693;1;1061;2182.1;Powiat m. £Ûdü;292.8501406;1049.525352;358.3830796;4.03;2296;784.0187459;763.4;260.6794036;9182.411974;10922.56924;10;OR_C2;7530;103.58;8281;29.03;8227;41.87;8994;26.62;0;0
49os8xsx7oi4;476;1;0;16;1016011;56681;2;1016;106;Powiat tomaszowski;1023.091277;198.4567764;19.39775862;7.99;616;60.20968156;975.8;95.3776092;10570.65097;10739.6991;6;OR_C2;1237;16.23;1237;4.57;1593;12.27;1505;4.88;;
7atu6vk3oj64;477;1;0;16;1061011;645693;1;1061;2182.1;Powiat m. £Ûdü;292.8501406;1049.525352;358.3830796;4.03;2296;784.0187459;763.4;260.6794036;6433.246761;0;2;OR_C2;14720;202.37;17716;52.22;16949;58.65;16475;25.82;;
4s77njg9r64i;478;1;0;16;1061011;645693;1;1061;2182.1;Powiat m. £Ûdü;292.8501406;1049.525352;358.3830796;4.03;2296;784.0187459;763.4;260.6794036;15606.31315;10705.90057;11;OR_C2;7689;103.15;8522;27.8;10615;44.82;9234;22.47;0;0
8akx9i9grz64;479;1;1;16;1016104;1499;3;1016;106;Powiat tomaszowski;1023.091277;198.4567764;19.39775862;7.99;616;60.20968156;975.8;95.3776092;5176.529467;1169.548601;2;OR_C2;10521;142.92;10926;33.68;13774;31.1;12396;15.62;0;1
9uk9pp7smb64;480;1;0;11;1061011;645693;1;1061;2182.1;Powiat m. £Ûdü;292.8501406;1049.525352;358.3830796;4.03;2296;784.0187459;763.4;260.6794036;6376.283067;15756.69428;0;OR_N2;181;0.97;148;1.22;148;2.02;181;0.97;0;1
9uk9pp7smb64;481;1;0;11;1061011;645693;1;1061;2182.1;Powiat m. £Ûdü;292.8501406;1049.525352;358.3830796;4.03;2296;784.0187459;763.4;260.6794036;6376.283067;15756.69428;0;OR_N1;202;1.02;242;1.72;242;3.12;202;1.02;;
224ufg3bxo49;482;1;;;1061011;645693;1;1061;2182.1;Powiat m. £Ûdü;292.8501406;1049.525352;358.3830796;4.03;2296;784.0187459;763.4;260.6794036;;;;OR_C1;;;;;;;;;;
233k2pxo3ju3;1;2;1;9;1061011;645693;1;1061;2182.1;Powiat m. £Ûdü;292.8501406;1049.525352;358.3830796;4.03;2296;784.0187459;763.4;260.6794036;12439.86945;2324.039028;14;S;3014;42.3;3140;12;3849;20.47;3147;12.88;1;1
26xip874hvx8;2;2;1;18;1061011;645693;1;1061;2182.1;Powiat m. £Ûdü;292.8501406;1049.525352;358.3830796;4.03;2296;784.0187459;763.4;260.6794036;8906.049073;5924.610432;12;S;344;4.65;344;0.93;344;4.65;344;1.97;0;0
27zbi9vpg3z6;3;2;1;12;1008011;19276;2;1008;240.6;Powiat pabianicki;491.5247438;135.3532664;27.53742677;4.91;456;92.77254212;567.3;115.4163665;5134.879163;0;0;S;7986;109.62;8579;26.23;10004;56.43;9510;19.23;;
2979hck27rkh;4;2;;7;1061011;645693;1;1061;2182.1;Powiat m. £Ûdü;292.8501406;1049.525352;358.3830796;4.03;2296;784.0187459;763.4;260.6794036;8234.449081;2452.280035;4;S;74;1.12;74;0.22;74;1.12;74;0.27;;
9uk9pp7smb64;5;2;0;11;1061011;645693;1;1061;2182.1;Powiat m. £Ûdü;292.8501406;1049.525352;358.3830796;4.03;2296;784.0187459;763.4;260.6794036;6376.283067;15756.69428;0;S;1138;5.45;896;3.03;680;8.85;1138;5.45;0;0
2du2axj46el8;6;2;1;16;1016011;56681;2;1016;106;Powiat tomaszowski;1023.091277;198.4567764;19.39775862;7.99;616;60.20968156;975.8;95.3776092;9642.72979;2190.58007;7;S;1580;22.78;2003;8.45;2558;22.33;2028;4.18;1;0
2dx8ntr6u3p7;7;2;1;9;1061011;645693;1;1061;2182.1;Powiat m. £Ûdü;292.8501406;1049.525352;358.3830796;4.03;2296;784.0187459;763.4;260.6794036;8275.309989;2702.630823;16;S;1206;16.8;1206;4.48;1214;13.52;1206;5.12;0;0
2ej7uw8v6437;8;2;1;18;1061011;645693;1;1061;2182.1;Powiat m. £Ûdü;292.8501406;1049.525352;358.3830796;4.03;2296;784.0187459;763.4;260.6794036;8190.114064;1661.024169;23;S;3218;44.85;3225;12.35;4131;24.53;3453;11.52;0;0
2ko2rum9mxy8;9;2;1;18;1061011;645693;1;1061;2182.1;Powiat m. £Ûdü;292.8501406;1049.525352;358.3830796;4.03;2296;784.0187459;763.4;260.6794036;12417.70073;6971.853989;10;S;4355;59.32;4728;14;7061;28.43;4837;9.55;0;0
2n3k6ghy89c7;10;2;0;12;1061011;645693;1;1061;2182.1;Powiat m. £Ûdü;292.8501406;1049.525352;358.3830796;4.03;2296;784.0187459;763.4;260.6794036;9056.95102;2469.217016;16;S;1017;14.3;1017;3.43;1024;11;1017;4.12;0;0
2o8xhr7k6nrv;11;2;1;14;1061011;645693;1;1061;2182.1;Powiat m. £Ûdü;292.8501406;1049.525352;358.3830796;4.03;2296;784.0187459;763.4;260.6794036;11773.74209;3707.15273;20;S;3538;48.72;3505;12.52;3904;22.6;3505;13.83;1;0
2rc8zdf4gle9;12;2;0;16;1016112;3065;3;1016;106;Powiat tomaszowski;1023.091277;198.4567764;19.39775862;7.99;616;60.20968156;975.8;95.3776092;5412.936538;0;1;S;24571;331.57;26814;82.8;;;26652;27.62;0;0
2x3fcu99cxl9;13;2;1;16;1020031;52938;2;1020;193.4;Powiat zgierski;853.9990645;182.2143352;21.33659658;2.18;888;103.9813785;1106.6;129.5785963;8461.368515;0;2;S;1532;21.7;1532;5.3;1532;21.7;1532;3.13;0;0
2xe7r3dr364v;14;2;0;11;1010022;4026;3;1010;62.4;Powiat piotrkowski;1426.409646;162.5195004;11.39360638;2.45;896;62.81505476;1306.2;91.57257202;5822.150752;0;1;S;3245;44.65;3245;10.53;3245;44.65;3245;3.75;1;0
2xk4nas4k249;15;2;1;17;1061011;645693;1;1061;2182.1;Powiat m. £Ûdü;292.8501406;1049.525352;358.3830796;4.03;2296;784.0187459;763.4;260.6794036;10934.81723;5786.509206;12;S;94;1.38;150;0.53;94;1.38;94;0.5;0;0
2y84pei3u444;16;2;1;18;1061011;645693;1;1061;2182.1;Powiat m. £Ûdü;292.8501406;1049.525352;358.3830796;4.03;2296;784.0187459;763.4;260.6794036;11872.19813;8321.121911;14;S;6236;84.97;6619;21.28;6338;40.05;6741;14.9;;
2zir9dn2hgr4;17;2;1;16;1016092;11492;2;1016;106;Powiat tomaszowski;1023.091277;198.4567764;19.39775862;7.99;616;60.20968156;975.8;95.3776092;5066.386004;144.8328213;2;S;6518;89.2;6326;20.57;11471;365.97;6326;8.87;0;0
36f82lsz2mr6;18;2;1;17;1061011;645693;1;1061;2182.1;Powiat m. £Ûdü;292.8501406;1049.525352;358.3830796;4.03;2296;784.0187459;763.4;260.6794036;10364.50176;2286.406817;6;S;6149;83.87;6365;19.88;6701;34.65;7614;15.52;0;0
39lbr4j87h93;19;2;1;18;1063011;45121;2;1063;1295.2;Powiat m. Skierniewice;34.55875472;71.15621041;205.8992316;6.85;187;541.1074604;143;413.788058;6342.540928;8301.592858;4;S;56468;767.63;62312;194.92;71661;70.65;74223;60.8;;
3au8rjg8kra3;20;2;0;16;1020045;13380;2;1020;193.4;Powiat zgierski;853.9990645;182.2143352;21.33659658;2.18;888;103.9813785;1106.6;129.5785963;11606.15205;0;1;S;12928;183;14896;51.13;17839;68.83;16450;30.38;1;0
3cp9rp47jfb6;21;2;0;13;1061011;645693;1;1061;2182.1;Powiat m. £Ûdü;292.8501406;1049.525352;358.3830796;4.03;2296;784.0187459;763.4;260.6794036;10185.85035;3326.207838;14;S;4968;68.13;5524;22.95;6088;34.2;5958;13.77;0;0
3gb3vwm8hlb3;22;2;1;16;1061011;645693;1;1061;2182.1;Powiat m. £Ûdü;292.8501406;1049.525352;358.3830796;4.03;2296;784.0187459;763.4;260.6794036;9834.35267;8148.652897;6;S;6269;86.42;6645;22.72;7854;45.25;6570;17.67;0;0
3go4fki2ue29;23;2;1;16;1061011;645693;1;1061;2182.1;Powiat m. £Ûdü;292.8501406;1049.525352;358.3830796;4.03;2296;784.0187459;763.4;260.6794036;11344.58041;3413.189673;14;S;1391;19.77;1602;6.62;1660;11.83;1849;6.43;0;0
3ht6stl64x34;24;2;1;17;1016011;56681;2;1016;106;Powiat tomaszowski;1023.091277;198.4567764;19.39775862;7.99;616;60.20968156;975.8;95.3776092;9051.691328;5190.352661;9;S;1549;21.87;1749;7.48;1549;21.87;1807;3.78;1;0
3im9px4hj33i;25;2;1;18;1008011;19276;2;1008;240.6;Powiat pabianicki;491.5247438;135.3532664;27.53742677;4.91;456;92.77254212;567.3;115.4163665;7264.93626;2105.578367;5;S;13633;191;14050;48.67;18808;68.13;15170;26.65;0;0
3j9irh9sxs33;26;2;1;17;1061011;645693;1;1061;2182.1;Powiat m. £Ûdü;292.8501406;1049.525352;358.3830796;4.03;2296;784.0187459;763.4;260.6794036;11022.37966;134.7830001;7;S;7244;103.08;7524;26.7;9535;52.75;7684;19.67;0;0
3on3hvn42jv3;27;2;0;18;1013011;15783;2;1013;70;Powiat rawski;645.5332469;90.80383441;14.06648455;4.73;252;39.03749361;647.5;100.3046711;9356.730973;0;0;S;2233;30.72;2181;7.48;2233;30.72;2181;4.48;1;0
3szp6akh7ww3;28;2;1;17;1008021;59910;2;1008;240.6;Powiat pabianicki;491.5247438;135.3532664;27.53742677;4.91;456;92.77254212;567.3;115.4163665;10575.06863;2623.485497;11;S;750;10.18;750;2.13;750;10.18;750;1.8;0;0
3tg3ibp6zxf3;29;2;1;18;1061011;645693;1;1061;2182.1;Powiat m. £Ûdü;292.8501406;1049.525352;358.3830796;4.03;2296;784.0187459;763.4;260.6794036;8644.531516;9096.997373;2;S;3516;49.23;4277;14.05;4573;30.15;4871;12;0;0
3x6k8mg2fvh6;31;2;0;16;1016092;11492;2;1016;106;Powiat tomaszowski;1023.091277;198.4567764;19.39775862;7.99;616;60.20968156;975.8;95.3776092;6026.822418;0;0;S;4510;61.35;4842;14.63;5409;27.08;4978;8.8;0;0
3xbe9s3xy8o4;32;2;1;10;1061011;645693;1;1061;2182.1;Powiat m. £Ûdü;292.8501406;1049.525352;358.3830796;4.03;2296;784.0187459;763.4;260.6794036;8576.899613;3397.02132;16;S;5385;76.23;6276;21.92;6631;42.88;6214;16.05;0;0
3y2lsk8l49b4;33;2;0;7;1061011;645693;1;1061;2182.1;Powiat m. £Ûdü;292.8501406;1049.525352;358.3830796;4.03;2296;784.0187459;763.4;260.6794036;10223.57553;11311.05842;6;S;1268;17.43;1268;4.43;1290;13.07;2018;4.53;0;0
3z4f7gi3w7xe;34;2;0;15;1061011;645693;1;1061;2182.1;Powiat m. £Ûdü;292.8501406;1049.525352;358.3830796;4.03;2296;784.0187459;763.4;260.6794036;7027.07254;7622.31247;9;S;2933;41.17;3200;11.3;2927;15.38;3435;7;0;0
42srw7uo87m7;35;2;1;17;1009052;4876;3;1009;59.1;Powiat pajÍczaÒski;803.0385073;66.0912157;8.230142776;16.28;280;34.8675683;627.1;78.09090029;3590.790245;0;3;S;13521;180.97;13521;40.6;23871;40.47;13521;11.93;0;0
42tsi2klr8a9;36;2;0;12;1061011;645693;1;1061;2182.1;Powiat m. £Ûdü;292.8501406;1049.525352;358.3830796;4.03;2296;784.0187459;763.4;260.6794036;11739.31906;4261.189338;6;S;2694;36.68;2732;8.97;3328;18.67;3085;7.4;0;0
476pyf7mzi93;37;2;1;16;1020011;12956;2;1020;193.4;Powiat zgierski;853.9990645;182.2143352;21.33659658;2.18;888;103.9813785;1106.6;129.5785963;3277.529619;378.8529425;0;S;34851;480.68;42486;138.1;42534;97.5;36393;47.47;1;0
47gw3dym2wp3;38;2;0;11;1061011;645693;1;1061;2182.1;Powiat m. £Ûdü;292.8501406;1049.525352;358.3830796;4.03;2296;784.0187459;763.4;260.6794036;13279.58359;4874.043571;10;S;136;1.82;136;0.35;136;1.82;136;0.52;0;0
48rka8fno834;39;2;1;17;1001072;8116;3;1001;110.8;Powiat be≥chatowski;966.2626658;198.2751399;20.51979724;14.05;961;99.45535868;943.4;97.63390778;6150.382231;0;2;S;306;4.18;306;2.8;306;4.18;306;1.38;0;0
4a9gl6njo9uk;40;2;0;18;1020011;12956;2;1020;193.4;Powiat zgierski;853.9990645;182.2143352;21.33659658;2.18;888;103.9813785;1106.6;129.5785963;4850.81326;62.99420572;0;S;29518;407.67;37786;120.3;46765;99.62;30014;37.33;0;0
4af9frv8ctg9;41;2;1;18;1061011;645693;1;1061;2182.1;Powiat m. £Ûdü;292.8501406;1049.525352;358.3830796;4.03;2296;784.0187459;763.4;260.6794036;12495.11962;10407.26663;4;S;6255;87.93;6528;24.88;7573;35.53;7345;18.65;0;0
4an62jin83w9;42;2;1;16;1061011;645693;1;1061;2182.1;Powiat m. £Ûdü;292.8501406;1049.525352;358.3830796;4.03;2296;784.0187459;763.4;260.6794036;11319.27252;11284.2932;6;S;1552;21.43;1983;7.27;1806;8.03;3441;7.43;1;0
4bu4ne3uhm37;43;2;1;17;1001072;8116;3;1001;110.8;Powiat be≥chatowski;966.2626658;198.2751399;20.51979724;14.05;961;99.45535868;943.4;97.63390778;5919.398048;1192.876914;0;S;1560;21.47;1560;5.92;1560;21.47;1571;3.12;0;0
4gl76grn83n8;44;2;0;16;1061011;645693;1;1061;2182.1;Powiat m. £Ûdü;292.8501406;1049.525352;358.3830796;4.03;2296;784.0187459;763.4;260.6794036;6808.29605;12735.12437;9;S;89196;1209.53;95692;293.37;113682;138.57;98746;75.12;0;0
4hl4hw7kfg49;45;2;1;10;1061011;645693;1;1061;2182.1;Powiat m. £Ûdü;292.8501406;1049.525352;358.3830796;4.03;2296;784.0187459;763.4;260.6794036;11372.90748;6329.051118;2;S;499;6.93;499;1.48;499;6.93;620;3.03;0;1
4j7xjz2w3fr4;46;2;1;13;1061011;645693;1;1061;2182.1;Powiat m. £Ûdü;292.8501406;1049.525352;358.3830796;4.03;2296;784.0187459;763.4;260.6794036;9675.510758;1637.468546;2;S;4145;57.42;4881;16.58;5102;24;4777;10.92;0;0
4jg2zp2rmh47;47;2;1;16;1061011;645693;1;1061;2182.1;Powiat m. £Ûdü;292.8501406;1049.525352;358.3830796;4.03;2296;784.0187459;763.4;260.6794036;7407.928761;9896.721601;9;S;6464;90.97;7396;27.05;7310;42.22;8105;17.97;0;0
4k4ybe27u723;49;2;1;16;1012022;4621;3;1012;72.5;Powiat radomszczaÒski;1441.229323;125.7545581;8.725506492;2.07;833;57.79788039;1190.9;82.63084725;7717.209254;84.46199513;1;S;5623;75;5623;16.68;21772;140.78;5636;7.2;0;0
4tc49psw89d4;50;2;1;17;1001072;8116;3;1001;110.8;Powiat be≥chatowski;966.2626658;198.2751399;20.51979724;14.05;961;99.45535868;943.4;97.63390778;3843.194407;0;2;S;4482;60.38;4563;14.6;5494;16.57;4563;5.37;0;0
4xx4s7jse6n4;51;2;1;16;1020085;9675;3;1020;193.4;Powiat zgierski;853.9990645;182.2143352;21.33659658;2.18;888;103.9813785;1106.6;129.5785963;3359.823334;0;0;S;11455;157.85;12651;43.72;12124;38.68;11897;16.48;1;0
4zh87sa8kbc6;52;2;1;18;1061011;645693;1;1061;2182.1;Powiat m. £Ûdü;292.8501406;1049.525352;358.3830796;4.03;2296;784.0187459;763.4;260.6794036;5802.245796;655.8743772;2;S;7390;101.82;7918;26.33;10041;45.38;7814;14.45;0;0
4zm8obt2xcd4;53;2;1;17;1016011;56681;2;1016;106;Powiat tomaszowski;1023.091277;198.4567764;19.39775862;7.99;616;60.20968156;975.8;95.3776092;6864.022174;46.23310951;4;S;4095;56.3;4306;14.52;7620;25.13;4424;7.9;0;0
622nvb4dbl76;54;2;1;18;1061011;645693;1;1061;2182.1;Powiat m. £Ûdü;292.8501406;1049.525352;358.3830796;4.03;2296;784.0187459;763.4;260.6794036;12042.24721;11524.08415;7;S;2190;30.3;2534;9.23;2491;13.08;2319;7.57;0;0
62pbm94hiy37;55;2;1;16;1016062;7146;3;1016;106;Powiat tomaszowski;1023.091277;198.4567764;19.39775862;7.99;616;60.20968156;975.8;95.3776092;6859.291174;0;4;S;4149;57.23;4266;16.12;7929;20.58;4276;7.15;0;0
63fi6clb6326;56;2;1;17;1012011;42412;2;1012;72.5;Powiat radomszczaÒski;1441.229323;125.7545581;8.725506492;2.07;833;57.79788039;1190.9;82.63084725;9459.872748;115.0943562;3;S;2494;35.37;2994;11.47;2494;35.37;2603;5.82;0;0
67jso9gjh6jf;57;2;0;15;1016072;5984;3;1016;106;Powiat tomaszowski;1023.091277;198.4567764;19.39775862;7.99;616;60.20968156;975.8;95.3776092;7422.970363;1227.860659;4;S;27247;370.72;28102;85.32;37463;78.75;28029;39.82;1;0
68uzd7gvw2o4;58;2;1;14;1061011;645693;1;1061;2182.1;Powiat m. £Ûdü;292.8501406;1049.525352;358.3830796;4.03;2296;784.0187459;763.4;260.6794036;11849.6004;3619.541545;19;S;3591;49.43;3558;12.67;3957;23.32;3558;14.17;1;0
6d36nm7pzj86;59;2;1;16;1016032;2069;3;1016;106;Powiat tomaszowski;1023.091277;198.4567764;19.39775862;7.99;616;60.20968156;975.8;95.3776092;4758.173036;0;1;S;18905;254.62;20988;64.02;;;20875;22.12;;
6gl2wtt6zef9;60;2;1;16;1016011;56681;2;1016;106;Powiat tomaszowski;1023.091277;198.4567764;19.39775862;7.99;616;60.20968156;975.8;95.3776092;11960.16849;11001.19645;8;S;1022;13.88;1204;3.53;1022;13.88;1388;3.22;0;0
6hx2yg9sv774;61;2;1;13;1061011;645693;1;1061;2182.1;Powiat m. £Ûdü;292.8501406;1049.525352;358.3830796;4.03;2296;784.0187459;763.4;260.6794036;12274.89621;7306.47684;8;S;353;4.78;353;0.97;353;4.78;325;1.92;1;1
6k499kz2gx99;62;2;1;18;1016072;5984;3;1016;106;Powiat tomaszowski;1023.091277;198.4567764;19.39775862;7.99;616;60.20968156;975.8;95.3776092;4807.81025;1101.43564;4;S;27668;377.27;28971;87.4;39092;95.92;28406;37.35;0;0
6ki3s8kdc7f8;63;2;1;18;1020044;22023;2;1020;193.4;Powiat zgierski;853.9990645;182.2143352;21.33659658;2.18;888;103.9813785;1106.6;129.5785963;8016.165447;0;0;S;5358;73.4;5820;18.3;9253;38.85;5478;8.62;1;0
6pz7mb6nrp99;64;2;1;18;1061011;645693;1;1061;2182.1;Powiat m. £Ûdü;292.8501406;1049.525352;358.3830796;4.03;2296;784.0187459;763.4;260.6794036;12272.17438;10852.56545;6;S;2128;29.52;2604;9.58;2407;11.95;2365;7.45;1;0
6rzb33d28el6;65;2;0;18;1013011;15783;2;1013;70;Powiat rawski;645.5332469;90.80383441;14.06648455;4.73;252;39.03749361;647.5;100.3046711;6405.453483;0;0;S;2356;31.87;2356;7.57;2356;31.87;2651;4.4;1;0
6s9dlj6zni43;66;2;1;14;1061011;645693;1;1061;2182.1;Powiat m. £Ûdü;292.8501406;1049.525352;358.3830796;4.03;2296;784.0187459;763.4;260.6794036;9606.731195;2915.68441;15;S;1714;23.33;1714;6.62;1726;17.07;1714;6.35;1;0
6t2ngt39uuw9;67;2;1;17;1001062;4749;3;1001;110.8;Powiat be≥chatowski;966.2626658;198.2751399;20.51979724;14.05;961;99.45535868;943.4;97.63390778;6347.723363;347.6512596;2;S;7806;104.93;10798;31.67;;;7806;6.53;0;0
6to2po2ecb69;68;2;0;18;1061011;645693;1;1061;2182.1;Powiat m. £Ûdü;292.8501406;1049.525352;358.3830796;4.03;2296;784.0187459;763.4;260.6794036;8121.147336;10132.2345;9;S;8905;125.4;9976;35.13;10719;43.95;10423;21.57;0;0
6vd6nsa7bo43;69;2;0;11;1061011;645693;1;1061;2182.1;Powiat m. £Ûdü;292.8501406;1049.525352;358.3830796;4.03;2296;784.0187459;763.4;260.6794036;10334.07983;10701.68234;6;S;1274;17.05;1387;4.55;1918;14.17;4009;9.38;0;0
6vw884jia7vs;70;2;1;9;1061011;645693;1;1061;2182.1;Powiat m. £Ûdü;292.8501406;1049.525352;358.3830796;4.03;2296;784.0187459;763.4;260.6794036;12680.22482;3722.511044;11;S;6;0.08;6;0.02;6;0.08;6;0.02;0;0
6wp6de7cbt83;71;2;1;17;1001072;8116;3;1001;110.8;Powiat be≥chatowski;966.2626658;198.2751399;20.51979724;14.05;961;99.45535868;943.4;97.63390778;7634.098779;0;2;S;9;0.12;9;0.03;9;0.12;9;0.02;0;0
722wv6i8eza8;72;2;1;12;1006082;5811;3;1006;151;Powiat ≥Ûdzki wschodni;499.1387193;129.2560513;25.89581739;10.7;448;89.75460783;667;133.6301862;5748.39385;264.4064392;4;S;5494;75.48;5521;18.33;6007;21.9;5501;8.47;0;0
72hi2n74vau7;73;2;0;13;1061011;645693;1;1061;2182.1;Powiat m. £Ûdü;292.8501406;1049.525352;358.3830796;4.03;2296;784.0187459;763.4;260.6794036;14949.96648;1511.054291;15;S;1505;20.7;1639;6;2143;13.6;1577;3.78;0;0
73ayd2h7seb3;74;2;1;16;1012042;5606;3;1012;72.5;Powiat radomszczaÒski;1441.229323;125.7545581;8.725506492;2.07;833;57.79788039;1190.9;82.63084725;5958.68693;2184.950857;1;S;14298;195.73;16635;55.12;14889;67.5;14311;19.63;0;0
74wis3tyl8y6;75;2;1;15;1061011;645693;1;1061;2182.1;Powiat m. £Ûdü;292.8501406;1049.525352;358.3830796;4.03;2296;784.0187459;763.4;260.6794036;8339.263574;5184.172472;9;S;8624;120.52;9363;33.02;10033;42.93;13036;23.12;1;0
76gwi6kye8n9;76;2;0;16;1017054;1332;3;1017;77.1;Powiat wieluÒski;924.9576466;121.9433161;13.18366485;5.58;548;59.24595597;873.6;94.44756776;8685.075103;572.5291402;2;S;22055;299.08;27348;82.85;;;24994;20.78;0;0
7c94t9elp9c3;77;2;1;12;1061011;645693;1;1061;2182.1;Powiat m. £Ûdü;292.8501406;1049.525352;358.3830796;4.03;2296;784.0187459;763.4;260.6794036;11060.95797;6826.706303;12;S;898;12.1;1088;3.13;898;12.1;1060;4;0;0
7de2vma2xvh3;78;2;1;17;1012142;4735;3;1012;72.5;Powiat radomszczaÒski;1441.229323;125.7545581;8.725506492;2.07;833;57.79788039;1190.9;82.63084725;5155.598929;351.9768498;1;S;22509;304.93;24961;74.9;;;25887;25.7;1;0
7dv6llr6zbx3;79;2;1;16;1061011;645693;1;1061;2182.1;Powiat m. £Ûdü;292.8501406;1049.525352;358.3830796;4.03;2296;784.0187459;763.4;260.6794036;6825.153418;2325.589667;2;S;2024;27.68;2064;7.2;2969;22.78;2793;5.58;0;0
7gb6uu4lhx49;80;2;0;17;1061011;645693;1;1061;2182.1;Powiat m. £Ûdü;292.8501406;1049.525352;358.3830796;4.03;2296;784.0187459;763.4;260.6794036;8284.124894;3697.729475;15;S;2259;31.98;2422;9.02;2813;16.13;2982;6.97;1;0
7hr22ben944c;81;2;0;16;1006082;5811;3;1006;151;Powiat ≥Ûdzki wschodni;499.1387193;129.2560513;25.89581739;10.7;448;89.75460783;667;133.6301862;5748.39385;264.4064392;4;S;7754;105.53;8204;25.08;8697;28.92;7748;11.78;0;0
7hu39ehn8dx8;82;2;0;14;1063011;45121;2;1063;1295.2;Powiat m. Skierniewice;34.55875472;71.15621041;205.8992316;6.85;187;541.1074604;143;413.788058;12663.86334;4668.23965;5;S;547;7.53;647;1.95;547;7.53;647;1.98;1;1
7j4npc2k2gf4;83;2;0;13;1061011;645693;1;1061;2182.1;Powiat m. £Ûdü;292.8501406;1049.525352;358.3830796;4.03;2296;784.0187459;763.4;260.6794036;7282.577684;5964.173791;7;S;2765;39.47;3170;12.38;3385;16.7;3804;10.65;0;0
7kx8gnn6gku6;84;2;0;15;1020044;22023;2;1020;193.4;Powiat zgierski;853.9990645;182.2143352;21.33659658;2.18;888;103.9813785;1106.6;129.5785963;7723.5086;0;0;S;12297;171.15;12872;42.63;13389;68.77;13233;26.02;1;1
7lv8b2pgg6s6;85;2;0;13;1061011;645693;1;1061;2182.1;Powiat m. £Ûdü;292.8501406;1049.525352;358.3830796;4.03;2296;784.0187459;763.4;260.6794036;8931.032738;8699.408424;4;S;812;10.57;896;2.27;812;10.57;1860;7.33;0;0
7o2dmi4lho6a;86;2;1;17;1016092;11492;2;1016;106;Powiat tomaszowski;1023.091277;198.4567764;19.39775862;7.99;616;60.20968156;975.8;95.3776092;4970.05896;144.8328213;3;S;6631;90.75;6439;20.88;11585;367.52;6439;9;0;0
7o9p4n8nzh93;87;2;1;10;1008052;7656;3;1008;240.6;Powiat pabianicki;491.5247438;135.3532664;27.53742677;4.91;456;92.77254212;567.3;115.4163665;5797.552486;752.7879757;4;S;2179;30.02;2180;7.63;2179;30.02;2454;4.07;0;0
7p27gdp9zj97;88;2;1;18;1061011;645693;1;1061;2182.1;Powiat m. £Ûdü;292.8501406;1049.525352;358.3830796;4.03;2296;784.0187459;763.4;260.6794036;11532.87888;3506.918817;7;S;4272;59.67;4506;16.45;5311;25.82;4979;11.3;1;0
7pr6zb9uw8k7;89;2;0;18;1012011;42412;2;1012;72.5;Powiat radomszczaÒski;1441.229323;125.7545581;8.725506492;2.07;833;57.79788039;1190.9;82.63084725;10967.05271;2348.609729;7;S;59820;804.9;63477;194.97;;;66300;47.72;1;1
7rm48jw6w766;90;2;1;18;1061011;645693;1;1061;2182.1;Powiat m. £Ûdü;292.8501406;1049.525352;358.3830796;4.03;2296;784.0187459;763.4;260.6794036;11604.71875;10827.98871;6;S;4025;56.75;4308;14.47;8740;37.02;4768;12.43;0;0
7wc7fma2ag77;91;2;1;17;1016062;7146;3;1016;106;Powiat tomaszowski;1023.091277;198.4567764;19.39775862;7.99;616;60.20968156;975.8;95.3776092;4068.116669;73.5026774;1;S;9223;124.47;9898;31.2;21140;66.72;9351;12.82;0;0
83bi7nhl3wm6;92;2;1;17;1061011;645693;1;1061;2182.1;Powiat m. £Ûdü;292.8501406;1049.525352;358.3830796;4.03;2296;784.0187459;763.4;260.6794036;10092.50843;2951.650447;2;S;8186;112.83;8573;29.53;9250;55.93;13069;24.45;0;0
879oxx6war8a;93;2;0;18;1061011;645693;1;1061;2182.1;Powiat m. £Ûdü;292.8501406;1049.525352;358.3830796;4.03;2296;784.0187459;763.4;260.6794036;6844.032282;14190.66673;0;S;48;0.65;48;0.13;48;0.65;28;0.12;0;0
8eg9hd9mfm7r;94;2;1;15;1016072;5984;3;1016;106;Powiat tomaszowski;1023.091277;198.4567764;19.39775862;7.99;616;60.20968156;975.8;95.3776092;3425.027828;71.45405789;0;S;21440;289.95;21899;66.67;61376;117.62;22422;27.37;0;0
8fj2yja69ug7;95;2;1;18;1061011;645693;1;1061;2182.1;Powiat m. £Ûdü;292.8501406;1049.525352;358.3830796;4.03;2296;784.0187459;763.4;260.6794036;9670.024441;6119.346317;19;S;505;7.23;534;1.62;505;7.23;505;2.27;0;0
8he7ybk732j4;96;2;0;18;1013011;15783;2;1013;70;Powiat rawski;645.5332469;90.80383441;14.06648455;4.73;252;39.03749361;647.5;100.3046711;6341.743212;0;0;S;2335;31.57;2335;7.48;2335;31.57;2691;4.48;1;0
8j23srv6j7e6;97;2;0;18;1012011;42412;2;1012;72.5;Powiat radomszczaÒski;1441.229323;125.7545581;8.725506492;2.07;833;57.79788039;1190.9;82.63084725;11017.09857;2348.609729;7;S;2059;29.28;2099;8.23;2059;29.28;2832;6.28;1;1
8re94yui6po6;98;2;1;16;1061011;645693;1;1061;2182.1;Powiat m. £Ûdü;292.8501406;1049.525352;358.3830796;4.03;2296;784.0187459;763.4;260.6794036;10742.11502;5107.763374;8;S;6351;87.93;6549;22.72;6645;38.95;8476;20.72;;
8ru6zac4h6bz;99;2;1;14;1008011;19276;2;1008;240.6;Powiat pabianicki;491.5247438;135.3532664;27.53742677;4.91;456;92.77254212;567.3;115.4163665;5595.456756;0;0;S;8010;109.95;8603;26.3;10028;56.77;9501;19.18;0;0
8rx4hrv2hl66;100;2;0;15;1063011;45121;2;1063;1295.2;Powiat m. Skierniewice;34.55875472;71.15621041;205.8992316;6.85;187;541.1074604;143;413.788058;10406.2918;3718.434591;7;S;951;13;1029;4.02;951;13;989;2.7;1;1
8ut24lsg7sat;101;2;0;7;1061011;645693;1;1061;2182.1;Powiat m. £Ûdü;292.8501406;1049.525352;358.3830796;4.03;2296;784.0187459;763.4;260.6794036;8163.53138;9021.815222;2;S;328;4.4;349;0.97;328;4.4;328;1.48;1;1
937zf8uay9u4;102;2;0;16;1061011;645693;1;1061;2182.1;Powiat m. £Ûdü;292.8501406;1049.525352;358.3830796;4.03;2296;784.0187459;763.4;260.6794036;6811.304466;4542.587275;5;S;303;4.15;303;0.85;303;4.15;303;0.88;0;0
93buz4udu9m7;103;2;1;16;1020031;52938;2;1020;193.4;Powiat zgierski;853.9990645;182.2143352;21.33659658;2.18;888;103.9813785;1106.6;129.5785963;9119.727001;1304.081742;6;S;11680;160.75;12041;41.08;14409;46.85;14786;26.47;0;0
94ggd4iiy8f7;104;2;0;15;1012011;42412;2;1012;72.5;Powiat radomszczaÒski;1441.229323;125.7545581;8.725506492;2.07;833;57.79788039;1190.9;82.63084725;6643.388115;0;4;S;3186;44.68;3647;13.22;3186;44.68;3295;6.65;1;0
94jeu24oxi69;105;2;1;17;1012132;4243;3;1012;72.5;Powiat radomszczaÒski;1441.229323;125.7545581;8.725506492;2.07;833;57.79788039;1190.9;82.63084725;5352.295104;0;0;S;26422;356.12;29187;85.92;;;26635;27.3;0;0
94sb6wsl6sm8;106;2;1;18;1008072;9128;3;1008;240.6;Powiat pabianicki;491.5247438;135.3532664;27.53742677;4.91;456;92.77254212;567.3;115.4163665;4563.783304;0;2;S;5061;69.67;5669;17.25;6901;28.5;5111;8.52;0;0
96h7o9if2jh8;107;2;1;18;1061011;645693;1;1061;2182.1;Powiat m. £Ûdü;292.8501406;1049.525352;358.3830796;4.03;2296;784.0187459;763.4;260.6794036;13316.58839;9242.969011;13;S;2047;28.93;2174;8.37;2055;13.42;2070;6.6;1;0
98an97hyj4u3;108;2;1;18;1016104;1499;3;1016;106;Powiat tomaszowski;1023.091277;198.4567764;19.39775862;7.99;616;60.20968156;975.8;95.3776092;6204.480806;3363.612962;2;S;11315;154.43;11721;37.37;26356;140.13;12552;16.72;0;0
9as67mid33v9;109;2;0;12;1061011;645693;1;1061;2182.1;Powiat m. £Ûdü;292.8501406;1049.525352;358.3830796;4.03;2296;784.0187459;763.4;260.6794036;9968.674416;2576.345711;12;S;325;4.38;359;1.02;325;4.38;330;1.42;0;0
9i7uig8jkh73;110;2;1;16;1061011;645693;1;1061;2182.1;Powiat m. £Ûdü;292.8501406;1049.525352;358.3830796;4.03;2296;784.0187459;763.4;260.6794036;8115.117899;8813.702188;3;S;4394;61.75;4445;16.05;5569;30.55;4963;14.55;1;0
9iy6wx4fuw7t;111;2;1;13;1061011;645693;1;1061;2182.1;Powiat m. £Ûdü;292.8501406;1049.525352;358.3830796;4.03;2296;784.0187459;763.4;260.6794036;11802.14902;3565.206216;20;S;3549;48.83;3516;12.1;3914;22.72;3516;13.65;0;0
9mm26obd4ci7;112;2;1;18;1061011;645693;1;1061;2182.1;Powiat m. £Ûdü;292.8501406;1049.525352;358.3830796;4.03;2296;784.0187459;763.4;260.6794036;8123.983199;16783.94954;6;S;3926;52.85;4104;13.65;4234;19.95;4594;16.03;0;0
9ts43ypx4kp9;113;2;1;17;1016011;56681;2;1016;106;Powiat tomaszowski;1023.091277;198.4567764;19.39775862;7.99;616;60.20968156;975.8;95.3776092;10311.77405;10726.73201;3;S;1504;20.37;1723;5.35;1944;16.95;2017;4.4;0;0
9vw8yca72io7;114;2;1;14;1061011;645693;1;1061;2182.1;Powiat m. £Ûdü;292.8501406;1049.525352;358.3830796;4.03;2296;784.0187459;763.4;260.6794036;9693.362647;2696.295607;13;S;598;8.37;598;2.13;598;8.37;598;3.05;0;0
9yl3yai8bbi4;115;2;0;16;1012011;42412;2;1012;72.5;Powiat radomszczaÒski;1441.229323;125.7545581;8.725506492;2.07;833;57.79788039;1190.9;82.63084725;3942.602815;0;3;S;3748;52.77;4779;16.52;3748;52.77;3744;7.22;1;0
9zf39gaa3ay3;116;2;1;18;1017094;20141;2;1017;77.1;Powiat wieluÒski;924.9576466;121.9433161;13.18366485;5.58;548;59.24595597;873.6;94.44756776;9806.575436;6036.921912;5;S;2476;33.97;2545;8.63;2476;33.97;3075;7.38;0;0
4g4fog98arl8;117;2;1;16;1061011;645693;1;1061;2182.1;Powiat m. £Ûdü;292.8501406;1049.525352;358.3830796;4.03;2296;784.0187459;763.4;260.6794036;11257.85856;5458.632367;10;S;1062;14.88;1490;5.35;1062;14.88;1941;6.43;0;0
6v4ru436byk2;118;2;0;17;1061011;645693;1;1061;2182.1;Powiat m. £Ûdü;292.8501406;1049.525352;358.3830796;4.03;2296;784.0187459;763.4;260.6794036;12475.11073;6376.522371;10;S;3941;55.4;4200;13.62;12928;42.27;5433;12.58;1;0
4myc3jiy9zca;119;2;0;11;1061011;645693;1;1061;2182.1;Powiat m. £Ûdü;292.8501406;1049.525352;358.3830796;4.03;2296;784.0187459;763.4;260.6794036;12229.60146;10164.31605;10;S;301;3.98;301;0.8;301;3.98;445;2.35;1;0
8ve3dyb7uc23;120;2;0;16;1061011;645693;1;1061;2182.1;Powiat m. £Ûdü;292.8501406;1049.525352;358.3830796;4.03;2296;784.0187459;763.4;260.6794036;10260.45235;9306.274946;12;S;633;8.75;709;2.13;633;8.75;747;3.9;0;0
4zw9gve83zo9;121;2;0;18;1016011;56681;2;1016;106;Powiat tomaszowski;1023.091277;198.4567764;19.39775862;7.99;616;60.20968156;975.8;95.3776092;6690.695787;2766.584909;5;S;1530;21.45;1772;7.83;1530;21.45;1796;3.52;0;0
4sw4bul2pmj9;122;2;0;16;1016062;7146;3;1016;106;Powiat tomaszowski;1023.091277;198.4567764;19.39775862;7.99;616;60.20968156;975.8;95.3776092;4404.877821;0;1;S;7689;103.65;7805;25.12;23285;86.58;7816;10.73;0;0
3on3vhz6zrn8;123;2;1;16;1061011;645693;1;1061;2182.1;Powiat m. £Ûdü;292.8501406;1049.525352;358.3830796;4.03;2296;784.0187459;763.4;260.6794036;11298.68502;4710.591122;10;S;3708;51.78;5116;16.02;4375;28.88;4543;11.45;0;0
3839epo2inw7;124;2;1;16;1016011;56681;2;1016;106;Powiat tomaszowski;1023.091277;198.4567764;19.39775862;7.99;616;60.20968156;975.8;95.3776092;10761.08346;7275.610273;6;S;2457;34.42;2856;11.93;3789;21.72;2677;6.55;1;0
9pb7nn2x6od4;125;2;1;16;1016042;4790;3;1016;106;Powiat tomaszowski;1023.091277;198.4567764;19.39775862;7.99;616;60.20968156;975.8;95.3776092;15216.95673;523.7336828;3;S;18979;256.35;21411;65.22;;;21672;18.8;0;0
72gyl9oi8zxu;126;2;1;17;1010022;4026;3;1010;62.4;Powiat piotrkowski;1426.409646;162.5195004;11.39360638;2.45;896;62.81505476;1306.2;91.57257202;6265.331198;1317.35868;1;S;23995;325.53;29323;89.97;51631;126.78;24504;30.62;0;0
4r7j47izd969;127;2;1;17;1061011;645693;1;1061;2182.1;Powiat m. £Ûdü;292.8501406;1049.525352;358.3830796;4.03;2296;784.0187459;763.4;260.6794036;6807.680437;2762.822206;4;S;5332;72.43;5331;16;5852;22.82;5800;9.85;0;0
7j3hiw696yp3;128;2;1;16;1061011;645693;1;1061;2182.1;Powiat m. £Ûdü;292.8501406;1049.525352;358.3830796;4.03;2296;784.0187459;763.4;260.6794036;9947.246742;1459.989709;9;S;5883;82.88;6278;23.87;8012;38.97;6281;15.9;0;0
7jo77gnl2d88;129;2;1;17;1016011;56681;2;1016;106;Powiat tomaszowski;1023.091277;198.4567764;19.39775862;7.99;616;60.20968156;975.8;95.3776092;9199.945896;639.6576569;5;S;3535;49.3;3727;11.93;5605;16.87;3694;6.4;0;0
8lx4tsy6dpc6;130;2;0;16;1016092;11492;2;1016;106;Powiat tomaszowski;1023.091277;198.4567764;19.39775862;7.99;616;60.20968156;975.8;95.3776092;7614.934333;0;2;S;3644;49.42;4349;13.48;5939;23.83;3751;8.5;0;0
34i3f2gbm4l9;131;2;1;17;1061011;645693;1;1061;2182.1;Powiat m. £Ûdü;292.8501406;1049.525352;358.3830796;4.03;2296;784.0187459;763.4;260.6794036;6314.532156;4907.52221;3;S;4677;65.52;4977;18.45;10162;48.6;5184;14.83;;
8jd2y7t9n2c3;132;2;1;17;1016062;7146;3;1016;106;Powiat tomaszowski;1023.091277;198.4567764;19.39775862;7.99;616;60.20968156;975.8;95.3776092;3133.678395;0;1;S;12028;162.95;14111;44.7;19836;72.37;13999;16.28;1;0
9cu94w4sfp69;133;2;1;17;1016062;7146;3;1016;106;Powiat tomaszowski;1023.091277;198.4567764;19.39775862;7.99;616;60.20968156;975.8;95.3776092;1848.151093;0;2;S;16585;223.93;18668;57.33;;;18555;20.03;0;0
2xu3u9cmz6o6;134;2;0;16;1016011;56681;2;1016;106;Powiat tomaszowski;1023.091277;198.4567764;19.39775862;7.99;616;60.20968156;975.8;95.3776092;9259.709222;4805.456299;8;S;2335;32.87;2388;9.73;2687;23.58;2767;5.42;0;0
3h9whv6hwy29;135;2;1;16;1061011;645693;1;1061;2182.1;Powiat m. £Ûdü;292.8501406;1049.525352;358.3830796;4.03;2296;784.0187459;763.4;260.6794036;9182.411974;10922.56924;10;S;433;6.1;434;1.37;433;6.1;861;4.02;0;0
34jc9fgd9ex6;136;2;0;17;1016062;7146;3;1016;106;Powiat tomaszowski;1023.091277;198.4567764;19.39775862;7.99;616;60.20968156;975.8;95.3776092;5718.773912;1036.791101;2;S;10302;140.08;12389;40.15;17981;47.67;12032;14.53;0;0
9czr7rfk9cz3;137;2;0;16;1016011;56681;2;1016;106;Powiat tomaszowski;1023.091277;198.4567764;19.39775862;7.99;616;60.20968156;975.8;95.3776092;11104.62735;8177.646311;7;S;2122;29.72;2615;10.45;3994;24.28;2152;5.87;0;0
7tr8cnx66jl7;138;2;0;17;1016054;765;3;1016;106;Powiat tomaszowski;1023.091277;198.4567764;19.39775862;7.99;616;60.20968156;975.8;95.3776092;2784.173113;1265.300486;0;S;17346;235.05;18111;59.83;;;17565;20.88;0;0
49os8xsx7oi4;139;2;0;16;1016011;56681;2;1016;106;Powiat tomaszowski;1023.091277;198.4567764;19.39775862;7.99;616;60.20968156;975.8;95.3776092;10570.65097;10739.6991;6;S;2441;34.12;2641;9.42;2816;27.73;2525;7.47;1;0
7mf4l4trf3ze;140;2;1;17;1061011;645693;1;1061;2182.1;Powiat m. £Ûdü;292.8501406;1049.525352;358.3830796;4.03;2296;784.0187459;763.4;260.6794036;9153.930939;9366.764227;3;S;52480;711.47;54789;168.22;68338;128.88;85633;67.5;0;0
3688cti4uea8;141;2;1;16;1016092;11492;2;1016;106;Powiat tomaszowski;1023.091277;198.4567764;19.39775862;7.99;616;60.20968156;975.8;95.3776092;5345.036563;0;1;S;4593;63.45;4944;17.3;6085;20.87;5077;8.75;0;0
4f83r7de66n6;142;2;1;16;1016092;11492;2;1016;106;Powiat tomaszowski;1023.091277;198.4567764;19.39775862;7.99;616;60.20968156;975.8;95.3776092;7636.255509;0;2;S;7445;100.57;7777;22.95;7718;32.63;7908;11.23;0;0
7mjw2chk2g83;143;2;1;16;1016104;1499;3;1016;106;Powiat tomaszowski;1023.091277;198.4567764;19.39775862;7.99;616;60.20968156;975.8;95.3776092;5176.529467;1169.548601;2;S;11238;153.65;11696;37.95;14851;41.95;13114;17.03;0;0
889tao7rvt44;144;2;0;16;1016011;56681;2;1016;106;Powiat tomaszowski;1023.091277;198.4567764;19.39775862;7.99;616;60.20968156;975.8;95.3776092;11295.22139;8973.560068;6;S;2135;29.83;2187;9.35;2751;23.27;2567;5.78;0;0
498tfd8lj6t3;145;2;0;16;1016011;56681;2;1016;106;Powiat tomaszowski;1023.091277;198.4567764;19.39775862;7.99;616;60.20968156;975.8;95.3776092;6696.687995;7700.19261;8;S;145;2.03;145;0.48;145;2.03;145;0.35;0;0
6lhd98mxj8m3;146;2;1;17;1016011;56681;2;1016;106;Powiat tomaszowski;1023.091277;198.4567764;19.39775862;7.99;616;60.20968156;975.8;95.3776092;9208.185761;9427.412991;3;S;2475;34.4;2751;10.97;3223;19.68;3279;6.53;0;0
948vaj33uch8;147;2;0;16;1016011;56681;2;1016;106;Powiat tomaszowski;1023.091277;198.4567764;19.39775862;7.99;616;60.20968156;975.8;95.3776092;12003.91902;9229.486809;7;S;2096;29.28;2199;10;3730;26.52;2145;5.97;0;0
77l6ahj37zi9;148;2;0;16;1061011;645693;1;1061;2182.1;Powiat m. £Ûdü;292.8501406;1049.525352;358.3830796;4.03;2296;784.0187459;763.4;260.6794036;11707.19358;6415.980739;24;S;4155;56.73;4584;14.53;5247;28.65;4323;10.85;;
9ko33z9t7ws8;149;2;1;16;1016011;56681;2;1016;106;Powiat tomaszowski;1023.091277;198.4567764;19.39775862;7.99;616;60.20968156;975.8;95.3776092;10952.12837;3343.078206;10;S;1006;13.97;1006;4.62;1006;13.97;1006;3.22;0;0
7fh22r6wkh7a;150;2;1;16;1006022;14838;2;1006;151;Powiat ≥Ûdzki wschodni;499.1387193;129.2560513;25.89581739;10.7;448;89.75460783;667;133.6301862;7357.584558;0;1;S;14222;195.38;14771;45.75;22486;64.68;16007;25.15;0;0
7atu6vk3oj64;151;2;0;16;1061011;645693;1;1061;2182.1;Powiat m. £Ûdü;292.8501406;1049.525352;358.3830796;4.03;2296;784.0187459;763.4;260.6794036;6433.246761;0;2;S;9316;128.52;13182;41.4;11713;39.18;11143;17.72;0;0
4s77njg9r64i;152;2;0;16;1061011;645693;1;1061;2182.1;Powiat m. £Ûdü;292.8501406;1049.525352;358.3830796;4.03;2296;784.0187459;763.4;260.6794036;15606.31315;10705.90057;11;S;719;9.8;775;2.35;719;9.8;1587;5.3;0;0
9ua7446fnv2m;153;2;0;17;1061011;645693;1;1061;2182.1;Powiat m. £Ûdü;292.8501406;1049.525352;358.3830796;4.03;2296;784.0187459;763.4;260.6794036;8310.749872;8454.752167;10;S;4660;65.55;5705;18.57;5185;27.25;5786;12.43;0;0
7je7ywm6kmh8;154;2;1;17;1008052;7656;3;1008;240.6;Powiat pabianicki;491.5247438;135.3532664;27.53742677;4.91;456;92.77254212;567.3;115.4163665;6647.570755;517.4324384;6;S;11084;154.3;11500;39.23;12113;49.68;12136;22.77;0;0
8vsc9atc2ig6;155;2;0;0;1061011;645693;1;1061;2182.1;Powiat m. £Ûdü;292.8501406;1049.525352;358.3830796;4.03;2296;784.0187459;763.4;260.6794036;9202.117374;8423.332775;3;S;735;10.27;738;2.17;735;10.27;860;2.1;;
8um48a6lg494;156;2;0;17;1061011;645693;1;1061;2182.1;Powiat m. £Ûdü;292.8501406;1049.525352;358.3830796;4.03;2296;784.0187459;763.4;260.6794036;12238.80328;6004.743052;9;S;2065;28.68;2200;7.82;2414;18.17;3554;6.7;0;0
2iou8kkj9iwm;157;2;1;16;1006075;10788;2;1006;151;Powiat ≥Ûdzki wschodni;499.1387193;129.2560513;25.89581739;10.7;448;89.75460783;667;133.6301862;2607.490201;0;0;S;16880;232.68;18439;55.42;19347;44.63;18853;28.33;0;0
7bm4y2pm7n27;158;2;1;17;1006105;8110;3;1006;151;Powiat ≥Ûdzki wschodni;499.1387193;129.2560513;25.89581739;10.7;448;89.75460783;667;133.6301862;4351.043403;707.9824837;3;S;15162;206.73;18364;57.38;;;19989;22.9;0;0
48ek47wgz9b6;159;2;0;16;1061011;645693;1;1061;2182.1;Powiat m. £Ûdü;292.8501406;1049.525352;358.3830796;4.03;2296;784.0187459;763.4;260.6794036;5028.78006;13654.93176;1;S;8100;113;9279;31.17;13841;59.85;8887;19.5;0;0
8jg9mse6chz8;160;2;;16;1061011;645693;1;1061;2182.1;Powiat m. £Ûdü;292.8501406;1049.525352;358.3830796;4.03;2296;784.0187459;763.4;260.6794036;7580.38773;12510.51797;0;S;3611;50.88;3778;13.9;4176;23.97;4971;10.9;0;0
7bf4u9ssd2u3;161;2;0;16;1061011;645693;1;1061;2182.1;Powiat m. £Ûdü;292.8501406;1049.525352;358.3830796;4.03;2296;784.0187459;763.4;260.6794036;13078.94109;11875.6848;6;S;2514;34.3;2514;7.9;4711;22.9;4769;9.43;0;0
8akx9i9grz64;162;2;1;16;1016104;1499;3;1016;106;Powiat tomaszowski;1023.091277;198.4567764;19.39775862;7.99;616;60.20968156;975.8;95.3776092;5176.529467;1169.548601;2;S;11234;153.6;11693;37.93;14848;41.9;13110;17.02;0;0
8yu7u9dsg3r9;163;2;0;16;1016092;11492;2;1016;106;Powiat tomaszowski;1023.091277;198.4567764;19.39775862;7.99;616;60.20968156;975.8;95.3776092;7265.93248;0;2;S;3413;46.3;4118;12.32;5663;19.9;3521;7.15;0;0
233k2pxo3ju3;164;2;1;9;1061011;645693;1;1061;2182.1;Powiat m. £Ûdü;292.8501406;1049.525352;358.3830796;4.03;2296;784.0187459;763.4;260.6794036;12439.86945;2324.039028;14;OR_N1;1524;20.77;2371;7.07;2093;17.83;1621;4.88;1;1
26xip874hvx8;165;2;1;18;1061011;645693;1;1061;2182.1;Powiat m. £Ûdü;292.8501406;1049.525352;358.3830796;4.03;2296;784.0187459;763.4;260.6794036;8906.049073;5924.610432;12;OR_N1;981;13.4;981;3.2;981;13.4;952;3.07;;
27zbi9vpg3z6;166;2;1;12;1008011;19276;2;1008;240.6;Powiat pabianicki;491.5247438;135.3532664;27.53742677;4.91;456;92.77254212;567.3;115.4163665;5134.879163;0;0;OR_N1;3013;41.72;3013;9.67;3013;41.72;4302;10.55;1;1
2du2axj46el8;167;2;1;16;1016011;56681;2;1016;106;Powiat tomaszowski;1023.091277;198.4567764;19.39775862;7.99;616;60.20968156;975.8;95.3776092;9642.72979;2190.58007;7;OR_N1;1095;14.95;1095;4.42;1095;14.95;1453;4.73;0;0
2dx8ntr6u3p7;168;2;1;9;1061011;645693;1;1061;2182.1;Powiat m. £Ûdü;292.8501406;1049.525352;358.3830796;4.03;2296;784.0187459;763.4;260.6794036;8275.309989;2702.630823;16;OR_N1;1529;20.98;1953;7.78;1674;17.08;1413;5.68;1;1
2ej7uw8v6437;169;2;1;18;1061011;645693;1;1061;2182.1;Powiat m. £Ûdü;292.8501406;1049.525352;358.3830796;4.03;2296;784.0187459;763.4;260.6794036;8190.114064;1661.024169;23;OR_N1;600;8.08;729;2.42;600;8.08;729;2.78;0;0
2ko2rum9mxy8;170;2;1;18;1061011;645693;1;1061;2182.1;Powiat m. £Ûdü;292.8501406;1049.525352;358.3830796;4.03;2296;784.0187459;763.4;260.6794036;12417.70073;6971.853989;10;OR_N1;8252;110.95;9004;28.72;12122;40.17;12107;25.22;0;0
2n3k6ghy89c7;171;2;0;12;1061011;645693;1;1061;2182.1;Powiat m. £Ûdü;292.8501406;1049.525352;358.3830796;4.03;2296;784.0187459;763.4;260.6794036;9056.95102;2469.217016;16;OR_N1;1548;21.2;1686;6.43;1694;17.3;2897;8.83;1;1
2o8xhr7k6nrv;172;2;1;14;1061011;645693;1;1061;2182.1;Powiat m. £Ûdü;292.8501406;1049.525352;358.3830796;4.03;2296;784.0187459;763.4;260.6794036;11773.74209;3707.15273;20;OR_N1;669;9.05;756;2.77;669;9.05;1218;6.12;;
2rc8zdf4gle9;173;2;0;16;1016112;3065;3;1016;106;Powiat tomaszowski;1023.091277;198.4567764;19.39775862;7.99;616;60.20968156;975.8;95.3776092;5412.936538;0;1;OR_N1;1501;20.27;1501;4.42;1501;20.27;2018;3.07;0;1
2xe7r3dr364v;174;2;0;11;1010022;4026;3;1010;62.4;Powiat piotrkowski;1426.409646;162.5195004;11.39360638;2.45;896;62.81505476;1306.2;91.57257202;5822.150752;0;1;OR_N1;19241;261.07;19887;59.75;68122;188.83;20392;23.2;;
2xk4nas4k249;175;2;1;17;1061011;645693;1;1061;2182.1;Powiat m. £Ûdü;292.8501406;1049.525352;358.3830796;4.03;2296;784.0187459;763.4;260.6794036;10934.81723;5786.509206;12;OR_N1;1065;14.5;1065;3.97;1161;9.42;1794;6.27;1;1
2zir9dn2hgr4;176;2;1;16;1016092;11492;2;1016;106;Powiat tomaszowski;1023.091277;198.4567764;19.39775862;7.99;616;60.20968156;975.8;95.3776092;5066.386004;144.8328213;2;OR_N1;5655;76.43;5685;17.58;9413;60.43;7543;7.35;0;0
36f82lsz2mr6;177;2;1;17;1061011;645693;1;1061;2182.1;Powiat m. £Ûdü;292.8501406;1049.525352;358.3830796;4.03;2296;784.0187459;763.4;260.6794036;10364.50176;2286.406817;6;OR_N1;2953;41.43;3964;14.07;3153;29.62;3244;7.9;0;0
3au8rjg8kra3;178;2;0;16;1020045;13380;2;1020;193.4;Powiat zgierski;853.9990645;182.2143352;21.33659658;2.18;888;103.9813785;1106.6;129.5785963;11606.15205;0;1;OR_N1;132;1.88;132;0.72;132;1.88;132;0.6;0;0
3cp9rp47jfb6;179;2;0;13;1061011;645693;1;1061;2182.1;Powiat m. £Ûdü;292.8501406;1049.525352;358.3830796;4.03;2296;784.0187459;763.4;260.6794036;10185.85035;3326.207838;14;OR_N1;4645;63.22;5132;20.12;5973;38.53;6363;14.57;1;1
3gb3vwm8hlb3;180;2;1;16;1061011;645693;1;1061;2182.1;Powiat m. £Ûdü;292.8501406;1049.525352;358.3830796;4.03;2296;784.0187459;763.4;260.6794036;9834.35267;8148.652897;6;OR_N1;4243;59.22;4505;15.33;10215;49.75;4273;13;1;0
3go4fki2ue29;181;2;1;16;1061011;645693;1;1061;2182.1;Powiat m. £Ûdü;292.8501406;1049.525352;358.3830796;4.03;2296;784.0187459;763.4;260.6794036;11344.58041;3413.189673;14;OR_N1;1182;16.48;1339;4.83;1314;10.62;1475;4.83;1;0
3ht6stl64x34;182;2;1;17;1016011;56681;2;1016;106;Powiat tomaszowski;1023.091277;198.4567764;19.39775862;7.99;616;60.20968156;975.8;95.3776092;9051.691328;5190.352661;9;OR_N1;638;8.48;638;1.72;638;8.48;1667;4.15;0;0
3on3hvn42jv3;183;2;0;18;1013011;15783;2;1013;70;Powiat rawski;645.5332469;90.80383441;14.06648455;4.73;252;39.03749361;647.5;100.3046711;9356.730973;0;0;OR_N1;1900;25.85;2208;7.62;1900;25.85;2398;5.27;1;1
3tg3ibp6zxf3;184;2;1;18;1061011;645693;1;1061;2182.1;Powiat m. £Ûdü;292.8501406;1049.525352;358.3830796;4.03;2296;784.0187459;763.4;260.6794036;8644.531516;9096.997373;2;OR_N1;608;8.28;611;1.82;608;8.28;564;2.38;0;0
3x6k8mg2fvh6;185;2;0;16;1016092;11492;2;1016;106;Powiat tomaszowski;1023.091277;198.4567764;19.39775862;7.99;616;60.20968156;975.8;95.3776092;6026.822418;0;0;OR_N1;1153;15.6;1153;3.37;1153;15.6;4224;6.2;0;1
3xbe9s3xy8o4;186;2;1;10;1061011;645693;1;1061;2182.1;Powiat m. £Ûdü;292.8501406;1049.525352;358.3830796;4.03;2296;784.0187459;763.4;260.6794036;8576.899613;3397.02132;16;OR_N1;309;4.53;327;2.63;309;4.53;2232;7.9;;
3y2lsk8l49b4;187;2;0;7;1061011;645693;1;1061;2182.1;Powiat m. £Ûdü;292.8501406;1049.525352;358.3830796;4.03;2296;784.0187459;763.4;260.6794036;10223.57553;11311.05842;6;OR_N1;1011;13.37;1036;2.77;1011;13.37;765;1.55;0;0
3z4f7gi3w7xe;188;2;0;15;1061011;645693;1;1061;2182.1;Powiat m. £Ûdü;292.8501406;1049.525352;358.3830796;4.03;2296;784.0187459;763.4;260.6794036;7027.07254;7622.31247;9;OR_N1;527;7.3;530;2.5;527;7.3;530;1.82;;
42srw7uo87m7;189;2;1;17;1009052;4876;3;1009;59.1;Powiat pajÍczaÒski;803.0385073;66.0912157;8.230142776;16.28;280;34.8675683;627.1;78.09090029;3590.790245;0;3;OR_N1;87;1.2;87;0.27;87;1.2;87;0.15;0;0
42tsi2klr8a9;190;2;0;12;1061011;645693;1;1061;2182.1;Powiat m. £Ûdü;292.8501406;1049.525352;358.3830796;4.03;2296;784.0187459;763.4;260.6794036;11739.31906;4261.189338;6;OR_N1;248;3.52;326;1.92;248;3.52;1638;3.72;0;0
476pyf7mzi93;191;2;1;16;1020011;12956;2;1020;193.4;Powiat zgierski;853.9990645;182.2143352;21.33659658;2.18;888;103.9813785;1106.6;129.5785963;3277.529619;378.8529425;0;OR_N1;34088;470.65;42428;138.87;42692;100.05;35938;47.12;0;0
47gw3dym2wp3;192;2;0;11;1061011;645693;1;1061;2182.1;Powiat m. £Ûdü;292.8501406;1049.525352;358.3830796;4.03;2296;784.0187459;763.4;260.6794036;13279.58359;4874.043571;10;OR_N1;809;10.85;809;4.92;809;10.85;2351;7.02;0;0
4af9frv8ctg9;193;2;1;18;1061011;645693;1;1061;2182.1;Powiat m. £Ûdü;292.8501406;1049.525352;358.3830796;4.03;2296;784.0187459;763.4;260.6794036;12495.11962;10407.26663;4;OR_N1;1532;20.45;1539;4.37;1687;11.82;2505;5.53;0;0
4an62jin83w9;194;2;1;16;1061011;645693;1;1061;2182.1;Powiat m. £Ûdü;292.8501406;1049.525352;358.3830796;4.03;2296;784.0187459;763.4;260.6794036;11319.27252;11284.2932;6;OR_N1;994;13.32;994;3.28;994;13.32;1604;4.05;;
4bu4ne3uhm37;195;2;1;17;1001072;8116;3;1001;110.8;Powiat be≥chatowski;966.2626658;198.2751399;20.51979724;14.05;961;99.45535868;943.4;97.63390778;5919.398048;1192.876914;0;OR_N1;982;13.53;1145;3.77;982;13.53;990;3.47;1;1
4jg2zp2rmh47;196;2;1;16;1061011;645693;1;1061;2182.1;Powiat m. £Ûdü;292.8501406;1049.525352;358.3830796;4.03;2296;784.0187459;763.4;260.6794036;7407.928761;9896.721601;9;OR_N1;10164;141.28;11341;40.63;11520;56.52;11889;25.42;;
4tc49psw89d4;198;2;1;17;1001072;8116;3;1001;110.8;Powiat be≥chatowski;966.2626658;198.2751399;20.51979724;14.05;961;99.45535868;943.4;97.63390778;3843.194407;0;2;OR_N1;22976;311.75;23680;73.37;23906;44.58;22638;24.3;0;0
4xx4s7jse6n4;199;2;1;16;1020085;9675;3;1020;193.4;Powiat zgierski;853.9990645;182.2143352;21.33659658;2.18;888;103.9813785;1106.6;129.5785963;3359.823334;0;0;OR_N1;984;13.15;984;2.83;984;13.15;984;2.58;0;0
6d36nm7pzj86;200;2;1;16;1016032;2069;3;1016;106;Powiat tomaszowski;1023.091277;198.4567764;19.39775862;7.99;616;60.20968156;975.8;95.3776092;4758.173036;0;1;OR_N1;18710;250.72;20687;61.17;;;20386;20.77;1;1
6hx2yg9sv774;201;2;1;13;1061011;645693;1;1061;2182.1;Powiat m. £Ûdü;292.8501406;1049.525352;358.3830796;4.03;2296;784.0187459;763.4;260.6794036;12274.89621;7306.47684;8;OR_N1;539;7.23;671;1.88;539;7.23;770;3.05;0;0
6k499kz2gx99;202;2;1;18;1016072;5984;3;1016;106;Powiat tomaszowski;1023.091277;198.4567764;19.39775862;7.99;616;60.20968156;975.8;95.3776092;4807.81025;1101.43564;4;OR_N1;27346;372.38;28609;86.22;33182;89.88;28134;36.62;;
6pz7mb6nrp99;203;2;1;18;1061011;645693;1;1061;2182.1;Powiat m. £Ûdü;292.8501406;1049.525352;358.3830796;4.03;2296;784.0187459;763.4;260.6794036;12272.17438;10852.56545;6;OR_N1;900;12.73;900;3.75;900;12.73;776;2.5;0;0
6rzb33d28el6;204;2;0;18;1013011;15783;2;1013;70;Powiat rawski;645.5332469;90.80383441;14.06648455;4.73;252;39.03749361;647.5;100.3046711;6405.453483;0;0;OR_N1;1188;15.93;1188;3.55;1188;15.93;1089;1.88;;
6to2po2ecb69;205;2;0;18;1061011;645693;1;1061;2182.1;Powiat m. £Ûdü;292.8501406;1049.525352;358.3830796;4.03;2296;784.0187459;763.4;260.6794036;8121.147336;10132.2345;9;OR_N1;7281;102.53;8336;29.97;9099;38.7;8847;20.1;1;0
6vd6nsa7bo43;206;2;0;11;1061011;645693;1;1061;2182.1;Powiat m. £Ûdü;292.8501406;1049.525352;358.3830796;4.03;2296;784.0187459;763.4;260.6794036;10334.07983;10701.68234;6;OR_N1;249;3.3;251;0.67;249;3.3;204;0.85;1;0
6vw884jia7vs;207;2;1;9;1061011;645693;1;1061;2182.1;Powiat m. £Ûdü;292.8501406;1049.525352;358.3830796;4.03;2296;784.0187459;763.4;260.6794036;12680.22482;3722.511044;11;OR_N1;819;11.02;1763;5.98;819;11.02;2325;6.92;1;1
722wv6i8eza8;208;2;1;12;1006082;5811;3;1006;151;Powiat ≥Ûdzki wschodni;499.1387193;129.2560513;25.89581739;10.7;448;89.75460783;667;133.6301862;5748.39385;264.4064392;4;OR_N1;5562;76.62;5562;18.45;6066;22.67;5562;8.93;;
72hi2n74vau7;209;2;0;13;1061011;645693;1;1061;2182.1;Powiat m. £Ûdü;292.8501406;1049.525352;358.3830796;4.03;2296;784.0187459;763.4;260.6794036;14949.96648;1511.054291;15;OR_N1;932;12.95;1049;4.25;1106;8.63;1116;2.25;0;0
73ayd2h7seb3;210;2;1;16;1012042;5606;3;1012;72.5;Powiat radomszczaÒski;1441.229323;125.7545581;8.725506492;2.07;833;57.79788039;1190.9;82.63084725;5958.68693;2184.950857;1;OR_N1;14032;191.25;16319;53.78;15040;61.62;14139;19.37;;
74wis3tyl8y6;211;2;1;15;1061011;645693;1;1061;2182.1;Powiat m. £Ûdü;292.8501406;1049.525352;358.3830796;4.03;2296;784.0187459;763.4;260.6794036;8339.263574;5184.172472;9;OR_N1;524;6.97;524;1.48;524;6.97;296;0.72;1;0
7c94t9elp9c3;212;2;1;12;1061011;645693;1;1061;2182.1;Powiat m. £Ûdü;292.8501406;1049.525352;358.3830796;4.03;2296;784.0187459;763.4;260.6794036;11060.95797;6826.706303;12;OR_N1;372;4.78;372;0.85;372;4.78;283;1.2;;
7de2vma2xvh3;213;2;1;17;1012142;4735;3;1012;72.5;Powiat radomszczaÒski;1441.229323;125.7545581;8.725506492;2.07;833;57.79788039;1190.9;82.63084725;5155.598929;351.9768498;1;OR_N1;2103;28.68;2103;7.17;2103;28.68;2103;3.4;1;1
7dv6llr6zbx3;214;2;1;16;1061011;645693;1;1061;2182.1;Powiat m. £Ûdü;292.8501406;1049.525352;358.3830796;4.03;2296;784.0187459;763.4;260.6794036;6825.153418;2325.589667;2;OR_N1;1170;16.08;1174;4.02;1170;16.08;1221;3.4;0;0
7hu39ehn8dx8;215;2;0;14;1063011;45121;2;1063;1295.2;Powiat m. Skierniewice;34.55875472;71.15621041;205.8992316;6.85;187;541.1074604;143;413.788058;12663.86334;4668.23965;5;OR_N1;298;4.32;1044;3.52;298;4.32;1044;2.72;1;0
7kx8gnn6gku6;216;2;0;15;1020044;22023;2;1020;193.4;Powiat zgierski;853.9990645;182.2143352;21.33659658;2.18;888;103.9813785;1106.6;129.5785963;7723.5086;0;0;OR_N1;479;6.55;479;1.42;479;6.55;479;1.5;;
7lv8b2pgg6s6;217;2;0;13;1061011;645693;1;1061;2182.1;Powiat m. £Ûdü;292.8501406;1049.525352;358.3830796;4.03;2296;784.0187459;763.4;260.6794036;8931.032738;8699.408424;4;OR_N1;526;6.97;597;1.55;526;6.97;796;3.97;;
7o2dmi4lho6a;218;2;1;17;1016092;11492;2;1016;106;Powiat tomaszowski;1023.091277;198.4567764;19.39775862;7.99;616;60.20968156;975.8;95.3776092;4970.05896;144.8328213;3;OR_N1;187;2.52;187;0.57;187;2.52;187;0.22;0;0
7o9p4n8nzh93;219;2;1;10;1008052;7656;3;1008;240.6;Powiat pabianicki;491.5247438;135.3532664;27.53742677;4.91;456;92.77254212;567.3;115.4163665;5797.552486;752.7879757;4;OR_N1;3498;46.73;3498;10.17;3498;46.73;4216;7.37;0;1
7p27gdp9zj97;220;2;1;18;1061011;645693;1;1061;2182.1;Powiat m. £Ûdü;292.8501406;1049.525352;358.3830796;4.03;2296;784.0187459;763.4;260.6794036;11532.87888;3506.918817;7;OR_N1;619;8.6;772;3.4;619;8.6;998;3.97;;
7pr6zb9uw8k7;221;2;0;18;1012011;42412;2;1012;72.5;Powiat radomszczaÒski;1441.229323;125.7545581;8.725506492;2.07;833;57.79788039;1190.9;82.63084725;10967.05271;2348.609729;7;OR_N1;668;9.62;668;2.68;668;9.62;668;1.78;;
7rm48jw6w766;222;2;1;18;1061011;645693;1;1061;2182.1;Powiat m. £Ûdü;292.8501406;1049.525352;358.3830796;4.03;2296;784.0187459;763.4;260.6794036;11604.71875;10827.98871;6;OR_N1;4989;70.17;5950;19.53;7237;37.62;6210;17.63;0;0
7wc7fma2ag77;223;2;1;17;1016062;7146;3;1016;106;Powiat tomaszowski;1023.091277;198.4567764;19.39775862;7.99;616;60.20968156;975.8;95.3776092;4068.116669;73.5026774;1;OR_N1;930;12.5;930;3.1;930;12.5;930;1.42;1;1
83bi7nhl3wm6;224;2;1;17;1061011;645693;1;1061;2182.1;Powiat m. £Ûdü;292.8501406;1049.525352;358.3830796;4.03;2296;784.0187459;763.4;260.6794036;10092.50843;2951.650447;2;OR_N1;989;13.58;1074;3.73;989;13.58;1650;5.12;;
8eg9hd9mfm7r;225;2;1;15;1016072;5984;3;1016;106;Powiat tomaszowski;1023.091277;198.4567764;19.39775862;7.99;616;60.20968156;975.8;95.3776092;3425.027828;71.45405789;0;OR_N1;382;5.35;382;1.13;382;5.35;382;0.55;0;0
8fj2yja69ug7;226;2;1;18;1061011;645693;1;1061;2182.1;Powiat m. £Ûdü;292.8501406;1049.525352;358.3830796;4.03;2296;784.0187459;763.4;260.6794036;9670.024441;6119.346317;19;OR_N1;623;8.28;626;1.65;623;8.28;876;3.72;;
8he7ybk732j4;227;2;0;18;1013011;15783;2;1013;70;Powiat rawski;645.5332469;90.80383441;14.06648455;4.73;252;39.03749361;647.5;100.3046711;6341.743212;0;0;OR_N1;1128;15.1;1128;3.35;1128;15.1;1224;2.25;1;1
8j23srv6j7e6;228;2;0;18;1012011;42412;2;1012;72.5;Powiat radomszczaÒski;1441.229323;125.7545581;8.725506492;2.07;833;57.79788039;1190.9;82.63084725;11017.09857;2348.609729;7;OR_N1;664;9.57;664;2.67;664;9.57;664;1.78;1;1
8ru6zac4h6bz;229;2;1;14;1008011;19276;2;1008;240.6;Powiat pabianicki;491.5247438;135.3532664;27.53742677;4.91;456;92.77254212;567.3;115.4163665;5595.456756;0;0;OR_N1;692;9.37;692;2.03;692;9.37;692;2.45;1;1
8rx4hrv2hl66;230;2;0;15;1063011;45121;2;1063;1295.2;Powiat m. Skierniewice;34.55875472;71.15621041;205.8992316;6.85;187;541.1074604;143;413.788058;10406.2918;3718.434591;7;OR_N1;694;9.55;1019;4.25;694;9.55;1063;3.57;;
8ut24lsg7sat;231;2;0;7;1061011;645693;1;1061;2182.1;Powiat m. £Ûdü;292.8501406;1049.525352;358.3830796;4.03;2296;784.0187459;763.4;260.6794036;8163.53138;9021.815222;2;OR_N1;485;6.4;509;1.35;485;6.4;1648;4.85;;
93buz4udu9m7;232;2;1;16;1020031;52938;2;1020;193.4;Powiat zgierski;853.9990645;182.2143352;21.33659658;2.18;888;103.9813785;1106.6;129.5785963;9119.727001;1304.081742;6;OR_N1;10869;149.9;11227;39.63;13256;42.42;11467;25.67;1;0
94ggd4iiy8f7;233;2;0;15;1012011;42412;2;1012;72.5;Powiat radomszczaÒski;1441.229323;125.7545581;8.725506492;2.07;833;57.79788039;1190.9;82.63084725;6643.388115;0;4;OR_N1;232;3.22;232;1.02;232;3.22;232;0.63;1;1
94jeu24oxi69;234;2;1;17;1012132;4243;3;1012;72.5;Powiat radomszczaÒski;1441.229323;125.7545581;8.725506492;2.07;833;57.79788039;1190.9;82.63084725;5352.295104;0;0;OR_N1;16510;220.57;16510;48.95;;;16510;18.52;0;1
96h7o9if2jh8;235;2;1;18;1061011;645693;1;1061;2182.1;Powiat m. £Ûdü;292.8501406;1049.525352;358.3830796;4.03;2296;784.0187459;763.4;260.6794036;13316.58839;9242.969011;13;OR_N1;1079;14.38;1143;4.93;1840;12.87;2864;8.07;0;0
9mm26obd4ci7;236;2;1;18;1061011;645693;1;1061;2182.1;Powiat m. £Ûdü;292.8501406;1049.525352;358.3830796;4.03;2296;784.0187459;763.4;260.6794036;8123.983199;16783.94954;6;OR_N1;456;6.13;501;1.82;456;6.13;539;2.32;0;0
9yl3yai8bbi4;237;2;0;16;1012011;42412;2;1012;72.5;Powiat radomszczaÒski;1441.229323;125.7545581;8.725506492;2.07;833;57.79788039;1190.9;82.63084725;3942.602815;0;3;OR_N1;611;8.27;627;2.15;611;8.27;611;1.33;0;1
9zf39gaa3ay3;238;2;1;18;1017094;20141;2;1017;77.1;Powiat wieluÒski;924.9576466;121.9433161;13.18366485;5.58;548;59.24595597;873.6;94.44756776;9806.575436;6036.921912;5;OR_N1;3678;50.53;4006;12.75;3678;50.53;4075;8.28;;
4myc3jiy9zca;239;2;0;11;1061011;645693;1;1061;2182.1;Powiat m. £Ûdü;292.8501406;1049.525352;358.3830796;4.03;2296;784.0187459;763.4;260.6794036;12229.60146;10164.31605;10;OR_N1;402;5.32;413;3.32;402;5.32;1657;5.57;;
4sw4bul2pmj9;240;2;0;16;1016062;7146;3;1016;106;Powiat tomaszowski;1023.091277;198.4567764;19.39775862;7.99;616;60.20968156;975.8;95.3776092;4404.877821;0;1;OR_N1;7549;100.9;7637;22.63;22655;81.52;8064;11.5;0;0
3839epo2inw7;241;2;1;16;1016011;56681;2;1016;106;Powiat tomaszowski;1023.091277;198.4567764;19.39775862;7.99;616;60.20968156;975.8;95.3776092;10761.08346;7275.610273;6;OR_N1;1535;20.42;1565;5.02;3052;15.27;2613;6.55;1;0
9pb7nn2x6od4;242;2;1;16;1016042;4790;3;1016;106;Powiat tomaszowski;1023.091277;198.4567764;19.39775862;7.99;616;60.20968156;975.8;95.3776092;15216.95673;523.7336828;3;OR_N1;18435;247.75;22108;66.43;;;20606;15.98;;
72gyl9oi8zxu;243;2;1;17;1010022;4026;3;1010;62.4;Powiat piotrkowski;1426.409646;162.5195004;11.39360638;2.45;896;62.81505476;1306.2;91.57257202;6265.331198;1317.35868;1;OR_N1;690;9.02;851;2.07;690;9.02;665;0.65;1;1
4r7j47izd969;244;2;1;17;1061011;645693;1;1061;2182.1;Powiat m. £Ûdü;292.8501406;1049.525352;358.3830796;4.03;2296;784.0187459;763.4;260.6794036;6807.680437;2762.822206;4;OR_N1;1635;22.52;1635;5.17;1852;10.42;1648;3.9;1;1
7j3hiw696yp3;245;2;1;16;1061011;645693;1;1061;2182.1;Powiat m. £Ûdü;292.8501406;1049.525352;358.3830796;4.03;2296;784.0187459;763.4;260.6794036;9947.246742;1459.989709;9;OR_N1;3793;52.17;4230;14.25;4876;27.97;4170;8;1;1
7jo77gnl2d88;246;2;1;17;1016011;56681;2;1016;106;Powiat tomaszowski;1023.091277;198.4567764;19.39775862;7.99;616;60.20968156;975.8;95.3776092;9199.945896;639.6576569;5;OR_N1;61;0.78;61;0.15;61;0.78;61;0.12;;
8lx4tsy6dpc6;247;2;0;16;1016092;11492;2;1016;106;Powiat tomaszowski;1023.091277;198.4567764;19.39775862;7.99;616;60.20968156;975.8;95.3776092;7614.934333;0;2;OR_N1;3737;50.77;3911;13.38;5425;24.95;3820;9.62;;
2xu3u9cmz6o6;248;2;0;16;1016011;56681;2;1016;106;Powiat tomaszowski;1023.091277;198.4567764;19.39775862;7.99;616;60.20968156;975.8;95.3776092;9259.709222;4805.456299;8;OR_N1;2245;31.12;2615;7.75;2966;17.07;3022;7.22;;
34jc9fgd9ex6;249;2;0;17;1016062;7146;3;1016;106;Powiat tomaszowski;1023.091277;198.4567764;19.39775862;7.99;616;60.20968156;975.8;95.3776092;5718.773912;1036.791101;2;OR_N1;564;7.75;564;2.07;564;7.75;564;1.73;;
9czr7rfk9cz3;250;2;0;16;1016011;56681;2;1016;106;Powiat tomaszowski;1023.091277;198.4567764;19.39775862;7.99;616;60.20968156;975.8;95.3776092;11104.62735;8177.646311;7;OR_N1;1461;19.83;1614;5.15;2985;14.37;1574;4.35;0;0
49os8xsx7oi4;251;2;0;16;1016011;56681;2;1016;106;Powiat tomaszowski;1023.091277;198.4567764;19.39775862;7.99;616;60.20968156;975.8;95.3776092;10570.65097;10739.6991;6;OR_N1;2211;29.63;2411;7.43;2357;24.43;2296;5.78;1;0
498tfd8lj6t3;252;2;0;16;1016011;56681;2;1016;106;Powiat tomaszowski;1023.091277;198.4567764;19.39775862;7.99;616;60.20968156;975.8;95.3776092;6696.687995;7700.19261;8;OR_N1;1966;26.28;2253;6.3;1966;26.28;2253;4.47;;
77l6ahj37zi9;253;2;0;16;1061011;645693;1;1061;2182.1;Powiat m. £Ûdü;292.8501406;1049.525352;358.3830796;4.03;2296;784.0187459;763.4;260.6794036;11707.19358;6415.980739;24;OR_N1;2462;33.07;2462;7.98;2987;16.33;2462;5.72;0;0
7fh22r6wkh7a;254;2;1;16;1006022;14838;2;1006;151;Powiat ≥Ûdzki wschodni;499.1387193;129.2560513;25.89581739;10.7;448;89.75460783;667;133.6301862;7357.584558;0;1;OR_N1;14107;194.48;14878;46.87;22742;68.67;16017;25.28;;
7atu6vk3oj64;255;2;0;16;1061011;645693;1;1061;2182.1;Powiat m. £Ûdü;292.8501406;1049.525352;358.3830796;4.03;2296;784.0187459;763.4;260.6794036;6433.246761;0;2;OR_N1;9325;129.27;13264;42.75;12775;42.97;10201;15.33;;
828ura4v8gk3;256;2;0;16;1006022;14838;2;1006;151;Powiat ≥Ûdzki wschodni;499.1387193;129.2560513;25.89581739;10.7;448;89.75460783;667;133.6301862;9062.169803;3838.803007;4;OR_N1;860;11.6;893;2.45;860;11.6;901;2.5;;
48ek47wgz9b6;257;2;0;16;1061011;645693;1;1061;2182.1;Powiat m. £Ûdü;292.8501406;1049.525352;358.3830796;4.03;2296;784.0187459;763.4;260.6794036;5028.78006;13654.93176;1;OR_N1;7387;99.82;8200;28.78;8470;56.27;8333;18.32;;
8jg9mse6chz8;258;2;;16;1061011;645693;1;1061;2182.1;Powiat m. £Ûdü;292.8501406;1049.525352;358.3830796;4.03;2296;784.0187459;763.4;260.6794036;7580.38773;12510.51797;0;OR_N1;68;0.87;68;0.15;68;0.87;517;2.02;;
8akx9i9grz64;259;2;1;16;1016104;1499;3;1016;106;Powiat tomaszowski;1023.091277;198.4567764;19.39775862;7.99;616;60.20968156;975.8;95.3776092;5176.529467;1169.548601;2;OR_N1;1880;26.62;1880;7.03;2622;15.73;1880;2.87;0;0
8yu7u9dsg3r9;260;2;0;16;1016092;11492;2;1016;106;Powiat tomaszowski;1023.091277;198.4567764;19.39775862;7.99;616;60.20968156;975.8;95.3776092;7265.93248;0;2;OR_N1;3499;47.58;3673;12.2;5142;20.95;3582;8.23;;
233k2pxo3ju3;261;2;1;9;1061011;645693;1;1061;2182.1;Powiat m. £Ûdü;292.8501406;1049.525352;358.3830796;4.03;2296;784.0187459;763.4;260.6794036;12439.86945;2324.039028;14;OR_N2;1172;16.72;1462;6.53;2011;16.67;1499;6.3;1;1
26xip874hvx8;262;2;1;18;1061011;645693;1;1061;2182.1;Powiat m. £Ûdü;292.8501406;1049.525352;358.3830796;4.03;2296;784.0187459;763.4;260.6794036;8906.049073;5924.610432;12;OR_N2;1233;17.15;1265;5.13;1436;13.18;1283;4.22;;
27zbi9vpg3z6;263;2;1;12;1008011;19276;2;1008;240.6;Powiat pabianicki;491.5247438;135.3532664;27.53742677;4.91;456;92.77254212;567.3;115.4163665;5134.879163;0;0;OR_N2;177;2.38;177;0.47;177;2.38;177;0.67;1;1
2du2axj46el8;264;2;1;16;1016011;56681;2;1016;106;Powiat tomaszowski;1023.091277;198.4567764;19.39775862;7.99;616;60.20968156;975.8;95.3776092;9642.72979;2190.58007;7;OR_N2;1383;18.87;1750;5.73;1383;18.87;937;3.52;1;1
2dx8ntr6u3p7;265;2;1;9;1061011;645693;1;1061;2182.1;Powiat m. £Ûdü;292.8501406;1049.525352;358.3830796;4.03;2296;784.0187459;763.4;260.6794036;8275.309989;2702.630823;16;OR_N2;1951;26.67;2125;8.27;2096;22.75;3141;9.63;1;1
2ej7uw8v6437;266;2;1;18;1061011;645693;1;1061;2182.1;Powiat m. £Ûdü;292.8501406;1049.525352;358.3830796;4.03;2296;784.0187459;763.4;260.6794036;8190.114064;1661.024169;23;OR_N2;344;5.18;344;3.02;344;5.18;591;2.83;0;0
2n3k6ghy89c7;267;2;0;12;1061011;645693;1;1061;2182.1;Powiat m. £Ûdü;292.8501406;1049.525352;358.3830796;4.03;2296;784.0187459;763.4;260.6794036;9056.95102;2469.217016;16;OR_N2;6904;95.05;7624;23.82;7391;34.12;7297;15.82;1;1
2o8xhr7k6nrv;268;2;1;14;1061011;645693;1;1061;2182.1;Powiat m. £Ûdü;292.8501406;1049.525352;358.3830796;4.03;2296;784.0187459;763.4;260.6794036;11773.74209;3707.15273;20;OR_N2;1727;24.05;2154;8.5;2650;21.18;1959;6.92;;
2rc8zdf4gle9;269;2;0;16;1016112;3065;3;1016;106;Powiat tomaszowski;1023.091277;198.4567764;19.39775862;7.99;616;60.20968156;975.8;95.3776092;5412.936538;0;1;OR_N2;1013;14;1013;4.2;1013;14;1439;1.77;1;1
2xe7r3dr364v;270;2;0;11;1010022;4026;3;1010;62.4;Powiat piotrkowski;1426.409646;162.5195004;11.39360638;2.45;896;62.81505476;1306.2;91.57257202;5822.150752;0;1;OR_N2;2125;28.35;2188;6.57;2125;28.35;2125;2.48;1;1
2xk4nas4k249;271;2;1;17;1061011;645693;1;1061;2182.1;Powiat m. £Ûdü;292.8501406;1049.525352;358.3830796;4.03;2296;784.0187459;763.4;260.6794036;10934.81723;5786.509206;12;OR_N2;2055;28.07;2055;7.38;3316;22.73;2228;6.5;1;1
2zir9dn2hgr4;272;2;1;16;1016092;11492;2;1016;106;Powiat tomaszowski;1023.091277;198.4567764;19.39775862;7.99;616;60.20968156;975.8;95.3776092;5066.386004;144.8328213;2;OR_N2;260;3.48;260;0.77;260;3.48;260;0.3;0;0
36f82lsz2mr6;273;2;1;17;1061011;645693;1;1061;2182.1;Powiat m. £Ûdü;292.8501406;1049.525352;358.3830796;4.03;2296;784.0187459;763.4;260.6794036;10364.50176;2286.406817;6;OR_N2;8111;110.58;8783;27.62;13404;64.9;11309;18.83;0;1
3au8rjg8kra3;274;2;0;16;1020045;13380;2;1020;193.4;Powiat zgierski;853.9990645;182.2143352;21.33659658;2.18;888;103.9813785;1106.6;129.5785963;11606.15205;0;1;OR_N2;646;9.18;661;2.58;646;9.18;661;1.78;1;1
3cp9rp47jfb6;275;2;0;13;1061011;645693;1;1061;2182.1;Powiat m. £Ûdü;292.8501406;1049.525352;358.3830796;4.03;2296;784.0187459;763.4;260.6794036;10185.85035;3326.207838;14;OR_N2;3649;50.17;3940;17.22;4585;29.97;3902;11.43;1;1
3gb3vwm8hlb3;276;2;1;16;1061011;645693;1;1061;2182.1;Powiat m. £Ûdü;292.8501406;1049.525352;358.3830796;4.03;2296;784.0187459;763.4;260.6794036;9834.35267;8148.652897;6;OR_N2;3470;48.45;3667;13.17;4207;25.68;4573;10.98;1;1
3go4fki2ue29;277;2;1;16;1061011;645693;1;1061;2182.1;Powiat m. £Ûdü;292.8501406;1049.525352;358.3830796;4.03;2296;784.0187459;763.4;260.6794036;11344.58041;3413.189673;14;OR_N2;1151;15.88;1269;4.83;1413;12.12;2554;9.27;1;1
3ht6stl64x34;278;2;1;17;1016011;56681;2;1016;106;Powiat tomaszowski;1023.091277;198.4567764;19.39775862;7.99;616;60.20968156;975.8;95.3776092;9051.691328;5190.352661;9;OR_N2;577;7.65;577;1.53;577;7.65;881;2.37;1;1
3on3hvn42jv3;279;2;0;18;1013011;15783;2;1013;70;Powiat rawski;645.5332469;90.80383441;14.06648455;4.73;252;39.03749361;647.5;100.3046711;9356.730973;0;0;OR_N2;3768;51.55;3753;12.1;3768;51.55;3761;6.53;1;1
3tg3ibp6zxf3;280;2;1;18;1061011;645693;1;1061;2182.1;Powiat m. £Ûdü;292.8501406;1049.525352;358.3830796;4.03;2296;784.0187459;763.4;260.6794036;8644.531516;9096.997373;2;OR_N2;2667;36.85;3623;11.53;3385;18.57;3079;8.05;0;0
3x6k8mg2fvh6;281;2;0;16;1016092;11492;2;1016;106;Powiat tomaszowski;1023.091277;198.4567764;19.39775862;7.99;616;60.20968156;975.8;95.3776092;6026.822418;0;0;OR_N2;3577;47.68;3776;10.78;4524;28.57;4107;6.98;0;0
3xbe9s3xy8o4;282;2;1;10;1061011;645693;1;1061;2182.1;Powiat m. £Ûdü;292.8501406;1049.525352;358.3830796;4.03;2296;784.0187459;763.4;260.6794036;8576.899613;3397.02132;16;OR_N2;800;10.97;820;2.82;800;10.97;2723;9.55;;
3y2lsk8l49b4;283;2;0;7;1061011;645693;1;1061;2182.1;Powiat m. £Ûdü;292.8501406;1049.525352;358.3830796;4.03;2296;784.0187459;763.4;260.6794036;10223.57553;11311.05842;6;OR_N2;1047;14.35;1068;3.55;1047;14.35;5511;12.2;0;1
42srw7uo87m7;284;2;1;17;1009052;4876;3;1009;59.1;Powiat pajÍczaÒski;803.0385073;66.0912157;8.230142776;16.28;280;34.8675683;627.1;78.09090029;3590.790245;0;3;OR_N2;4017;55;4035;12.48;4017;55;4035;4.55;0;1
4a9gl6njo9uk;285;2;0;18;1020011;12956;2;1020;193.4;Powiat zgierski;853.9990645;182.2143352;21.33659658;2.18;888;103.9813785;1106.6;129.5785963;4850.81326;62.99420572;0;OR_N2;1652;21.97;1739;5.87;1652;21.97;1694;3.77;;
4af9frv8ctg9;286;2;1;18;1061011;645693;1;1061;2182.1;Powiat m. £Ûdü;292.8501406;1049.525352;358.3830796;4.03;2296;784.0187459;763.4;260.6794036;12495.11962;10407.26663;4;OR_N2;2431;32.38;2541;7.13;2685;24.48;3213;7.22;1;1
4bu4ne3uhm37;287;2;1;17;1001072;8116;3;1001;110.8;Powiat be≥chatowski;966.2626658;198.2751399;20.51979724;14.05;961;99.45535868;943.4;97.63390778;5919.398048;1192.876914;0;OR_N2;9973;134.1;11438;35.05;97038;731.88;10119;11.07;1;1
4jg2zp2rmh47;288;2;1;16;1061011;645693;1;1061;2182.1;Powiat m. £Ûdü;292.8501406;1049.525352;358.3830796;4.03;2296;784.0187459;763.4;260.6794036;7407.928761;9896.721601;9;OR_N2;9931;138.28;11333;40.72;11590;57.63;12643;27.07;0;0
4xx4s7jse6n4;290;2;1;16;1020085;9675;3;1020;193.4;Powiat zgierski;853.9990645;182.2143352;21.33659658;2.18;888;103.9813785;1106.6;129.5785963;3359.823334;0;0;OR_N2;45;0.58;45;0.08;45;0.58;45;0.23;;
4zm8obt2xcd4;291;2;1;17;1016011;56681;2;1016;106;Powiat tomaszowski;1023.091277;198.4567764;19.39775862;7.99;616;60.20968156;975.8;95.3776092;6864.022174;46.23310951;4;OR_N2;3584;48.27;3606;11.75;5219;16.25;3876;6.48;;
62pbm94hiy37;292;2;1;16;1016062;7146;3;1016;106;Powiat tomaszowski;1023.091277;198.4567764;19.39775862;7.99;616;60.20968156;975.8;95.3776092;6859.291174;0;4;OR_N2;5119;68.63;5499;17.78;10476;52.87;5587;10.63;0;0
68uzd7gvw2o4;293;2;1;14;1061011;645693;1;1061;2182.1;Powiat m. £Ûdü;292.8501406;1049.525352;358.3830796;4.03;2296;784.0187459;763.4;260.6794036;11849.6004;3619.541545;19;OR_N2;828;10.95;935;3.75;828;10.95;1624;6.03;0;0
6d36nm7pzj86;294;2;1;16;1016032;2069;3;1016;106;Powiat tomaszowski;1023.091277;198.4567764;19.39775862;7.99;616;60.20968156;975.8;95.3776092;4758.173036;0;1;OR_N2;18430;246.93;18430;55;;;20755;21.88;1;1
6gl2wtt6zef9;295;2;1;16;1016011;56681;2;1016;106;Powiat tomaszowski;1023.091277;198.4567764;19.39775862;7.99;616;60.20968156;975.8;95.3776092;11960.16849;11001.19645;8;OR_N2;10573;142.53;10639;31.98;16298;70.05;10520;13.77;1;1
6k499kz2gx99;296;2;1;18;1016072;5984;3;1016;106;Powiat tomaszowski;1023.091277;198.4567764;19.39775862;7.99;616;60.20968156;975.8;95.3776092;4807.81025;1101.43564;4;OR_N2;2083;28.07;2083;6.38;2083;28.07;2083;3.02;1;1
6pz7mb6nrp99;297;2;1;18;1061011;645693;1;1061;2182.1;Powiat m. £Ûdü;292.8501406;1049.525352;358.3830796;4.03;2296;784.0187459;763.4;260.6794036;12272.17438;10852.56545;6;OR_N2;1922;25.45;1975;5.65;2374;20.48;2949;6.08;1;0
6to2po2ecb69;298;2;0;18;1061011;645693;1;1061;2182.1;Powiat m. £Ûdü;292.8501406;1049.525352;358.3830796;4.03;2296;784.0187459;763.4;260.6794036;8121.147336;10132.2345;9;OR_N2;1992;27.18;1992;6.68;1992;27.18;4916;8.62;1;1
6vd6nsa7bo43;299;2;0;11;1061011;645693;1;1061;2182.1;Powiat m. £Ûdü;292.8501406;1049.525352;358.3830796;4.03;2296;784.0187459;763.4;260.6794036;10334.07983;10701.68234;6;OR_N2;1607;21.3;1810;5.6;2193;17.72;1834;5.67;1;1
6vw884jia7vs;300;2;1;9;1061011;645693;1;1061;2182.1;Powiat m. £Ûdü;292.8501406;1049.525352;358.3830796;4.03;2296;784.0187459;763.4;260.6794036;12680.22482;3722.511044;11;OR_N2;1122;14.9;1425;5.78;1122;14.9;1425;4.92;1;1
722wv6i8eza8;301;2;1;12;1006082;5811;3;1006;151;Powiat ≥Ûdzki wschodni;499.1387193;129.2560513;25.89581739;10.7;448;89.75460783;667;133.6301862;5748.39385;264.4064392;4;OR_N2;13;0.15;13;0.03;13;0.15;13;0.02;0;0
72hi2n74vau7;302;2;0;13;1061011;645693;1;1061;2182.1;Powiat m. £Ûdü;292.8501406;1049.525352;358.3830796;4.03;2296;784.0187459;763.4;260.6794036;14949.96648;1511.054291;15;OR_N2;650;9.12;762;2.6;650;9.12;758;1.77;;
73ayd2h7seb3;303;2;1;16;1012042;5606;3;1012;72.5;Powiat radomszczaÒski;1441.229323;125.7545581;8.725506492;2.07;833;57.79788039;1190.9;82.63084725;5958.68693;2184.950857;1;OR_N2;12847;174.03;15435;49.68;13567;40.07;13142;17.12;1;0
74wis3tyl8y6;304;2;1;15;1061011;645693;1;1061;2182.1;Powiat m. £Ûdü;292.8501406;1049.525352;358.3830796;4.03;2296;784.0187459;763.4;260.6794036;8339.263574;5184.172472;9;OR_N2;1110;15.38;1148;4.23;1651;10.6;2483;5.78;1;0
7c94t9elp9c3;305;2;1;12;1061011;645693;1;1061;2182.1;Powiat m. £Ûdü;292.8501406;1049.525352;358.3830796;4.03;2296;784.0187459;763.4;260.6794036;11060.95797;6826.706303;12;OR_N2;1588;21.22;1591;4.88;2019;19.37;1732;5.5;;
7de2vma2xvh3;306;2;1;17;1012142;4735;3;1012;72.5;Powiat radomszczaÒski;1441.229323;125.7545581;8.725506492;2.07;833;57.79788039;1190.9;82.63084725;5155.598929;351.9768498;1;OR_N2;1416;19.38;1416;4.5;1416;19.38;1416;1.75;1;1
7dv6llr6zbx3;307;2;1;16;1061011;645693;1;1061;2182.1;Powiat m. £Ûdü;292.8501406;1049.525352;358.3830796;4.03;2296;784.0187459;763.4;260.6794036;6825.153418;2325.589667;2;OR_N2;1383;19.48;1415;5.1;1383;19.48;1313;4.18;1;1
7hu39ehn8dx8;308;2;0;14;1063011;45121;2;1063;1295.2;Powiat m. Skierniewice;34.55875472;71.15621041;205.8992316;6.85;187;541.1074604;143;413.788058;12663.86334;4668.23965;5;OR_N2;144;2.07;890;3.03;144;2.07;890;2.22;1;0
7kx8gnn6gku6;309;2;0;15;1020044;22023;2;1020;193.4;Powiat zgierski;853.9990645;182.2143352;21.33659658;2.18;888;103.9813785;1106.6;129.5785963;7723.5086;0;0;OR_N2;11705;163.07;12361;42.07;12692;66.98;15469;31.28;1;1
7lv8b2pgg6s6;310;2;0;13;1061011;645693;1;1061;2182.1;Powiat m. £Ûdü;292.8501406;1049.525352;358.3830796;4.03;2296;784.0187459;763.4;260.6794036;8931.032738;8699.408424;4;OR_N2;355;4.72;482;1.28;355;4.72;576;3.03;;
7o2dmi4lho6a;311;2;1;17;1016092;11492;2;1016;106;Powiat tomaszowski;1023.091277;198.4567764;19.39775862;7.99;616;60.20968156;975.8;95.3776092;4970.05896;144.8328213;3;OR_N2;6736;92.23;7210;22.03;11690;369;6544;9.43;;
7o9p4n8nzh93;312;2;1;10;1008052;7656;3;1008;240.6;Powiat pabianicki;491.5247438;135.3532664;27.53742677;4.91;456;92.77254212;567.3;115.4163665;5797.552486;752.7879757;4;OR_N2;1392;19.32;1616;5.88;1392;19.32;1616;3.17;1;1
7p27gdp9zj97;313;2;1;18;1061011;645693;1;1061;2182.1;Powiat m. £Ûdü;292.8501406;1049.525352;358.3830796;4.03;2296;784.0187459;763.4;260.6794036;11532.87888;3506.918817;7;OR_N2;5113;72.05;5300;19.9;5674;30.85;6641;14.13;0;0
7rm48jw6w766;314;2;1;18;1061011;645693;1;1061;2182.1;Powiat m. £Ûdü;292.8501406;1049.525352;358.3830796;4.03;2296;784.0187459;763.4;260.6794036;11604.71875;10827.98871;6;OR_N2;74;1.25;74;1.02;74;1.25;211;2.32;1;1
7wc7fma2ag77;315;2;1;17;1016062;7146;3;1016;106;Powiat tomaszowski;1023.091277;198.4567764;19.39775862;7.99;616;60.20968156;975.8;95.3776092;4068.116669;73.5026774;1;OR_N2;2247;30.22;2248;7.07;2247;30.22;2248;2.68;1;1
879oxx6war8a;316;2;0;18;1061011;645693;1;1061;2182.1;Powiat m. £Ûdü;292.8501406;1049.525352;358.3830796;4.03;2296;784.0187459;763.4;260.6794036;6844.032282;14190.66673;0;OR_N2;487;6.28;793;2.68;487;6.28;1824;4.85;;
8eg9hd9mfm7r;317;2;1;15;1016072;5984;3;1016;106;Powiat tomaszowski;1023.091277;198.4567764;19.39775862;7.99;616;60.20968156;975.8;95.3776092;3425.027828;71.45405789;0;OR_N2;421;5.47;421;0.93;421;5.47;421;0.55;0;0
8he7ybk732j4;318;2;0;18;1013011;15783;2;1013;70;Powiat rawski;645.5332469;90.80383441;14.06648455;4.73;252;39.03749361;647.5;100.3046711;6341.743212;0;0;OR_N2;2703;36.3;2703;8.08;2703;36.3;3018;5.88;1;1
8j23srv6j7e6;319;2;0;18;1012011;42412;2;1012;72.5;Powiat radomszczaÒski;1441.229323;125.7545581;8.725506492;2.07;833;57.79788039;1190.9;82.63084725;11017.09857;2348.609729;7;OR_N2;1963;27.82;1992;7.93;1963;27.82;2706;6.05;1;1
8ru6zac4h6bz;320;2;1;14;1008011;19276;2;1008;240.6;Powiat pabianicki;491.5247438;135.3532664;27.53742677;4.91;456;92.77254212;567.3;115.4163665;5595.456756;0;0;OR_N2;3450;47.65;3450;11.17;5401;39.93;5584;10.85;1;1
8ut24lsg7sat;321;2;0;7;1061011;645693;1;1061;2182.1;Powiat m. £Ûdü;292.8501406;1049.525352;358.3830796;4.03;2296;784.0187459;763.4;260.6794036;8163.53138;9021.815222;2;OR_N2;11;0.15;11;0.03;11;0.15;11;0.05;;
93buz4udu9m7;322;2;1;16;1020031;52938;2;1020;193.4;Powiat zgierski;853.9990645;182.2143352;21.33659658;2.18;888;103.9813785;1106.6;129.5785963;9119.727001;1304.081742;6;OR_N2;11382;157.67;11808;42.52;13774;42.78;12026;28.08;1;0
94ggd4iiy8f7;323;2;0;15;1012011;42412;2;1012;72.5;Powiat radomszczaÒski;1441.229323;125.7545581;8.725506492;2.07;833;57.79788039;1190.9;82.63084725;6643.388115;0;4;OR_N2;855;11.43;855;2.67;855;11.43;1110;1.9;1;1
94jeu24oxi69;324;2;1;17;1012132;4243;3;1012;72.5;Powiat radomszczaÒski;1441.229323;125.7545581;8.725506492;2.07;833;57.79788039;1190.9;82.63084725;5352.295104;0;0;OR_N2;5178;68.98;5279;15.67;;;5178;5.73;0;1
96h7o9if2jh8;325;2;1;18;1061011;645693;1;1061;2182.1;Powiat m. £Ûdü;292.8501406;1049.525352;358.3830796;4.03;2296;784.0187459;763.4;260.6794036;13316.58839;9242.969011;13;OR_N2;3177;44.08;3592;13.37;3286;16.03;4954;10.97;0;0
9mm26obd4ci7;326;2;1;18;1061011;645693;1;1061;2182.1;Powiat m. £Ûdü;292.8501406;1049.525352;358.3830796;4.03;2296;784.0187459;763.4;260.6794036;8123.983199;16783.94954;6;OR_N2;6382;86.83;7052;25.83;7415;45.38;8278;18.27;0;0
4myc3jiy9zca;327;2;0;11;1061011;645693;1;1061;2182.1;Powiat m. £Ûdü;292.8501406;1049.525352;358.3830796;4.03;2296;784.0187459;763.4;260.6794036;12229.60146;10164.31605;10;OR_N2;366;4.75;366;2.62;366;4.75;1816;5.1;1;1
4sw4bul2pmj9;328;2;0;16;1016062;7146;3;1016;106;Powiat tomaszowski;1023.091277;198.4567764;19.39775862;7.99;616;60.20968156;975.8;95.3776092;4404.877821;0;1;OR_N2;8138;109.35;8714;27.03;22628;81.63;8756;12.83;;
3839epo2inw7;329;2;1;16;1016011;56681;2;1016;106;Powiat tomaszowski;1023.091277;198.4567764;19.39775862;7.99;616;60.20968156;975.8;95.3776092;10761.08346;7275.610273;6;OR_N2;4121;56.68;4885;15.5;8011;29.87;6356;9.72;1;0
9pb7nn2x6od4;330;2;1;16;1016042;4790;3;1016;106;Powiat tomaszowski;1023.091277;198.4567764;19.39775862;7.99;616;60.20968156;975.8;95.3776092;15216.95673;523.7336828;3;OR_N2;18267;245.75;21666;65.32;;;20960;16.77;;
72gyl9oi8zxu;331;2;1;17;1010022;4026;3;1010;62.4;Powiat piotrkowski;1426.409646;162.5195004;11.39360638;2.45;896;62.81505476;1306.2;91.57257202;6265.331198;1317.35868;1;OR_N2;4577;61.57;4577;13.2;4620;10.95;4577;5.2;1;1
4r7j47izd969;332;2;1;17;1061011;645693;1;1061;2182.1;Powiat m. £Ûdü;292.8501406;1049.525352;358.3830796;4.03;2296;784.0187459;763.4;260.6794036;6807.680437;2762.822206;4;OR_N2;1084;14.55;1084;2.85;1640;14.53;944;2.53;;
7j3hiw696yp3;333;2;1;16;1061011;645693;1;1061;2182.1;Powiat m. £Ûdü;292.8501406;1049.525352;358.3830796;4.03;2296;784.0187459;763.4;260.6794036;9947.246742;1459.989709;9;OR_N2;2443;33.05;2443;6.9;3867;29.02;2443;4.43;0;0
2xu3u9cmz6o6;334;2;0;16;1016011;56681;2;1016;106;Powiat tomaszowski;1023.091277;198.4567764;19.39775862;7.99;616;60.20968156;975.8;95.3776092;9259.709222;4805.456299;8;OR_N2;1477;19.85;1539;4.45;1664;13.15;1515;3.62;;
3h9whv6hwy29;335;2;1;16;1061011;645693;1;1061;2182.1;Powiat m. £Ûdü;292.8501406;1049.525352;358.3830796;4.03;2296;784.0187459;763.4;260.6794036;9182.411974;10922.56924;10;OR_N2;419;5.62;419;1.87;419;5.62;502;1.57;0;0
49os8xsx7oi4;336;2;0;16;1016011;56681;2;1016;106;Powiat tomaszowski;1023.091277;198.4567764;19.39775862;7.99;616;60.20968156;975.8;95.3776092;10570.65097;10739.6991;6;OR_N2;1511;20.67;1564;5;2873;18.47;2743;7.9;0;0
7fh22r6wkh7a;337;2;1;16;1006022;14838;2;1006;151;Powiat ≥Ûdzki wschodni;499.1387193;129.2560513;25.89581739;10.7;448;89.75460783;667;133.6301862;7357.584558;0;1;OR_N2;45290;606.87;47835;140.62;;;46694;46.1;;
7atu6vk3oj64;338;2;0;16;1061011;645693;1;1061;2182.1;Powiat m. £Ûdü;292.8501406;1049.525352;358.3830796;4.03;2296;784.0187459;763.4;260.6794036;6433.246761;0;2;OR_N2;3890;53.08;3890;11.55;4166;9.85;3890;5.38;;
4s77njg9r64i;339;2;0;16;1061011;645693;1;1061;2182.1;Powiat m. £Ûdü;292.8501406;1049.525352;358.3830796;4.03;2296;784.0187459;763.4;260.6794036;15606.31315;10705.90057;11;OR_N2;672;9.17;736;2;672;9.17;1057;3.72;0;0
6gd6vfw4r7i4;340;2;0;17;1061011;645693;1;1061;2182.1;Powiat m. £Ûdü;292.8501406;1049.525352;358.3830796;4.03;2296;784.0187459;763.4;260.6794036;9966.539379;11603.25347;0;OR_N2;259;3.6;259;0.82;259;3.6;54;0.2;;
8jg9mse6chz8;341;2;;16;1061011;645693;1;1061;2182.1;Powiat m. £Ûdü;292.8501406;1049.525352;358.3830796;4.03;2296;784.0187459;763.4;260.6794036;7580.38773;12510.51797;0;OR_N2;262;3.43;262;1.3;262;3.43;598;2.58;;
8akx9i9grz64;342;2;1;16;1016104;1499;3;1016;106;Powiat tomaszowski;1023.091277;198.4567764;19.39775862;7.99;616;60.20968156;975.8;95.3776092;5176.529467;1169.548601;2;OR_N2;2149;30.28;2149;7.78;2891;19.4;2149;3.87;1;1
8yu7u9dsg3r9;343;2;0;16;1016092;11492;2;1016;106;Powiat tomaszowski;1023.091277;198.4567764;19.39775862;7.99;616;60.20968156;975.8;95.3776092;7265.93248;0;2;OR_N2;4494;60.75;4503;12.85;7355;29.67;4521;7.82;;
233k2pxo3ju3;344;2;1;9;1061011;645693;1;1061;2182.1;Powiat m. £Ûdü;292.8501406;1049.525352;358.3830796;4.03;2296;784.0187459;763.4;260.6794036;12439.86945;2324.039028;14;OR_C1;4618;62.92;5243;21.62;5192;33.02;5184;10.92;1;1
26xip874hvx8;345;2;1;18;1061011;645693;1;1061;2182.1;Powiat m. £Ûdü;292.8501406;1049.525352;358.3830796;4.03;2296;784.0187459;763.4;260.6794036;8906.049073;5924.610432;12;OR_C1;2449;32.97;2526;7.63;2731;15.3;3377;12.38;;
27zbi9vpg3z6;346;2;1;12;1008011;19276;2;1008;240.6;Powiat pabianicki;491.5247438;135.3532664;27.53742677;4.91;456;92.77254212;567.3;115.4163665;5134.879163;0;0;OR_C1;28;0.4;28;0.08;28;0.4;28;0.18;0;0
2du2axj46el8;347;2;1;16;1016011;56681;2;1016;106;Powiat tomaszowski;1023.091277;198.4567764;19.39775862;7.99;616;60.20968156;975.8;95.3776092;9642.72979;2190.58007;7;OR_C1;8977;122.85;9118;29.45;13136;33.47;9513;12.42;1;1
2dx8ntr6u3p7;348;2;1;9;1061011;645693;1;1061;2182.1;Powiat m. £Ûdü;292.8501406;1049.525352;358.3830796;4.03;2296;784.0187459;763.4;260.6794036;8275.309989;2702.630823;16;OR_C1;2548;35.97;2906;11.13;4684;25.92;2771;10.07;1;0
2ej7uw8v6437;349;2;1;18;1061011;645693;1;1061;2182.1;Powiat m. £Ûdü;292.8501406;1049.525352;358.3830796;4.03;2296;784.0187459;763.4;260.6794036;8190.114064;1661.024169;23;OR_C1;1927;27.07;2013;8.43;1994;11.37;1938;6.47;0;0
2o8xhr7k6nrv;350;2;1;14;1061011;645693;1;1061;2182.1;Powiat m. £Ûdü;292.8501406;1049.525352;358.3830796;4.03;2296;784.0187459;763.4;260.6794036;11773.74209;3707.15273;20;OR_C1;7267;102.28;7356;27.3;8393;48.53;7659;15.03;;
2rc8zdf4gle9;351;2;0;16;1016112;3065;3;1016;106;Powiat tomaszowski;1023.091277;198.4567764;19.39775862;7.99;616;60.20968156;975.8;95.3776092;5412.936538;0;1;OR_C1;23876;321.25;24143;74.33;;;25870;25.27;0;0
2xk4nas4k249;352;2;1;17;1061011;645693;1;1061;2182.1;Powiat m. £Ûdü;292.8501406;1049.525352;358.3830796;4.03;2296;784.0187459;763.4;260.6794036;10934.81723;5786.509206;12;OR_C1;3211;44.05;3500;12.33;3365;25.27;3282;11.1;1;1
2zir9dn2hgr4;353;2;1;16;1016092;11492;2;1016;106;Powiat tomaszowski;1023.091277;198.4567764;19.39775862;7.99;616;60.20968156;975.8;95.3776092;5066.386004;144.8328213;2;OR_C1;6648;91.03;7062;21.62;11601;367.8;6456;9.37;0;0
36f82lsz2mr6;354;2;1;17;1061011;645693;1;1061;2182.1;Powiat m. £Ûdü;292.8501406;1049.525352;358.3830796;4.03;2296;784.0187459;763.4;260.6794036;10364.50176;2286.406817;6;OR_C1;2393;33.38;2404;9.82;2425;20;2814;9.83;0;0
3au8rjg8kra3;355;2;0;16;1020045;13380;2;1020;193.4;Powiat zgierski;853.9990645;182.2143352;21.33659658;2.18;888;103.9813785;1106.6;129.5785963;11606.15205;0;1;OR_C1;10361;146.38;12213;40.97;12442;58.8;10573;22.08;1;0
3cp9rp47jfb6;356;2;0;13;1061011;645693;1;1061;2182.1;Powiat m. £Ûdü;292.8501406;1049.525352;358.3830796;4.03;2296;784.0187459;763.4;260.6794036;10185.85035;3326.207838;14;OR_C1;3652;50.2;3942;17.23;4582;29.92;3902;11.43;1;1
3gb3vwm8hlb3;357;2;1;16;1061011;645693;1;1061;2182.1;Powiat m. £Ûdü;292.8501406;1049.525352;358.3830796;4.03;2296;784.0187459;763.4;260.6794036;9834.35267;8148.652897;6;OR_C1;14801;199.8;15126;47.95;17165;60.02;16950;23.35;0;0
3go4fki2ue29;358;2;1;16;1061011;645693;1;1061;2182.1;Powiat m. £Ûdü;292.8501406;1049.525352;358.3830796;4.03;2296;784.0187459;763.4;260.6794036;11344.58041;3413.189673;14;OR_C1;2424;33.75;2640;8.78;3167;19.93;3405;6.77;1;1
3ht6stl64x34;359;2;1;17;1016011;56681;2;1016;106;Powiat tomaszowski;1023.091277;198.4567764;19.39775862;7.99;616;60.20968156;975.8;95.3776092;9051.691328;5190.352661;9;OR_C1;2910;39.2;2910;8.87;2910;39.2;2910;5.98;1;1
3on3hvn42jv3;360;2;0;18;1013011;15783;2;1013;70;Powiat rawski;645.5332469;90.80383441;14.06648455;4.73;252;39.03749361;647.5;100.3046711;9356.730973;0;0;OR_C1;1878;26.7;1878;6.83;1878;26.7;1878;3.15;1;1
3tg3ibp6zxf3;361;2;1;18;1061011;645693;1;1061;2182.1;Powiat m. £Ûdü;292.8501406;1049.525352;358.3830796;4.03;2296;784.0187459;763.4;260.6794036;8644.531516;9096.997373;2;OR_C1;6369;87.82;7497;25.52;6981;38.03;8045;18.6;0;0
3x6k8mg2fvh6;362;2;0;16;1016092;11492;2;1016;106;Powiat tomaszowski;1023.091277;198.4567764;19.39775862;7.99;616;60.20968156;975.8;95.3776092;6026.822418;0;0;OR_C1;4352;59.32;4562;14.58;4999;31.77;4789;8.8;0;0
3xbe9s3xy8o4;363;2;1;10;1061011;645693;1;1061;2182.1;Powiat m. £Ûdü;292.8501406;1049.525352;358.3830796;4.03;2296;784.0187459;763.4;260.6794036;8576.899613;3397.02132;16;OR_C1;1817;24.73;1907;6.52;2139;13.77;2521;10.3;;
3y2lsk8l49b4;364;2;0;7;1061011;645693;1;1061;2182.1;Powiat m. £Ûdü;292.8501406;1049.525352;358.3830796;4.03;2296;784.0187459;763.4;260.6794036;10223.57553;11311.05842;6;OR_C1;13842;188.75;14779;50.3;16662;60.02;15598;27.07;1;0
42srw7uo87m7;365;2;1;17;1009052;4876;3;1009;59.1;Powiat pajÍczaÒski;803.0385073;66.0912157;8.230142776;16.28;280;34.8675683;627.1;78.09090029;3590.790245;0;3;OR_C1;13964;186.9;14495;43.32;24227;45.17;13959;13.32;1;0
42tsi2klr8a9;366;2;0;12;1061011;645693;1;1061;2182.1;Powiat m. £Ûdü;292.8501406;1049.525352;358.3830796;4.03;2296;784.0187459;763.4;260.6794036;11739.31906;4261.189338;6;OR_C1;7169;98.92;7982;27.45;8593;45.83;8023;21.1;0;0
4af9frv8ctg9;367;2;1;18;1061011;645693;1;1061;2182.1;Powiat m. £Ûdü;292.8501406;1049.525352;358.3830796;4.03;2296;784.0187459;763.4;260.6794036;12495.11962;10407.26663;4;OR_C1;5789;81.68;6345;26.23;6429;26.02;6856;16.25;1;0
4jg2zp2rmh47;368;2;1;16;1061011;645693;1;1061;2182.1;Powiat m. £Ûdü;292.8501406;1049.525352;358.3830796;4.03;2296;784.0187459;763.4;260.6794036;7407.928761;9896.721601;9;OR_C1;11518;159.5;12609;44.32;13575;63.5;13608;27;0;0
4tc49psw89d4;370;2;1;17;1001072;8116;3;1001;110.8;Powiat be≥chatowski;966.2626658;198.2751399;20.51979724;14.05;961;99.45535868;943.4;97.63390778;3843.194407;0;2;OR_C1;23271;315.23;23276;71.38;27231;55.98;23927;22.3;0;0
6d36nm7pzj86;371;2;1;16;1016032;2069;3;1016;106;Powiat tomaszowski;1023.091277;198.4567764;19.39775862;7.99;616;60.20968156;975.8;95.3776092;4758.173036;0;1;OR_C1;20548;276.63;21744;64.73;;;20776;24.9;1;0
6gl2wtt6zef9;372;2;1;16;1016011;56681;2;1016;106;Powiat tomaszowski;1023.091277;198.4567764;19.39775862;7.99;616;60.20968156;975.8;95.3776092;11960.16849;11001.19645;8;OR_C1;3975;54.43;4078;14.48;4808;25.33;4789;9.32;1;1
6hx2yg9sv774;373;2;1;13;1061011;645693;1;1061;2182.1;Powiat m. £Ûdü;292.8501406;1049.525352;358.3830796;4.03;2296;784.0187459;763.4;260.6794036;12274.89621;7306.47684;8;OR_C1;689;9.27;701;2;689;9.27;692;2.52;0;0
6k499kz2gx99;374;2;1;18;1016072;5984;3;1016;106;Powiat tomaszowski;1023.091277;198.4567764;19.39775862;7.99;616;60.20968156;975.8;95.3776092;4807.81025;1101.43564;4;OR_C1;31401;426.98;33309;102.32;39630;113.13;35711;43.4;0;0
6pz7mb6nrp99;375;2;1;18;1061011;645693;1;1061;2182.1;Powiat m. £Ûdü;292.8501406;1049.525352;358.3830796;4.03;2296;784.0187459;763.4;260.6794036;12272.17438;10852.56545;6;OR_C1;12082;169.88;13615;45.03;15172;76.02;13414;28.45;0;0
6to2po2ecb69;376;2;0;18;1061011;645693;1;1061;2182.1;Powiat m. £Ûdü;292.8501406;1049.525352;358.3830796;4.03;2296;784.0187459;763.4;260.6794036;8121.147336;10132.2345;9;OR_C1;15394;216.2;17143;57.73;20494;84.07;25697;28.63;1;0
6vd6nsa7bo43;377;2;0;11;1061011;645693;1;1061;2182.1;Powiat m. £Ûdü;292.8501406;1049.525352;358.3830796;4.03;2296;784.0187459;763.4;260.6794036;10334.07983;10701.68234;6;OR_C1;3350;46.22;3459;12.18;3826;30.73;4895;11.17;1;1
6vw884jia7vs;378;2;1;9;1061011;645693;1;1061;2182.1;Powiat m. £Ûdü;292.8501406;1049.525352;358.3830796;4.03;2296;784.0187459;763.4;260.6794036;12680.22482;3722.511044;11;OR_C1;1461;19.48;1737;6.63;1772;14.4;1729;5.48;1;1
722wv6i8eza8;379;2;1;12;1006082;5811;3;1006;151;Powiat ≥Ûdzki wschodni;499.1387193;129.2560513;25.89581739;10.7;448;89.75460783;667;133.6301862;5748.39385;264.4064392;4;OR_C1;13797;187.57;14427;46.12;17457;71.95;16494;28.08;0;0
7c94t9elp9c3;380;2;1;12;1061011;645693;1;1061;2182.1;Powiat m. £Ûdü;292.8501406;1049.525352;358.3830796;4.03;2296;784.0187459;763.4;260.6794036;11060.95797;6826.706303;12;OR_C1;4911;67.22;5705;18.27;6417;37.22;5866;17.82;;
7de2vma2xvh3;381;2;1;17;1012142;4735;3;1012;72.5;Powiat radomszczaÒski;1441.229323;125.7545581;8.725506492;2.07;833;57.79788039;1190.9;82.63084725;5155.598929;351.9768498;1;OR_C1;22942;310.28;24871;74.63;;;26370;26.15;1;0
7dv6llr6zbx3;382;2;1;16;1061011;645693;1;1061;2182.1;Powiat m. £Ûdü;292.8501406;1049.525352;358.3830796;4.03;2296;784.0187459;763.4;260.6794036;6825.153418;2325.589667;2;OR_C1;5487;74.37;5609;18.7;7250;49.25;8467;15.25;1;0
7hr22ben944c;383;2;0;16;1006082;5811;3;1006;151;Powiat ≥Ûdzki wschodni;499.1387193;129.2560513;25.89581739;10.7;448;89.75460783;667;133.6301862;5748.39385;264.4064392;4;OR_C1;7331;99.63;7967;26.45;11258;50.18;7312;11.25;;
7hu39ehn8dx8;384;2;0;14;1063011;45121;2;1063;1295.2;Powiat m. Skierniewice;34.55875472;71.15621041;205.8992316;6.85;187;541.1074604;143;413.788058;12663.86334;4668.23965;5;OR_C1;293;4.27;1039;3.5;293;4.27;1039;2.72;1;0
7kx8gnn6gku6;385;2;0;15;1020044;22023;2;1020;193.4;Powiat zgierski;853.9990645;182.2143352;21.33659658;2.18;888;103.9813785;1106.6;129.5785963;7723.5086;0;0;OR_C1;9654;131.83;11765;36.6;13894;55.98;11018;19.45;0;0
7o2dmi4lho6a;386;2;1;17;1016092;11492;2;1016;106;Powiat tomaszowski;1023.091277;198.4567764;19.39775862;7.99;616;60.20968156;975.8;95.3776092;4970.05896;144.8328213;3;OR_C1;13442;182.03;13318;40.97;20405;548.08;13857;15.72;;
7o9p4n8nzh93;387;2;1;10;1008052;7656;3;1008;240.6;Powiat pabianicki;491.5247438;135.3532664;27.53742677;4.91;456;92.77254212;567.3;115.4163665;5797.552486;752.7879757;4;OR_C1;6221;85.43;6402;19.33;9615;54.68;5881;10.18;0;0
7p27gdp9zj97;388;2;1;18;1061011;645693;1;1061;2182.1;Powiat m. £Ûdü;292.8501406;1049.525352;358.3830796;4.03;2296;784.0187459;763.4;260.6794036;11532.87888;3506.918817;7;OR_C1;17267;236.23;20643;63.33;;;17139;31.03;;
7rm48jw6w766;389;2;1;18;1061011;645693;1;1061;2182.1;Powiat m. £Ûdü;292.8501406;1049.525352;358.3830796;4.03;2296;784.0187459;763.4;260.6794036;11604.71875;10827.98871;6;OR_C1;1943;27.27;1981;6.92;2279;15.85;2611;6.9;1;1
7wc7fma2ag77;390;2;1;17;1016062;7146;3;1016;106;Powiat tomaszowski;1023.091277;198.4567764;19.39775862;7.99;616;60.20968156;975.8;95.3776092;4068.116669;73.5026774;1;OR_C1;9770;131.48;10641;32.65;20476;61.3;10438;16.48;1;1
879oxx6war8a;391;2;0;18;1061011;645693;1;1061;2182.1;Powiat m. £Ûdü;292.8501406;1049.525352;358.3830796;4.03;2296;784.0187459;763.4;260.6794036;6844.032282;14190.66673;0;OR_C1;8516;116.38;9079;28.65;10810;70.85;11009;23.05;0;0
8eg9hd9mfm7r;392;2;1;15;1016072;5984;3;1016;106;Powiat tomaszowski;1023.091277;198.4567764;19.39775862;7.99;616;60.20968156;975.8;95.3776092;3425.027828;71.45405789;0;OR_C1;20518;275.92;20610;59.75;60598;110.67;20885;23.48;0;0
8he7ybk732j4;393;2;0;18;1013011;15783;2;1013;70;Powiat rawski;645.5332469;90.80383441;14.06648455;4.73;252;39.03749361;647.5;100.3046711;6341.743212;0;0;OR_C1;5113;69.73;5387;17.65;;;7208;7.8;1;1
8j23srv6j7e6;394;2;0;18;1012011;42412;2;1012;72.5;Powiat radomszczaÒski;1441.229323;125.7545581;8.725506492;2.07;833;57.79788039;1190.9;82.63084725;11017.09857;2348.609729;7;OR_C1;4919;67.8;4923;16.08;9261;56;5132;8.23;0;0
8ru6zac4h6bz;395;2;1;14;1008011;19276;2;1008;240.6;Powiat pabianicki;491.5247438;135.3532664;27.53742677;4.91;456;92.77254212;567.3;115.4163665;5595.456756;0;0;OR_C1;7981;109.32;8644;26.15;10183;59.87;9540;19.33;0;0
8ut24lsg7sat;396;2;0;7;1061011;645693;1;1061;2182.1;Powiat m. £Ûdü;292.8501406;1049.525352;358.3830796;4.03;2296;784.0187459;763.4;260.6794036;8163.53138;9021.815222;2;OR_C1;2064;27.8;2210;7.5;2868;18.9;2275;5.05;;
93buz4udu9m7;397;2;1;16;1020031;52938;2;1020;193.4;Powiat zgierski;853.9990645;182.2143352;21.33659658;2.18;888;103.9813785;1106.6;129.5785963;9119.727001;1304.081742;6;OR_C1;1343;17.83;1343;4.4;1343;17.83;1875;4.23;;
94ggd4iiy8f7;398;2;0;15;1012011;42412;2;1012;72.5;Powiat radomszczaÒski;1441.229323;125.7545581;8.725506492;2.07;833;57.79788039;1190.9;82.63084725;6643.388115;0;4;OR_C1;2189;29.65;2189;6.32;2189;29.65;2189;4.18;1;1
94jeu24oxi69;399;2;1;17;1012132;4243;3;1012;72.5;Powiat radomszczaÒski;1441.229323;125.7545581;8.725506492;2.07;833;57.79788039;1190.9;82.63084725;5352.295104;0;0;OR_C1;7647;103.98;7647;24.9;;;7647;7.82;0;1
96h7o9if2jh8;400;2;1;18;1061011;645693;1;1061;2182.1;Powiat m. £Ûdü;292.8501406;1049.525352;358.3830796;4.03;2296;784.0187459;763.4;260.6794036;13316.58839;9242.969011;13;OR_C1;4174;58.03;4295;14.9;4280;20.95;4490;15.73;0;0
9mm26obd4ci7;401;2;1;18;1061011;645693;1;1061;2182.1;Powiat m. £Ûdü;292.8501406;1049.525352;358.3830796;4.03;2296;784.0187459;763.4;260.6794036;8123.983199;16783.94954;6;OR_C1;3701;50.18;4101;13.87;3928;22.47;4084;13.33;0;0
4myc3jiy9zca;402;2;0;11;1061011;645693;1;1061;2182.1;Powiat m. £Ûdü;292.8501406;1049.525352;358.3830796;4.03;2296;784.0187459;763.4;260.6794036;12229.60146;10164.31605;10;OR_C1;2224;30.95;2244;8.57;2884;14.25;3749;9.52;1;1
3839epo2inw7;403;2;1;16;1016011;56681;2;1016;106;Powiat tomaszowski;1023.091277;198.4567764;19.39775862;7.99;616;60.20968156;975.8;95.3776092;10761.08346;7275.610273;6;OR_C1;3887;53.55;4651;14.88;8104;31.23;4769;9.5;1;0
72gyl9oi8zxu;404;2;1;17;1010022;4026;3;1010;62.4;Powiat piotrkowski;1426.409646;162.5195004;11.39360638;2.45;896;62.81505476;1306.2;91.57257202;6265.331198;1317.35868;1;OR_C1;9827;133.53;9827;29.73;10452;20.92;9827;9.88;1;1
4r7j47izd969;405;2;1;17;1061011;645693;1;1061;2182.1;Powiat m. £Ûdü;292.8501406;1049.525352;358.3830796;4.03;2296;784.0187459;763.4;260.6794036;6807.680437;2762.822206;4;OR_C1;450;6.27;450;1.68;450;6.27;450;1.6;;
7j3hiw696yp3;406;2;1;16;1061011;645693;1;1061;2182.1;Powiat m. £Ûdü;292.8501406;1049.525352;358.3830796;4.03;2296;784.0187459;763.4;260.6794036;9947.246742;1459.989709;9;OR_C1;14145;199.83;14872;53.65;15378;74.98;15724;29.37;0;0
2xu3u9cmz6o6;407;2;0;16;1016011;56681;2;1016;106;Powiat tomaszowski;1023.091277;198.4567764;19.39775862;7.99;616;60.20968156;975.8;95.3776092;9259.709222;4805.456299;8;OR_C1;1693;23.48;1701;5.98;1697;13.8;3496;8.47;;
3h9whv6hwy29;408;2;1;16;1061011;645693;1;1061;2182.1;Powiat m. £Ûdü;292.8501406;1049.525352;358.3830796;4.03;2296;784.0187459;763.4;260.6794036;9182.411974;10922.56924;10;OR_C1;7736;106.28;8017;31.02;9961;52.88;8398;18.48;;
49os8xsx7oi4;409;2;0;16;1016011;56681;2;1016;106;Powiat tomaszowski;1023.091277;198.4567764;19.39775862;7.99;616;60.20968156;975.8;95.3776092;10570.65097;10739.6991;6;OR_C1;1516;20.73;1568;5.02;2868;18.4;2748;7.92;;
77l6ahj37zi9;410;2;0;16;1061011;645693;1;1061;2182.1;Powiat m. £Ûdü;292.8501406;1049.525352;358.3830796;4.03;2296;784.0187459;763.4;260.6794036;11707.19358;6415.980739;24;OR_C1;6082;82.58;6676;23.87;6723;37.48;6644;12.55;;
7atu6vk3oj64;411;2;0;16;1061011;645693;1;1061;2182.1;Powiat m. £Ûdü;292.8501406;1049.525352;358.3830796;4.03;2296;784.0187459;763.4;260.6794036;6433.246761;0;2;OR_C1;15485;212.5;20937;65.73;16634;61.78;18884;29.88;;
4s77njg9r64i;412;2;0;16;1061011;645693;1;1061;2182.1;Powiat m. £Ûdü;292.8501406;1049.525352;358.3830796;4.03;2296;784.0187459;763.4;260.6794036;15606.31315;10705.90057;11;OR_C1;5721;76.93;6032;23.48;5872;25.28;6463;13.8;0;0
6gd6vfw4r7i4;413;2;0;17;1061011;645693;1;1061;2182.1;Powiat m. £Ûdü;292.8501406;1049.525352;358.3830796;4.03;2296;784.0187459;763.4;260.6794036;9966.539379;11603.25347;0;OR_C1;823;11.82;1018;4;858;9.47;1793;8.4;;
8akx9i9grz64;414;2;1;16;1016104;1499;3;1016;106;Powiat tomaszowski;1023.091277;198.4567764;19.39775862;7.99;616;60.20968156;975.8;95.3776092;5176.529467;1169.548601;2;OR_C1;10786;146.45;11109;33.67;14333;34.28;11903;14.13;0;0
233k2pxo3ju3;415;2;1;9;1061011;645693;1;1061;2182.1;Powiat m. £Ûdü;292.8501406;1049.525352;358.3830796;4.03;2296;784.0187459;763.4;260.6794036;12439.86945;2324.039028;14;OR_C2;8294;115.62;8611;30.48;9104;47.72;11181;21.62;1;0
26xip874hvx8;416;2;1;18;1061011;645693;1;1061;2182.1;Powiat m. £Ûdü;292.8501406;1049.525352;358.3830796;4.03;2296;784.0187459;763.4;260.6794036;8906.049073;5924.610432;12;OR_C2;2377;31.9;2430;7.62;3096;20.18;2737;9.87;;
27zbi9vpg3z6;417;2;1;12;1008011;19276;2;1008;240.6;Powiat pabianicki;491.5247438;135.3532664;27.53742677;4.91;456;92.77254212;567.3;115.4163665;5134.879163;0;0;OR_C2;3495;47.58;3536;11.1;3985;25.83;3536;7.37;0;0
2du2axj46el8;418;2;1;16;1016011;56681;2;1016;106;Powiat tomaszowski;1023.091277;198.4567764;19.39775862;7.99;616;60.20968156;975.8;95.3776092;9642.72979;2190.58007;7;OR_C2;18017;244.18;23225;70.28;;;17599;15.1;1;1
2dx8ntr6u3p7;419;2;1;9;1061011;645693;1;1061;2182.1;Powiat m. £Ûdü;292.8501406;1049.525352;358.3830796;4.03;2296;784.0187459;763.4;260.6794036;8275.309989;2702.630823;16;OR_C2;1948;26.88;1947;6.92;2979;17.15;2423;7.37;1;0
2ej7uw8v6437;420;2;1;18;1061011;645693;1;1061;2182.1;Powiat m. £Ûdü;292.8501406;1049.525352;358.3830796;4.03;2296;784.0187459;763.4;260.6794036;8190.114064;1661.024169;23;OR_C2;8049;113.8;8206;30.8;9461;48.38;8208;16.8;1;1
2ko2rum9mxy8;421;2;1;18;1061011;645693;1;1061;2182.1;Powiat m. £Ûdü;292.8501406;1049.525352;358.3830796;4.03;2296;784.0187459;763.4;260.6794036;12417.70073;6971.853989;10;OR_C2;18265;244.93;19346;58.42;19785;45.1;22577;26.07;;
2o8xhr7k6nrv;422;2;1;14;1061011;645693;1;1061;2182.1;Powiat m. £Ûdü;292.8501406;1049.525352;358.3830796;4.03;2296;784.0187459;763.4;260.6794036;11773.74209;3707.15273;20;OR_C2;1910;26.85;1986;7.57;2114;12.37;2225;9.3;0;0
2rc8zdf4gle9;423;2;0;16;1016112;3065;3;1016;106;Powiat tomaszowski;1023.091277;198.4567764;19.39775862;7.99;616;60.20968156;975.8;95.3776092;5412.936538;0;1;OR_C2;24742;334.27;25008;78.43;;;26916;28.33;0;0
2xk4nas4k249;424;2;1;17;1061011;645693;1;1061;2182.1;Powiat m. £Ûdü;292.8501406;1049.525352;358.3830796;4.03;2296;784.0187459;763.4;260.6794036;10934.81723;5786.509206;12;OR_C2;4587;61.82;4605;15.02;4870;27.55;5625;14.35;1;1
2zir9dn2hgr4;425;2;1;16;1016092;11492;2;1016;106;Powiat tomaszowski;1023.091277;198.4567764;19.39775862;7.99;616;60.20968156;975.8;95.3776092;5066.386004;144.8328213;2;OR_C2;8198;111.7;8521;26.42;13916;383.3;8233;11.52;1;0
36f82lsz2mr6;426;2;1;17;1061011;645693;1;1061;2182.1;Powiat m. £Ûdü;292.8501406;1049.525352;358.3830796;4.03;2296;784.0187459;763.4;260.6794036;10364.50176;2286.406817;6;OR_C2;471;6.32;680;1.95;471;6.32;976;4.5;0;0
3au8rjg8kra3;427;2;0;16;1020045;13380;2;1020;193.4;Powiat zgierski;853.9990645;182.2143352;21.33659658;2.18;888;103.9813785;1106.6;129.5785963;11606.15205;0;1;OR_C2;10060;139.95;10504;33.97;11286;34.75;10498;19.25;0;0
3cp9rp47jfb6;428;2;0;13;1061011;645693;1;1061;2182.1;Powiat m. £Ûdü;292.8501406;1049.525352;358.3830796;4.03;2296;784.0187459;763.4;260.6794036;10185.85035;3326.207838;14;OR_C2;3514;48.17;3998;13.68;3902;25.43;3546;13.4;1;1
3gb3vwm8hlb3;429;2;1;16;1061011;645693;1;1061;2182.1;Powiat m. £Ûdü;292.8501406;1049.525352;358.3830796;4.03;2296;784.0187459;763.4;260.6794036;9834.35267;8148.652897;6;OR_C2;13020;178.07;14053;46.05;14736;69.67;16014;30.57;0;0
3go4fki2ue29;430;2;1;16;1061011;645693;1;1061;2182.1;Powiat m. £Ûdü;292.8501406;1049.525352;358.3830796;4.03;2296;784.0187459;763.4;260.6794036;11344.58041;3413.189673;14;OR_C2;2077;29.03;2435;9.02;2531;19.12;2631;8.17;1;1
3on3hvn42jv3;431;2;0;18;1013011;15783;2;1013;70;Powiat rawski;645.5332469;90.80383441;14.06648455;4.73;252;39.03749361;647.5;100.3046711;9356.730973;0;0;OR_C2;5506;76.2;5454;18.83;;;5812;10.33;1;1
3tg3ibp6zxf3;432;2;1;18;1061011;645693;1;1061;2182.1;Powiat m. £Ûdü;292.8501406;1049.525352;358.3830796;4.03;2296;784.0187459;763.4;260.6794036;8644.531516;9096.997373;2;OR_C2;5098;71.48;5684;18.82;6226;36.23;5825;14.22;0;0
3x6k8mg2fvh6;433;2;0;16;1016092;11492;2;1016;106;Powiat tomaszowski;1023.091277;198.4567764;19.39775862;7.99;616;60.20968156;975.8;95.3776092;6026.822418;0;0;OR_C2;5285;72.45;5427;17.68;6570;28.63;5427;10.9;0;0
3xbe9s3xy8o4;434;2;1;10;1061011;645693;1;1061;2182.1;Powiat m. £Ûdü;292.8501406;1049.525352;358.3830796;4.03;2296;784.0187459;763.4;260.6794036;8576.899613;3397.02132;16;OR_C2;3548;48.88;3790;14.77;4207;29.35;3607;13.02;;
3y2lsk8l49b4;435;2;0;7;1061011;645693;1;1061;2182.1;Powiat m. £Ûdü;292.8501406;1049.525352;358.3830796;4.03;2296;784.0187459;763.4;260.6794036;10223.57553;11311.05842;6;OR_C2;16165;222.1;17872;57.52;19812;79.17;17814;30.07;0;0
42tsi2klr8a9;436;2;0;12;1061011;645693;1;1061;2182.1;Powiat m. £Ûdü;292.8501406;1049.525352;358.3830796;4.03;2296;784.0187459;763.4;260.6794036;11739.31906;4261.189338;6;OR_C2;4632;64.05;4831;19.83;5374;29.45;4892;13.25;0;0
4af9frv8ctg9;437;2;1;18;1061011;645693;1;1061;2182.1;Powiat m. £Ûdü;292.8501406;1049.525352;358.3830796;4.03;2296;784.0187459;763.4;260.6794036;12495.11962;10407.26663;4;OR_C2;8729;123.75;9174;34.85;9946;40.55;10063;20.88;0;0
4jg2zp2rmh47;438;2;1;16;1061011;645693;1;1061;2182.1;Powiat m. £Ûdü;292.8501406;1049.525352;358.3830796;4.03;2296;784.0187459;763.4;260.6794036;7407.928761;9896.721601;9;OR_C2;12616;173.8;13954;47.23;15470;79.07;16546;28.25;0;0
4tc49psw89d4;440;2;1;17;1001072;8116;3;1001;110.8;Powiat be≥chatowski;966.2626658;198.2751399;20.51979724;14.05;961;99.45535868;943.4;97.63390778;3843.194407;0;2;OR_C2;13786;186.17;14504;44.37;15569;50.75;13846;13.35;;
4xx4s7jse6n4;441;2;1;16;1020085;9675;3;1020;193.4;Powiat zgierski;853.9990645;182.2143352;21.33659658;2.18;888;103.9813785;1106.6;129.5785963;3359.823334;0;0;OR_C2;16936;232.45;17513;58.83;22322;83.67;19515;29;1;0
6d36nm7pzj86;442;2;1;16;1016032;2069;3;1016;106;Powiat tomaszowski;1023.091277;198.4567764;19.39775862;7.99;616;60.20968156;975.8;95.3776092;4758.173036;0;1;OR_C2;21508;290.13;23485;71.07;;;21823;26.15;1;0
6gl2wtt6zef9;443;2;1;16;1016011;56681;2;1016;106;Powiat tomaszowski;1023.091277;198.4567764;19.39775862;7.99;616;60.20968156;975.8;95.3776092;11960.16849;11001.19645;8;OR_C2;769;9.85;774;1.87;769;9.85;774;1.85;1;1
6pz7mb6nrp99;444;2;1;18;1061011;645693;1;1061;2182.1;Powiat m. £Ûdü;292.8501406;1049.525352;358.3830796;4.03;2296;784.0187459;763.4;260.6794036;12272.17438;10852.56545;6;OR_C2;3454;47.92;3657;12.57;3858;25.78;5229;9.7;1;1
6to2po2ecb69;445;2;0;18;1061011;645693;1;1061;2182.1;Powiat m. £Ûdü;292.8501406;1049.525352;358.3830796;4.03;2296;784.0187459;763.4;260.6794036;8121.147336;10132.2345;9;OR_C2;5012;70.18;5478;19.92;5353;24.82;5141;10.93;0;0
6vd6nsa7bo43;446;2;0;11;1061011;645693;1;1061;2182.1;Powiat m. £Ûdü;292.8501406;1049.525352;358.3830796;4.03;2296;784.0187459;763.4;260.6794036;10334.07983;10701.68234;6;OR_C2;2373;31.42;2407;7.45;2790;26.2;3210;7.5;1;1
6vw884jia7vs;447;2;1;9;1061011;645693;1;1061;2182.1;Powiat m. £Ûdü;292.8501406;1049.525352;358.3830796;4.03;2296;784.0187459;763.4;260.6794036;12680.22482;3722.511044;11;OR_C2;652;8.9;2008;6.87;652;8.9;2551;6.47;0;1
722wv6i8eza8;448;2;1;12;1006082;5811;3;1006;151;Powiat ≥Ûdzki wschodni;499.1387193;129.2560513;25.89581739;10.7;448;89.75460783;667;133.6301862;5748.39385;264.4064392;4;OR_C2;14003;190.9;14768;47.67;18277;75.77;14709;27.07;0;0
72hi2n74vau7;449;2;0;13;1061011;645693;1;1061;2182.1;Powiat m. £Ûdü;292.8501406;1049.525352;358.3830796;4.03;2296;784.0187459;763.4;260.6794036;14949.96648;1511.054291;15;OR_C2;2527;33.93;2980;8.97;2544;16.45;2954;6.48;1;1
7c94t9elp9c3;450;2;1;12;1061011;645693;1;1061;2182.1;Powiat m. £Ûdü;292.8501406;1049.525352;358.3830796;4.03;2296;784.0187459;763.4;260.6794036;11060.95797;6826.706303;12;OR_C2;1345;19.07;1743;6.53;1345;19.07;1721;5.48;;
7de2vma2xvh3;451;2;1;17;1012142;4735;3;1012;72.5;Powiat radomszczaÒski;1441.229323;125.7545581;8.725506492;2.07;833;57.79788039;1190.9;82.63084725;5155.598929;351.9768498;1;OR_C2;15774;210.58;15774;46.45;;;15774;15.17;1;1
7dv6llr6zbx3;452;2;1;16;1061011;645693;1;1061;2182.1;Powiat m. £Ûdü;292.8501406;1049.525352;358.3830796;4.03;2296;784.0187459;763.4;260.6794036;6825.153418;2325.589667;2;OR_C2;9512;132.95;10436;34.77;15436;80.65;10628;23.7;0;0
7hu39ehn8dx8;453;2;0;14;1063011;45121;2;1063;1295.2;Powiat m. Skierniewice;34.55875472;71.15621041;205.8992316;6.85;187;541.1074604;143;413.788058;12663.86334;4668.23965;5;OR_C2;295;4.28;1042;3.52;295;4.28;1042;2.72;1;1
7kx8gnn6gku6;454;2;0;15;1020044;22023;2;1020;193.4;Powiat zgierski;853.9990645;182.2143352;21.33659658;2.18;888;103.9813785;1106.6;129.5785963;7723.5086;0;0;OR_C2;10658;145.57;13176;42.12;11856;60.12;12520;22.58;0;0
7lv8b2pgg6s6;455;2;0;13;1061011;645693;1;1061;2182.1;Powiat m. £Ûdü;292.8501406;1049.525352;358.3830796;4.03;2296;784.0187459;763.4;260.6794036;8931.032738;8699.408424;4;OR_C2;10976;153.65;12685;42.47;16842;89.67;12080;30.73;1;0
7o2dmi4lho6a;456;2;1;17;1016092;11492;2;1016;106;Powiat tomaszowski;1023.091277;198.4567764;19.39775862;7.99;616;60.20968156;975.8;95.3776092;4970.05896;144.8328213;3;OR_C2;6336;86.02;6336;19.87;10703;366.32;8030;8.13;;
7o9p4n8nzh93;457;2;1;10;1008052;7656;3;1008;240.6;Powiat pabianicki;491.5247438;135.3532664;27.53742677;4.91;456;92.77254212;567.3;115.4163665;5797.552486;752.7879757;4;OR_C2;3172;43.77;3335;11;3773;24.73;3318;5.55;0;1
7p27gdp9zj97;458;2;1;18;1061011;645693;1;1061;2182.1;Powiat m. £Ûdü;292.8501406;1049.525352;358.3830796;4.03;2296;784.0187459;763.4;260.6794036;11532.87888;3506.918817;7;OR_C2;7604;106.58;8172;28.18;10512;50.85;10298;25.18;0;0
7rm48jw6w766;459;2;1;18;1061011;645693;1;1061;2182.1;Powiat m. £Ûdü;292.8501406;1049.525352;358.3830796;4.03;2296;784.0187459;763.4;260.6794036;11604.71875;10827.98871;6;OR_C2;4025;56.5;4362;15.47;4718;25.38;4496;10.38;0;0
7wc7fma2ag77;460;2;1;17;1016062;7146;3;1016;106;Powiat tomaszowski;1023.091277;198.4567764;19.39775862;7.99;616;60.20968156;975.8;95.3776092;4068.116669;73.5026774;1;OR_C2;9093;122.45;9733;29.32;21202;67.42;9415;13.45;1;0
879oxx6war8a;461;2;0;18;1061011;645693;1;1061;2182.1;Powiat m. £Ûdü;292.8501406;1049.525352;358.3830796;4.03;2296;784.0187459;763.4;260.6794036;6844.032282;14190.66673;0;OR_C2;7602;104.2;8246;27.7;9391;47.58;8866;23.82;0;0
8eg9hd9mfm7r;462;2;1;15;1016072;5984;3;1016;106;Powiat tomaszowski;1023.091277;198.4567764;19.39775862;7.99;616;60.20968156;975.8;95.3776092;3425.027828;71.45405789;0;OR_C2;23469;317.67;23875;70.87;67050;124.87;24250;29.22;0;0
8he7ybk732j4;463;2;0;18;1013011;15783;2;1013;70;Powiat rawski;645.5332469;90.80383441;14.06648455;4.73;252;39.03749361;647.5;100.3046711;6341.743212;0;0;OR_C2;4176;57.43;4479;15.65;4176;57.43;7230;8.23;0;0
8j23srv6j7e6;464;2;0;18;1012011;42412;2;1012;72.5;Powiat radomszczaÒski;1441.229323;125.7545581;8.725506492;2.07;833;57.79788039;1190.9;82.63084725;11017.09857;2348.609729;7;OR_C2;1329;17.87;1445;4.65;1329;17.87;1946;4.23;1;1
8ru6zac4h6bz;465;2;1;14;1008011;19276;2;1008;240.6;Powiat pabianicki;491.5247438;135.3532664;27.53742677;4.91;456;92.77254212;567.3;115.4163665;5595.456756;0;0;OR_C2;3;0.03;3;0;3;0.03;3;0;0;0
94ggd4iiy8f7;466;2;0;15;1012011;42412;2;1012;72.5;Powiat radomszczaÒski;1441.229323;125.7545581;8.725506492;2.07;833;57.79788039;1190.9;82.63084725;6643.388115;0;4;OR_C2;1834;24.85;2704;8.8;1834;24.85;2379;4.82;1;1
96h7o9if2jh8;467;2;1;18;1061011;645693;1;1061;2182.1;Powiat m. £Ûdü;292.8501406;1049.525352;358.3830796;4.03;2296;784.0187459;763.4;260.6794036;13316.58839;9242.969011;13;OR_C2;4737;66.9;5368;21.85;8721;39.92;6513;12.38;;
98an97hyj4u3;468;2;1;18;1016104;1499;3;1016;106;Powiat tomaszowski;1023.091277;198.4567764;19.39775862;7.99;616;60.20968156;975.8;95.3776092;6204.480806;3363.612962;2;OR_C2;41222;560.85;42314;132.92;51499;139.82;45893;50.83;1;0
9mm26obd4ci7;469;2;1;18;1061011;645693;1;1061;2182.1;Powiat m. £Ûdü;292.8501406;1049.525352;358.3830796;4.03;2296;784.0187459;763.4;260.6794036;8123.983199;16783.94954;6;OR_C2;2749;36.62;3097;9.75;3077;15.45;3163;9.37;0;0
3839epo2inw7;470;2;1;16;1016011;56681;2;1016;106;Powiat tomaszowski;1023.091277;198.4567764;19.39775862;7.99;616;60.20968156;975.8;95.3776092;10761.08346;7275.610273;6;OR_C2;1963;26.47;2368;7.37;3181;17.27;2321;5.13;1;0
72gyl9oi8zxu;471;2;1;17;1010022;4026;3;1010;62.4;Powiat piotrkowski;1426.409646;162.5195004;11.39360638;2.45;896;62.81505476;1306.2;91.57257202;6265.331198;1317.35868;1;OR_C2;16413;222.88;17629;52.9;65468;152.78;17037;19.95;0;0
4r7j47izd969;472;2;1;17;1061011;645693;1;1061;2182.1;Powiat m. £Ûdü;292.8501406;1049.525352;358.3830796;4.03;2296;784.0187459;763.4;260.6794036;6807.680437;2762.822206;4;OR_C2;8643;118.18;9523;34.9;9792;40.75;9447;17.35;;
7j3hiw696yp3;473;2;1;16;1061011;645693;1;1061;2182.1;Powiat m. £Ûdü;292.8501406;1049.525352;358.3830796;4.03;2296;784.0187459;763.4;260.6794036;9947.246742;1459.989709;9;OR_C2;4392;60.98;4834;17.18;4590;26.98;4937;10.68;1;1
2xu3u9cmz6o6;474;2;0;16;1016011;56681;2;1016;106;Powiat tomaszowski;1023.091277;198.4567764;19.39775862;7.99;616;60.20968156;975.8;95.3776092;9259.709222;4805.456299;8;OR_C2;2264;30.6;2264;6.9;4991;25.75;2264;4.42;;
3h9whv6hwy29;475;2;1;16;1061011;645693;1;1061;2182.1;Powiat m. £Ûdü;292.8501406;1049.525352;358.3830796;4.03;2296;784.0187459;763.4;260.6794036;9182.411974;10922.56924;10;OR_C2;7530;103.58;8281;29.03;8227;41.87;8994;26.62;0;0
49os8xsx7oi4;476;2;0;16;1016011;56681;2;1016;106;Powiat tomaszowski;1023.091277;198.4567764;19.39775862;7.99;616;60.20968156;975.8;95.3776092;10570.65097;10739.6991;6;OR_C2;1237;16.23;1237;4.57;1593;12.27;1505;4.88;;
7atu6vk3oj64;477;2;0;16;1061011;645693;1;1061;2182.1;Powiat m. £Ûdü;292.8501406;1049.525352;358.3830796;4.03;2296;784.0187459;763.4;260.6794036;6433.246761;0;2;OR_C2;14720;202.37;17716;52.22;16949;58.65;16475;25.82;;
4s77njg9r64i;478;2;0;16;1061011;645693;1;1061;2182.1;Powiat m. £Ûdü;292.8501406;1049.525352;358.3830796;4.03;2296;784.0187459;763.4;260.6794036;15606.31315;10705.90057;11;OR_C2;7689;103.15;8522;27.8;10615;44.82;9234;22.47;0;0
8akx9i9grz64;479;2;1;16;1016104;1499;3;1016;106;Powiat tomaszowski;1023.091277;198.4567764;19.39775862;7.99;616;60.20968156;975.8;95.3776092;5176.529467;1169.548601;2;OR_C2;10521;142.92;10926;33.68;13774;31.1;12396;15.62;0;0
9uk9pp7smb64;480;2;0;11;1061011;645693;1;1061;2182.1;Powiat m. £Ûdü;292.8501406;1049.525352;358.3830796;4.03;2296;784.0187459;763.4;260.6794036;6376.283067;15756.69428;0;OR_N2;181;0.97;148;1.22;148;2.02;181;0.97;0;0
9uk9pp7smb64;481;2;0;11;1061011;645693;1;1061;2182.1;Powiat m. £Ûdü;292.8501406;1049.525352;358.3830796;4.03;2296;784.0187459;763.4;260.6794036;6376.283067;15756.69428;0;OR_N1;202;1.02;242;1.72;242;3.12;202;1.02;;
224ufg3bxo49;482;2;;;1061011;645693;1;1061;2182.1;Powiat m. £Ûdü;292.8501406;1049.525352;358.3830796;4.03;2296;784.0187459;763.4;260.6794036;;;;OR_C1;;;;;;;;;;
233k2pxo3ju3;1;3;1;9;1061011;645693;1;1061;2182.1;Powiat m. £Ûdü;292.8501406;1049.525352;358.3830796;4.03;2296;784.0187459;763.4;260.6794036;12439.86945;2324.039028;14;S;3014;42.3;3140;12;3849;20.47;3147;12.88;1;0
26xip874hvx8;2;3;1;18;1061011;645693;1;1061;2182.1;Powiat m. £Ûdü;292.8501406;1049.525352;358.3830796;4.03;2296;784.0187459;763.4;260.6794036;8906.049073;5924.610432;12;S;344;4.65;344;0.93;344;4.65;344;1.97;0;0
27zbi9vpg3z6;3;3;1;12;1008011;19276;2;1008;240.6;Powiat pabianicki;491.5247438;135.3532664;27.53742677;4.91;456;92.77254212;567.3;115.4163665;5134.879163;0;0;S;7986;109.62;8579;26.23;10004;56.43;9510;19.23;;0
2979hck27rkh;4;3;;7;1061011;645693;1;1061;2182.1;Powiat m. £Ûdü;292.8501406;1049.525352;358.3830796;4.03;2296;784.0187459;763.4;260.6794036;8234.449081;2452.280035;4;S;74;1.12;74;0.22;74;1.12;74;0.27;;0
9uk9pp7smb64;5;3;0;11;1061011;645693;1;1061;2182.1;Powiat m. £Ûdü;292.8501406;1049.525352;358.3830796;4.03;2296;784.0187459;763.4;260.6794036;6376.283067;15756.69428;0;S;1138;5.45;896;3.03;680;8.85;1138;5.45;0;0
2du2axj46el8;6;3;1;16;1016011;56681;2;1016;106;Powiat tomaszowski;1023.091277;198.4567764;19.39775862;7.99;616;60.20968156;975.8;95.3776092;9642.72979;2190.58007;7;S;1580;22.78;2003;8.45;2558;22.33;2028;4.18;1;0
2dx8ntr6u3p7;7;3;1;9;1061011;645693;1;1061;2182.1;Powiat m. £Ûdü;292.8501406;1049.525352;358.3830796;4.03;2296;784.0187459;763.4;260.6794036;8275.309989;2702.630823;16;S;1206;16.8;1206;4.48;1214;13.52;1206;5.12;0;0
2ej7uw8v6437;8;3;1;18;1061011;645693;1;1061;2182.1;Powiat m. £Ûdü;292.8501406;1049.525352;358.3830796;4.03;2296;784.0187459;763.4;260.6794036;8190.114064;1661.024169;23;S;3218;44.85;3225;12.35;4131;24.53;3453;11.52;0;0
2ko2rum9mxy8;9;3;1;18;1061011;645693;1;1061;2182.1;Powiat m. £Ûdü;292.8501406;1049.525352;358.3830796;4.03;2296;784.0187459;763.4;260.6794036;12417.70073;6971.853989;10;S;4355;59.32;4728;14;7061;28.43;4837;9.55;0;0
2n3k6ghy89c7;10;3;0;12;1061011;645693;1;1061;2182.1;Powiat m. £Ûdü;292.8501406;1049.525352;358.3830796;4.03;2296;784.0187459;763.4;260.6794036;9056.95102;2469.217016;16;S;1017;14.3;1017;3.43;1024;11;1017;4.12;0;0
2o8xhr7k6nrv;11;3;1;14;1061011;645693;1;1061;2182.1;Powiat m. £Ûdü;292.8501406;1049.525352;358.3830796;4.03;2296;784.0187459;763.4;260.6794036;11773.74209;3707.15273;20;S;3538;48.72;3505;12.52;3904;22.6;3505;13.83;1;0
2rc8zdf4gle9;12;3;0;16;1016112;3065;3;1016;106;Powiat tomaszowski;1023.091277;198.4567764;19.39775862;7.99;616;60.20968156;975.8;95.3776092;5412.936538;0;1;S;24571;331.57;26814;82.8;;;26652;27.62;0;0
2x3fcu99cxl9;13;3;1;16;1020031;52938;2;1020;193.4;Powiat zgierski;853.9990645;182.2143352;21.33659658;2.18;888;103.9813785;1106.6;129.5785963;8461.368515;0;2;S;1532;21.7;1532;5.3;1532;21.7;1532;3.13;0;0
2xe7r3dr364v;14;3;0;11;1010022;4026;3;1010;62.4;Powiat piotrkowski;1426.409646;162.5195004;11.39360638;2.45;896;62.81505476;1306.2;91.57257202;5822.150752;0;1;S;3245;44.65;3245;10.53;3245;44.65;3245;3.75;1;0
2xk4nas4k249;15;3;1;17;1061011;645693;1;1061;2182.1;Powiat m. £Ûdü;292.8501406;1049.525352;358.3830796;4.03;2296;784.0187459;763.4;260.6794036;10934.81723;5786.509206;12;S;94;1.38;150;0.53;94;1.38;94;0.5;0;0
2y84pei3u444;16;3;1;18;1061011;645693;1;1061;2182.1;Powiat m. £Ûdü;292.8501406;1049.525352;358.3830796;4.03;2296;784.0187459;763.4;260.6794036;11872.19813;8321.121911;14;S;6236;84.97;6619;21.28;6338;40.05;6741;14.9;;0
2zir9dn2hgr4;17;3;1;16;1016092;11492;2;1016;106;Powiat tomaszowski;1023.091277;198.4567764;19.39775862;7.99;616;60.20968156;975.8;95.3776092;5066.386004;144.8328213;2;S;6518;89.2;6326;20.57;11471;365.97;6326;8.87;0;0
36f82lsz2mr6;18;3;1;17;1061011;645693;1;1061;2182.1;Powiat m. £Ûdü;292.8501406;1049.525352;358.3830796;4.03;2296;784.0187459;763.4;260.6794036;10364.50176;2286.406817;6;S;6149;83.87;6365;19.88;6701;34.65;7614;15.52;0;0
39lbr4j87h93;19;3;1;18;1063011;45121;2;1063;1295.2;Powiat m. Skierniewice;34.55875472;71.15621041;205.8992316;6.85;187;541.1074604;143;413.788058;6342.540928;8301.592858;4;S;56468;767.63;62312;194.92;71661;70.65;74223;60.8;;0
3au8rjg8kra3;20;3;0;16;1020045;13380;2;1020;193.4;Powiat zgierski;853.9990645;182.2143352;21.33659658;2.18;888;103.9813785;1106.6;129.5785963;11606.15205;0;1;S;12928;183;14896;51.13;17839;68.83;16450;30.38;1;0
3cp9rp47jfb6;21;3;0;13;1061011;645693;1;1061;2182.1;Powiat m. £Ûdü;292.8501406;1049.525352;358.3830796;4.03;2296;784.0187459;763.4;260.6794036;10185.85035;3326.207838;14;S;4968;68.13;5524;22.95;6088;34.2;5958;13.77;0;0
3gb3vwm8hlb3;22;3;1;16;1061011;645693;1;1061;2182.1;Powiat m. £Ûdü;292.8501406;1049.525352;358.3830796;4.03;2296;784.0187459;763.4;260.6794036;9834.35267;8148.652897;6;S;6269;86.42;6645;22.72;7854;45.25;6570;17.67;0;0
3go4fki2ue29;23;3;1;16;1061011;645693;1;1061;2182.1;Powiat m. £Ûdü;292.8501406;1049.525352;358.3830796;4.03;2296;784.0187459;763.4;260.6794036;11344.58041;3413.189673;14;S;1391;19.77;1602;6.62;1660;11.83;1849;6.43;0;0
3ht6stl64x34;24;3;1;17;1016011;56681;2;1016;106;Powiat tomaszowski;1023.091277;198.4567764;19.39775862;7.99;616;60.20968156;975.8;95.3776092;9051.691328;5190.352661;9;S;1549;21.87;1749;7.48;1549;21.87;1807;3.78;1;0
3im9px4hj33i;25;3;1;18;1008011;19276;2;1008;240.6;Powiat pabianicki;491.5247438;135.3532664;27.53742677;4.91;456;92.77254212;567.3;115.4163665;7264.93626;2105.578367;5;S;13633;191;14050;48.67;18808;68.13;15170;26.65;0;0
3j9irh9sxs33;26;3;1;17;1061011;645693;1;1061;2182.1;Powiat m. £Ûdü;292.8501406;1049.525352;358.3830796;4.03;2296;784.0187459;763.4;260.6794036;11022.37966;134.7830001;7;S;7244;103.08;7524;26.7;9535;52.75;7684;19.67;0;0
3on3hvn42jv3;27;3;0;18;1013011;15783;2;1013;70;Powiat rawski;645.5332469;90.80383441;14.06648455;4.73;252;39.03749361;647.5;100.3046711;9356.730973;0;0;S;2233;30.72;2181;7.48;2233;30.72;2181;4.48;1;0
3szp6akh7ww3;28;3;1;17;1008021;59910;2;1008;240.6;Powiat pabianicki;491.5247438;135.3532664;27.53742677;4.91;456;92.77254212;567.3;115.4163665;10575.06863;2623.485497;11;S;750;10.18;750;2.13;750;10.18;750;1.8;0;0
3tg3ibp6zxf3;29;3;1;18;1061011;645693;1;1061;2182.1;Powiat m. £Ûdü;292.8501406;1049.525352;358.3830796;4.03;2296;784.0187459;763.4;260.6794036;8644.531516;9096.997373;2;S;3516;49.23;4277;14.05;4573;30.15;4871;12;0;0
3x6k8mg2fvh6;31;3;0;16;1016092;11492;2;1016;106;Powiat tomaszowski;1023.091277;198.4567764;19.39775862;7.99;616;60.20968156;975.8;95.3776092;6026.822418;0;0;S;4510;61.35;4842;14.63;5409;27.08;4978;8.8;0;0
3xbe9s3xy8o4;32;3;1;10;1061011;645693;1;1061;2182.1;Powiat m. £Ûdü;292.8501406;1049.525352;358.3830796;4.03;2296;784.0187459;763.4;260.6794036;8576.899613;3397.02132;16;S;5385;76.23;6276;21.92;6631;42.88;6214;16.05;0;0
3y2lsk8l49b4;33;3;0;7;1061011;645693;1;1061;2182.1;Powiat m. £Ûdü;292.8501406;1049.525352;358.3830796;4.03;2296;784.0187459;763.4;260.6794036;10223.57553;11311.05842;6;S;1268;17.43;1268;4.43;1290;13.07;2018;4.53;0;0
3z4f7gi3w7xe;34;3;0;15;1061011;645693;1;1061;2182.1;Powiat m. £Ûdü;292.8501406;1049.525352;358.3830796;4.03;2296;784.0187459;763.4;260.6794036;7027.07254;7622.31247;9;S;2933;41.17;3200;11.3;2927;15.38;3435;7;0;0
42srw7uo87m7;35;3;1;17;1009052;4876;3;1009;59.1;Powiat pajÍczaÒski;803.0385073;66.0912157;8.230142776;16.28;280;34.8675683;627.1;78.09090029;3590.790245;0;3;S;13521;180.97;13521;40.6;23871;40.47;13521;11.93;0;0
42tsi2klr8a9;36;3;0;12;1061011;645693;1;1061;2182.1;Powiat m. £Ûdü;292.8501406;1049.525352;358.3830796;4.03;2296;784.0187459;763.4;260.6794036;11739.31906;4261.189338;6;S;2694;36.68;2732;8.97;3328;18.67;3085;7.4;0;0
476pyf7mzi93;37;3;1;16;1020011;12956;2;1020;193.4;Powiat zgierski;853.9990645;182.2143352;21.33659658;2.18;888;103.9813785;1106.6;129.5785963;3277.529619;378.8529425;0;S;34851;480.68;42486;138.1;42534;97.5;36393;47.47;1;0
47gw3dym2wp3;38;3;0;11;1061011;645693;1;1061;2182.1;Powiat m. £Ûdü;292.8501406;1049.525352;358.3830796;4.03;2296;784.0187459;763.4;260.6794036;13279.58359;4874.043571;10;S;136;1.82;136;0.35;136;1.82;136;0.52;0;0
48rka8fno834;39;3;1;17;1001072;8116;3;1001;110.8;Powiat be≥chatowski;966.2626658;198.2751399;20.51979724;14.05;961;99.45535868;943.4;97.63390778;6150.382231;0;2;S;306;4.18;306;2.8;306;4.18;306;1.38;0;0
4a9gl6njo9uk;40;3;0;18;1020011;12956;2;1020;193.4;Powiat zgierski;853.9990645;182.2143352;21.33659658;2.18;888;103.9813785;1106.6;129.5785963;4850.81326;62.99420572;0;S;29518;407.67;37786;120.3;46765;99.62;30014;37.33;0;0
4af9frv8ctg9;41;3;1;18;1061011;645693;1;1061;2182.1;Powiat m. £Ûdü;292.8501406;1049.525352;358.3830796;4.03;2296;784.0187459;763.4;260.6794036;12495.11962;10407.26663;4;S;6255;87.93;6528;24.88;7573;35.53;7345;18.65;0;0
4an62jin83w9;42;3;1;16;1061011;645693;1;1061;2182.1;Powiat m. £Ûdü;292.8501406;1049.525352;358.3830796;4.03;2296;784.0187459;763.4;260.6794036;11319.27252;11284.2932;6;S;1552;21.43;1983;7.27;1806;8.03;3441;7.43;1;0
4bu4ne3uhm37;43;3;1;17;1001072;8116;3;1001;110.8;Powiat be≥chatowski;966.2626658;198.2751399;20.51979724;14.05;961;99.45535868;943.4;97.63390778;5919.398048;1192.876914;0;S;1560;21.47;1560;5.92;1560;21.47;1571;3.12;0;0
4gl76grn83n8;44;3;0;16;1061011;645693;1;1061;2182.1;Powiat m. £Ûdü;292.8501406;1049.525352;358.3830796;4.03;2296;784.0187459;763.4;260.6794036;6808.29605;12735.12437;9;S;89196;1209.53;95692;293.37;113682;138.57;98746;75.12;0;0
4hl4hw7kfg49;45;3;1;10;1061011;645693;1;1061;2182.1;Powiat m. £Ûdü;292.8501406;1049.525352;358.3830796;4.03;2296;784.0187459;763.4;260.6794036;11372.90748;6329.051118;2;S;499;6.93;499;1.48;499;6.93;620;3.03;0;0
4j7xjz2w3fr4;46;3;1;13;1061011;645693;1;1061;2182.1;Powiat m. £Ûdü;292.8501406;1049.525352;358.3830796;4.03;2296;784.0187459;763.4;260.6794036;9675.510758;1637.468546;2;S;4145;57.42;4881;16.58;5102;24;4777;10.92;0;0
4jg2zp2rmh47;47;3;1;16;1061011;645693;1;1061;2182.1;Powiat m. £Ûdü;292.8501406;1049.525352;358.3830796;4.03;2296;784.0187459;763.4;260.6794036;7407.928761;9896.721601;9;S;6464;90.97;7396;27.05;7310;42.22;8105;17.97;0;0
4k4ybe27u723;49;3;1;16;1012022;4621;3;1012;72.5;Powiat radomszczaÒski;1441.229323;125.7545581;8.725506492;2.07;833;57.79788039;1190.9;82.63084725;7717.209254;84.46199513;1;S;5623;75;5623;16.68;21772;140.78;5636;7.2;0;0
4tc49psw89d4;50;3;1;17;1001072;8116;3;1001;110.8;Powiat be≥chatowski;966.2626658;198.2751399;20.51979724;14.05;961;99.45535868;943.4;97.63390778;3843.194407;0;2;S;4482;60.38;4563;14.6;5494;16.57;4563;5.37;0;0
4xx4s7jse6n4;51;3;1;16;1020085;9675;3;1020;193.4;Powiat zgierski;853.9990645;182.2143352;21.33659658;2.18;888;103.9813785;1106.6;129.5785963;3359.823334;0;0;S;11455;157.85;12651;43.72;12124;38.68;11897;16.48;1;0
4zh87sa8kbc6;52;3;1;18;1061011;645693;1;1061;2182.1;Powiat m. £Ûdü;292.8501406;1049.525352;358.3830796;4.03;2296;784.0187459;763.4;260.6794036;5802.245796;655.8743772;2;S;7390;101.82;7918;26.33;10041;45.38;7814;14.45;0;0
4zm8obt2xcd4;53;3;1;17;1016011;56681;2;1016;106;Powiat tomaszowski;1023.091277;198.4567764;19.39775862;7.99;616;60.20968156;975.8;95.3776092;6864.022174;46.23310951;4;S;4095;56.3;4306;14.52;7620;25.13;4424;7.9;0;0
622nvb4dbl76;54;3;1;18;1061011;645693;1;1061;2182.1;Powiat m. £Ûdü;292.8501406;1049.525352;358.3830796;4.03;2296;784.0187459;763.4;260.6794036;12042.24721;11524.08415;7;S;2190;30.3;2534;9.23;2491;13.08;2319;7.57;0;0
62pbm94hiy37;55;3;1;16;1016062;7146;3;1016;106;Powiat tomaszowski;1023.091277;198.4567764;19.39775862;7.99;616;60.20968156;975.8;95.3776092;6859.291174;0;4;S;4149;57.23;4266;16.12;7929;20.58;4276;7.15;0;0
63fi6clb6326;56;3;1;17;1012011;42412;2;1012;72.5;Powiat radomszczaÒski;1441.229323;125.7545581;8.725506492;2.07;833;57.79788039;1190.9;82.63084725;9459.872748;115.0943562;3;S;2494;35.37;2994;11.47;2494;35.37;2603;5.82;0;0
67jso9gjh6jf;57;3;0;15;1016072;5984;3;1016;106;Powiat tomaszowski;1023.091277;198.4567764;19.39775862;7.99;616;60.20968156;975.8;95.3776092;7422.970363;1227.860659;4;S;27247;370.72;28102;85.32;37463;78.75;28029;39.82;1;0
68uzd7gvw2o4;58;3;1;14;1061011;645693;1;1061;2182.1;Powiat m. £Ûdü;292.8501406;1049.525352;358.3830796;4.03;2296;784.0187459;763.4;260.6794036;11849.6004;3619.541545;19;S;3591;49.43;3558;12.67;3957;23.32;3558;14.17;1;0
6d36nm7pzj86;59;3;1;16;1016032;2069;3;1016;106;Powiat tomaszowski;1023.091277;198.4567764;19.39775862;7.99;616;60.20968156;975.8;95.3776092;4758.173036;0;1;S;18905;254.62;20988;64.02;;;20875;22.12;;0
6gl2wtt6zef9;60;3;1;16;1016011;56681;2;1016;106;Powiat tomaszowski;1023.091277;198.4567764;19.39775862;7.99;616;60.20968156;975.8;95.3776092;11960.16849;11001.19645;8;S;1022;13.88;1204;3.53;1022;13.88;1388;3.22;0;0
6hx2yg9sv774;61;3;1;13;1061011;645693;1;1061;2182.1;Powiat m. £Ûdü;292.8501406;1049.525352;358.3830796;4.03;2296;784.0187459;763.4;260.6794036;12274.89621;7306.47684;8;S;353;4.78;353;0.97;353;4.78;325;1.92;1;0
6k499kz2gx99;62;3;1;18;1016072;5984;3;1016;106;Powiat tomaszowski;1023.091277;198.4567764;19.39775862;7.99;616;60.20968156;975.8;95.3776092;4807.81025;1101.43564;4;S;27668;377.27;28971;87.4;39092;95.92;28406;37.35;0;0
6ki3s8kdc7f8;63;3;1;18;1020044;22023;2;1020;193.4;Powiat zgierski;853.9990645;182.2143352;21.33659658;2.18;888;103.9813785;1106.6;129.5785963;8016.165447;0;0;S;5358;73.4;5820;18.3;9253;38.85;5478;8.62;1;0
6pz7mb6nrp99;64;3;1;18;1061011;645693;1;1061;2182.1;Powiat m. £Ûdü;292.8501406;1049.525352;358.3830796;4.03;2296;784.0187459;763.4;260.6794036;12272.17438;10852.56545;6;S;2128;29.52;2604;9.58;2407;11.95;2365;7.45;1;0
6rzb33d28el6;65;3;0;18;1013011;15783;2;1013;70;Powiat rawski;645.5332469;90.80383441;14.06648455;4.73;252;39.03749361;647.5;100.3046711;6405.453483;0;0;S;2356;31.87;2356;7.57;2356;31.87;2651;4.4;1;0
6s9dlj6zni43;66;3;1;14;1061011;645693;1;1061;2182.1;Powiat m. £Ûdü;292.8501406;1049.525352;358.3830796;4.03;2296;784.0187459;763.4;260.6794036;9606.731195;2915.68441;15;S;1714;23.33;1714;6.62;1726;17.07;1714;6.35;1;0
6t2ngt39uuw9;67;3;1;17;1001062;4749;3;1001;110.8;Powiat be≥chatowski;966.2626658;198.2751399;20.51979724;14.05;961;99.45535868;943.4;97.63390778;6347.723363;347.6512596;2;S;7806;104.93;10798;31.67;;;7806;6.53;0;0
6to2po2ecb69;68;3;0;18;1061011;645693;1;1061;2182.1;Powiat m. £Ûdü;292.8501406;1049.525352;358.3830796;4.03;2296;784.0187459;763.4;260.6794036;8121.147336;10132.2345;9;S;8905;125.4;9976;35.13;10719;43.95;10423;21.57;0;0
6vd6nsa7bo43;69;3;0;11;1061011;645693;1;1061;2182.1;Powiat m. £Ûdü;292.8501406;1049.525352;358.3830796;4.03;2296;784.0187459;763.4;260.6794036;10334.07983;10701.68234;6;S;1274;17.05;1387;4.55;1918;14.17;4009;9.38;0;1
6vw884jia7vs;70;3;1;9;1061011;645693;1;1061;2182.1;Powiat m. £Ûdü;292.8501406;1049.525352;358.3830796;4.03;2296;784.0187459;763.4;260.6794036;12680.22482;3722.511044;11;S;6;0.08;6;0.02;6;0.08;6;0.02;0;0
6wp6de7cbt83;71;3;1;17;1001072;8116;3;1001;110.8;Powiat be≥chatowski;966.2626658;198.2751399;20.51979724;14.05;961;99.45535868;943.4;97.63390778;7634.098779;0;2;S;9;0.12;9;0.03;9;0.12;9;0.02;0;0
722wv6i8eza8;72;3;1;12;1006082;5811;3;1006;151;Powiat ≥Ûdzki wschodni;499.1387193;129.2560513;25.89581739;10.7;448;89.75460783;667;133.6301862;5748.39385;264.4064392;4;S;5494;75.48;5521;18.33;6007;21.9;5501;8.47;0;0
72hi2n74vau7;73;3;0;13;1061011;645693;1;1061;2182.1;Powiat m. £Ûdü;292.8501406;1049.525352;358.3830796;4.03;2296;784.0187459;763.4;260.6794036;14949.96648;1511.054291;15;S;1505;20.7;1639;6;2143;13.6;1577;3.78;0;0
73ayd2h7seb3;74;3;1;16;1012042;5606;3;1012;72.5;Powiat radomszczaÒski;1441.229323;125.7545581;8.725506492;2.07;833;57.79788039;1190.9;82.63084725;5958.68693;2184.950857;1;S;14298;195.73;16635;55.12;14889;67.5;14311;19.63;0;0
74wis3tyl8y6;75;3;1;15;1061011;645693;1;1061;2182.1;Powiat m. £Ûdü;292.8501406;1049.525352;358.3830796;4.03;2296;784.0187459;763.4;260.6794036;8339.263574;5184.172472;9;S;8624;120.52;9363;33.02;10033;42.93;13036;23.12;1;0
76gwi6kye8n9;76;3;0;16;1017054;1332;3;1017;77.1;Powiat wieluÒski;924.9576466;121.9433161;13.18366485;5.58;548;59.24595597;873.6;94.44756776;8685.075103;572.5291402;2;S;22055;299.08;27348;82.85;;;24994;20.78;0;0
7c94t9elp9c3;77;3;1;12;1061011;645693;1;1061;2182.1;Powiat m. £Ûdü;292.8501406;1049.525352;358.3830796;4.03;2296;784.0187459;763.4;260.6794036;11060.95797;6826.706303;12;S;898;12.1;1088;3.13;898;12.1;1060;4;0;0
7de2vma2xvh3;78;3;1;17;1012142;4735;3;1012;72.5;Powiat radomszczaÒski;1441.229323;125.7545581;8.725506492;2.07;833;57.79788039;1190.9;82.63084725;5155.598929;351.9768498;1;S;22509;304.93;24961;74.9;;;25887;25.7;1;0
7dv6llr6zbx3;79;3;1;16;1061011;645693;1;1061;2182.1;Powiat m. £Ûdü;292.8501406;1049.525352;358.3830796;4.03;2296;784.0187459;763.4;260.6794036;6825.153418;2325.589667;2;S;2024;27.68;2064;7.2;2969;22.78;2793;5.58;0;0
7gb6uu4lhx49;80;3;0;17;1061011;645693;1;1061;2182.1;Powiat m. £Ûdü;292.8501406;1049.525352;358.3830796;4.03;2296;784.0187459;763.4;260.6794036;8284.124894;3697.729475;15;S;2259;31.98;2422;9.02;2813;16.13;2982;6.97;1;0
7hr22ben944c;81;3;0;16;1006082;5811;3;1006;151;Powiat ≥Ûdzki wschodni;499.1387193;129.2560513;25.89581739;10.7;448;89.75460783;667;133.6301862;5748.39385;264.4064392;4;S;7754;105.53;8204;25.08;8697;28.92;7748;11.78;0;0
7hu39ehn8dx8;82;3;0;14;1063011;45121;2;1063;1295.2;Powiat m. Skierniewice;34.55875472;71.15621041;205.8992316;6.85;187;541.1074604;143;413.788058;12663.86334;4668.23965;5;S;547;7.53;647;1.95;547;7.53;647;1.98;1;0
7j4npc2k2gf4;83;3;0;13;1061011;645693;1;1061;2182.1;Powiat m. £Ûdü;292.8501406;1049.525352;358.3830796;4.03;2296;784.0187459;763.4;260.6794036;7282.577684;5964.173791;7;S;2765;39.47;3170;12.38;3385;16.7;3804;10.65;0;0
7kx8gnn6gku6;84;3;0;15;1020044;22023;2;1020;193.4;Powiat zgierski;853.9990645;182.2143352;21.33659658;2.18;888;103.9813785;1106.6;129.5785963;7723.5086;0;0;S;12297;171.15;12872;42.63;13389;68.77;13233;26.02;1;0
7lv8b2pgg6s6;85;3;0;13;1061011;645693;1;1061;2182.1;Powiat m. £Ûdü;292.8501406;1049.525352;358.3830796;4.03;2296;784.0187459;763.4;260.6794036;8931.032738;8699.408424;4;S;812;10.57;896;2.27;812;10.57;1860;7.33;0;0
7o2dmi4lho6a;86;3;1;17;1016092;11492;2;1016;106;Powiat tomaszowski;1023.091277;198.4567764;19.39775862;7.99;616;60.20968156;975.8;95.3776092;4970.05896;144.8328213;3;S;6631;90.75;6439;20.88;11585;367.52;6439;9;0;0
7o9p4n8nzh93;87;3;1;10;1008052;7656;3;1008;240.6;Powiat pabianicki;491.5247438;135.3532664;27.53742677;4.91;456;92.77254212;567.3;115.4163665;5797.552486;752.7879757;4;S;2179;30.02;2180;7.63;2179;30.02;2454;4.07;0;0
7p27gdp9zj97;88;3;1;18;1061011;645693;1;1061;2182.1;Powiat m. £Ûdü;292.8501406;1049.525352;358.3830796;4.03;2296;784.0187459;763.4;260.6794036;11532.87888;3506.918817;7;S;4272;59.67;4506;16.45;5311;25.82;4979;11.3;1;0
7pr6zb9uw8k7;89;3;0;18;1012011;42412;2;1012;72.5;Powiat radomszczaÒski;1441.229323;125.7545581;8.725506492;2.07;833;57.79788039;1190.9;82.63084725;10967.05271;2348.609729;7;S;59820;804.9;63477;194.97;;;66300;47.72;1;0
7rm48jw6w766;90;3;1;18;1061011;645693;1;1061;2182.1;Powiat m. £Ûdü;292.8501406;1049.525352;358.3830796;4.03;2296;784.0187459;763.4;260.6794036;11604.71875;10827.98871;6;S;4025;56.75;4308;14.47;8740;37.02;4768;12.43;0;0
7wc7fma2ag77;91;3;1;17;1016062;7146;3;1016;106;Powiat tomaszowski;1023.091277;198.4567764;19.39775862;7.99;616;60.20968156;975.8;95.3776092;4068.116669;73.5026774;1;S;9223;124.47;9898;31.2;21140;66.72;9351;12.82;0;0
83bi7nhl3wm6;92;3;1;17;1061011;645693;1;1061;2182.1;Powiat m. £Ûdü;292.8501406;1049.525352;358.3830796;4.03;2296;784.0187459;763.4;260.6794036;10092.50843;2951.650447;2;S;8186;112.83;8573;29.53;9250;55.93;13069;24.45;0;0
879oxx6war8a;93;3;0;18;1061011;645693;1;1061;2182.1;Powiat m. £Ûdü;292.8501406;1049.525352;358.3830796;4.03;2296;784.0187459;763.4;260.6794036;6844.032282;14190.66673;0;S;48;0.65;48;0.13;48;0.65;28;0.12;0;0
8eg9hd9mfm7r;94;3;1;15;1016072;5984;3;1016;106;Powiat tomaszowski;1023.091277;198.4567764;19.39775862;7.99;616;60.20968156;975.8;95.3776092;3425.027828;71.45405789;0;S;21440;289.95;21899;66.67;61376;117.62;22422;27.37;0;0
8fj2yja69ug7;95;3;1;18;1061011;645693;1;1061;2182.1;Powiat m. £Ûdü;292.8501406;1049.525352;358.3830796;4.03;2296;784.0187459;763.4;260.6794036;9670.024441;6119.346317;19;S;505;7.23;534;1.62;505;7.23;505;2.27;0;0
8he7ybk732j4;96;3;0;18;1013011;15783;2;1013;70;Powiat rawski;645.5332469;90.80383441;14.06648455;4.73;252;39.03749361;647.5;100.3046711;6341.743212;0;0;S;2335;31.57;2335;7.48;2335;31.57;2691;4.48;1;0
8j23srv6j7e6;97;3;0;18;1012011;42412;2;1012;72.5;Powiat radomszczaÒski;1441.229323;125.7545581;8.725506492;2.07;833;57.79788039;1190.9;82.63084725;11017.09857;2348.609729;7;S;2059;29.28;2099;8.23;2059;29.28;2832;6.28;1;0
8re94yui6po6;98;3;1;16;1061011;645693;1;1061;2182.1;Powiat m. £Ûdü;292.8501406;1049.525352;358.3830796;4.03;2296;784.0187459;763.4;260.6794036;10742.11502;5107.763374;8;S;6351;87.93;6549;22.72;6645;38.95;8476;20.72;;0
8ru6zac4h6bz;99;3;1;14;1008011;19276;2;1008;240.6;Powiat pabianicki;491.5247438;135.3532664;27.53742677;4.91;456;92.77254212;567.3;115.4163665;5595.456756;0;0;S;8010;109.95;8603;26.3;10028;56.77;9501;19.18;0;0
8rx4hrv2hl66;100;3;0;15;1063011;45121;2;1063;1295.2;Powiat m. Skierniewice;34.55875472;71.15621041;205.8992316;6.85;187;541.1074604;143;413.788058;10406.2918;3718.434591;7;S;951;13;1029;4.02;951;13;989;2.7;1;0
8ut24lsg7sat;101;3;0;7;1061011;645693;1;1061;2182.1;Powiat m. £Ûdü;292.8501406;1049.525352;358.3830796;4.03;2296;784.0187459;763.4;260.6794036;8163.53138;9021.815222;2;S;328;4.4;349;0.97;328;4.4;328;1.48;1;1
937zf8uay9u4;102;3;0;16;1061011;645693;1;1061;2182.1;Powiat m. £Ûdü;292.8501406;1049.525352;358.3830796;4.03;2296;784.0187459;763.4;260.6794036;6811.304466;4542.587275;5;S;303;4.15;303;0.85;303;4.15;303;0.88;0;0
93buz4udu9m7;103;3;1;16;1020031;52938;2;1020;193.4;Powiat zgierski;853.9990645;182.2143352;21.33659658;2.18;888;103.9813785;1106.6;129.5785963;9119.727001;1304.081742;6;S;11680;160.75;12041;41.08;14409;46.85;14786;26.47;0;0
94ggd4iiy8f7;104;3;0;15;1012011;42412;2;1012;72.5;Powiat radomszczaÒski;1441.229323;125.7545581;8.725506492;2.07;833;57.79788039;1190.9;82.63084725;6643.388115;0;4;S;3186;44.68;3647;13.22;3186;44.68;3295;6.65;1;0
94jeu24oxi69;105;3;1;17;1012132;4243;3;1012;72.5;Powiat radomszczaÒski;1441.229323;125.7545581;8.725506492;2.07;833;57.79788039;1190.9;82.63084725;5352.295104;0;0;S;26422;356.12;29187;85.92;;;26635;27.3;0;0
94sb6wsl6sm8;106;3;1;18;1008072;9128;3;1008;240.6;Powiat pabianicki;491.5247438;135.3532664;27.53742677;4.91;456;92.77254212;567.3;115.4163665;4563.783304;0;2;S;5061;69.67;5669;17.25;6901;28.5;5111;8.52;0;0
96h7o9if2jh8;107;3;1;18;1061011;645693;1;1061;2182.1;Powiat m. £Ûdü;292.8501406;1049.525352;358.3830796;4.03;2296;784.0187459;763.4;260.6794036;13316.58839;9242.969011;13;S;2047;28.93;2174;8.37;2055;13.42;2070;6.6;1;0
98an97hyj4u3;108;3;1;18;1016104;1499;3;1016;106;Powiat tomaszowski;1023.091277;198.4567764;19.39775862;7.99;616;60.20968156;975.8;95.3776092;6204.480806;3363.612962;2;S;11315;154.43;11721;37.37;26356;140.13;12552;16.72;0;0
9as67mid33v9;109;3;0;12;1061011;645693;1;1061;2182.1;Powiat m. £Ûdü;292.8501406;1049.525352;358.3830796;4.03;2296;784.0187459;763.4;260.6794036;9968.674416;2576.345711;12;S;325;4.38;359;1.02;325;4.38;330;1.42;0;0
9i7uig8jkh73;110;3;1;16;1061011;645693;1;1061;2182.1;Powiat m. £Ûdü;292.8501406;1049.525352;358.3830796;4.03;2296;784.0187459;763.4;260.6794036;8115.117899;8813.702188;3;S;4394;61.75;4445;16.05;5569;30.55;4963;14.55;1;0
9iy6wx4fuw7t;111;3;1;13;1061011;645693;1;1061;2182.1;Powiat m. £Ûdü;292.8501406;1049.525352;358.3830796;4.03;2296;784.0187459;763.4;260.6794036;11802.14902;3565.206216;20;S;3549;48.83;3516;12.1;3914;22.72;3516;13.65;0;0
9mm26obd4ci7;112;3;1;18;1061011;645693;1;1061;2182.1;Powiat m. £Ûdü;292.8501406;1049.525352;358.3830796;4.03;2296;784.0187459;763.4;260.6794036;8123.983199;16783.94954;6;S;3926;52.85;4104;13.65;4234;19.95;4594;16.03;0;0
9ts43ypx4kp9;113;3;1;17;1016011;56681;2;1016;106;Powiat tomaszowski;1023.091277;198.4567764;19.39775862;7.99;616;60.20968156;975.8;95.3776092;10311.77405;10726.73201;3;S;1504;20.37;1723;5.35;1944;16.95;2017;4.4;0;0
9vw8yca72io7;114;3;1;14;1061011;645693;1;1061;2182.1;Powiat m. £Ûdü;292.8501406;1049.525352;358.3830796;4.03;2296;784.0187459;763.4;260.6794036;9693.362647;2696.295607;13;S;598;8.37;598;2.13;598;8.37;598;3.05;0;0
9yl3yai8bbi4;115;3;0;16;1012011;42412;2;1012;72.5;Powiat radomszczaÒski;1441.229323;125.7545581;8.725506492;2.07;833;57.79788039;1190.9;82.63084725;3942.602815;0;3;S;3748;52.77;4779;16.52;3748;52.77;3744;7.22;1;0
9zf39gaa3ay3;116;3;1;18;1017094;20141;2;1017;77.1;Powiat wieluÒski;924.9576466;121.9433161;13.18366485;5.58;548;59.24595597;873.6;94.44756776;9806.575436;6036.921912;5;S;2476;33.97;2545;8.63;2476;33.97;3075;7.38;0;0
4g4fog98arl8;117;3;1;16;1061011;645693;1;1061;2182.1;Powiat m. £Ûdü;292.8501406;1049.525352;358.3830796;4.03;2296;784.0187459;763.4;260.6794036;11257.85856;5458.632367;10;S;1062;14.88;1490;5.35;1062;14.88;1941;6.43;0;0
6v4ru436byk2;118;3;0;17;1061011;645693;1;1061;2182.1;Powiat m. £Ûdü;292.8501406;1049.525352;358.3830796;4.03;2296;784.0187459;763.4;260.6794036;12475.11073;6376.522371;10;S;3941;55.4;4200;13.62;12928;42.27;5433;12.58;1;0
4myc3jiy9zca;119;3;0;11;1061011;645693;1;1061;2182.1;Powiat m. £Ûdü;292.8501406;1049.525352;358.3830796;4.03;2296;784.0187459;763.4;260.6794036;12229.60146;10164.31605;10;S;301;3.98;301;0.8;301;3.98;445;2.35;1;1
8ve3dyb7uc23;120;3;0;16;1061011;645693;1;1061;2182.1;Powiat m. £Ûdü;292.8501406;1049.525352;358.3830796;4.03;2296;784.0187459;763.4;260.6794036;10260.45235;9306.274946;12;S;633;8.75;709;2.13;633;8.75;747;3.9;0;0
4zw9gve83zo9;121;3;0;18;1016011;56681;2;1016;106;Powiat tomaszowski;1023.091277;198.4567764;19.39775862;7.99;616;60.20968156;975.8;95.3776092;6690.695787;2766.584909;5;S;1530;21.45;1772;7.83;1530;21.45;1796;3.52;0;0
4sw4bul2pmj9;122;3;0;16;1016062;7146;3;1016;106;Powiat tomaszowski;1023.091277;198.4567764;19.39775862;7.99;616;60.20968156;975.8;95.3776092;4404.877821;0;1;S;7689;103.65;7805;25.12;23285;86.58;7816;10.73;0;0
3on3vhz6zrn8;123;3;1;16;1061011;645693;1;1061;2182.1;Powiat m. £Ûdü;292.8501406;1049.525352;358.3830796;4.03;2296;784.0187459;763.4;260.6794036;11298.68502;4710.591122;10;S;3708;51.78;5116;16.02;4375;28.88;4543;11.45;0;0
3839epo2inw7;124;3;1;16;1016011;56681;2;1016;106;Powiat tomaszowski;1023.091277;198.4567764;19.39775862;7.99;616;60.20968156;975.8;95.3776092;10761.08346;7275.610273;6;S;2457;34.42;2856;11.93;3789;21.72;2677;6.55;1;0
9pb7nn2x6od4;125;3;1;16;1016042;4790;3;1016;106;Powiat tomaszowski;1023.091277;198.4567764;19.39775862;7.99;616;60.20968156;975.8;95.3776092;15216.95673;523.7336828;3;S;18979;256.35;21411;65.22;;;21672;18.8;0;0
72gyl9oi8zxu;126;3;1;17;1010022;4026;3;1010;62.4;Powiat piotrkowski;1426.409646;162.5195004;11.39360638;2.45;896;62.81505476;1306.2;91.57257202;6265.331198;1317.35868;1;S;23995;325.53;29323;89.97;51631;126.78;24504;30.62;0;0
4r7j47izd969;127;3;1;17;1061011;645693;1;1061;2182.1;Powiat m. £Ûdü;292.8501406;1049.525352;358.3830796;4.03;2296;784.0187459;763.4;260.6794036;6807.680437;2762.822206;4;S;5332;72.43;5331;16;5852;22.82;5800;9.85;0;0
7j3hiw696yp3;128;3;1;16;1061011;645693;1;1061;2182.1;Powiat m. £Ûdü;292.8501406;1049.525352;358.3830796;4.03;2296;784.0187459;763.4;260.6794036;9947.246742;1459.989709;9;S;5883;82.88;6278;23.87;8012;38.97;6281;15.9;0;0
7jo77gnl2d88;129;3;1;17;1016011;56681;2;1016;106;Powiat tomaszowski;1023.091277;198.4567764;19.39775862;7.99;616;60.20968156;975.8;95.3776092;9199.945896;639.6576569;5;S;3535;49.3;3727;11.93;5605;16.87;3694;6.4;0;0
8lx4tsy6dpc6;130;3;0;16;1016092;11492;2;1016;106;Powiat tomaszowski;1023.091277;198.4567764;19.39775862;7.99;616;60.20968156;975.8;95.3776092;7614.934333;0;2;S;3644;49.42;4349;13.48;5939;23.83;3751;8.5;0;0
34i3f2gbm4l9;131;3;1;17;1061011;645693;1;1061;2182.1;Powiat m. £Ûdü;292.8501406;1049.525352;358.3830796;4.03;2296;784.0187459;763.4;260.6794036;6314.532156;4907.52221;3;S;4677;65.52;4977;18.45;10162;48.6;5184;14.83;;0
8jd2y7t9n2c3;132;3;1;17;1016062;7146;3;1016;106;Powiat tomaszowski;1023.091277;198.4567764;19.39775862;7.99;616;60.20968156;975.8;95.3776092;3133.678395;0;1;S;12028;162.95;14111;44.7;19836;72.37;13999;16.28;1;0
9cu94w4sfp69;133;3;1;17;1016062;7146;3;1016;106;Powiat tomaszowski;1023.091277;198.4567764;19.39775862;7.99;616;60.20968156;975.8;95.3776092;1848.151093;0;2;S;16585;223.93;18668;57.33;;;18555;20.03;0;0
2xu3u9cmz6o6;134;3;0;16;1016011;56681;2;1016;106;Powiat tomaszowski;1023.091277;198.4567764;19.39775862;7.99;616;60.20968156;975.8;95.3776092;9259.709222;4805.456299;8;S;2335;32.87;2388;9.73;2687;23.58;2767;5.42;0;0
3h9whv6hwy29;135;3;1;16;1061011;645693;1;1061;2182.1;Powiat m. £Ûdü;292.8501406;1049.525352;358.3830796;4.03;2296;784.0187459;763.4;260.6794036;9182.411974;10922.56924;10;S;433;6.1;434;1.37;433;6.1;861;4.02;0;0
34jc9fgd9ex6;136;3;0;17;1016062;7146;3;1016;106;Powiat tomaszowski;1023.091277;198.4567764;19.39775862;7.99;616;60.20968156;975.8;95.3776092;5718.773912;1036.791101;2;S;10302;140.08;12389;40.15;17981;47.67;12032;14.53;0;0
9czr7rfk9cz3;137;3;0;16;1016011;56681;2;1016;106;Powiat tomaszowski;1023.091277;198.4567764;19.39775862;7.99;616;60.20968156;975.8;95.3776092;11104.62735;8177.646311;7;S;2122;29.72;2615;10.45;3994;24.28;2152;5.87;0;0
7tr8cnx66jl7;138;3;0;17;1016054;765;3;1016;106;Powiat tomaszowski;1023.091277;198.4567764;19.39775862;7.99;616;60.20968156;975.8;95.3776092;2784.173113;1265.300486;0;S;17346;235.05;18111;59.83;;;17565;20.88;0;0
49os8xsx7oi4;139;3;0;16;1016011;56681;2;1016;106;Powiat tomaszowski;1023.091277;198.4567764;19.39775862;7.99;616;60.20968156;975.8;95.3776092;10570.65097;10739.6991;6;S;2441;34.12;2641;9.42;2816;27.73;2525;7.47;1;0
7mf4l4trf3ze;140;3;1;17;1061011;645693;1;1061;2182.1;Powiat m. £Ûdü;292.8501406;1049.525352;358.3830796;4.03;2296;784.0187459;763.4;260.6794036;9153.930939;9366.764227;3;S;52480;711.47;54789;168.22;68338;128.88;85633;67.5;0;0
3688cti4uea8;141;3;1;16;1016092;11492;2;1016;106;Powiat tomaszowski;1023.091277;198.4567764;19.39775862;7.99;616;60.20968156;975.8;95.3776092;5345.036563;0;1;S;4593;63.45;4944;17.3;6085;20.87;5077;8.75;0;0
4f83r7de66n6;142;3;1;16;1016092;11492;2;1016;106;Powiat tomaszowski;1023.091277;198.4567764;19.39775862;7.99;616;60.20968156;975.8;95.3776092;7636.255509;0;2;S;7445;100.57;7777;22.95;7718;32.63;7908;11.23;0;0
7mjw2chk2g83;143;3;1;16;1016104;1499;3;1016;106;Powiat tomaszowski;1023.091277;198.4567764;19.39775862;7.99;616;60.20968156;975.8;95.3776092;5176.529467;1169.548601;2;S;11238;153.65;11696;37.95;14851;41.95;13114;17.03;0;0
889tao7rvt44;144;3;0;16;1016011;56681;2;1016;106;Powiat tomaszowski;1023.091277;198.4567764;19.39775862;7.99;616;60.20968156;975.8;95.3776092;11295.22139;8973.560068;6;S;2135;29.83;2187;9.35;2751;23.27;2567;5.78;0;0
498tfd8lj6t3;145;3;0;16;1016011;56681;2;1016;106;Powiat tomaszowski;1023.091277;198.4567764;19.39775862;7.99;616;60.20968156;975.8;95.3776092;6696.687995;7700.19261;8;S;145;2.03;145;0.48;145;2.03;145;0.35;0;0
6lhd98mxj8m3;146;3;1;17;1016011;56681;2;1016;106;Powiat tomaszowski;1023.091277;198.4567764;19.39775862;7.99;616;60.20968156;975.8;95.3776092;9208.185761;9427.412991;3;S;2475;34.4;2751;10.97;3223;19.68;3279;6.53;0;0
948vaj33uch8;147;3;0;16;1016011;56681;2;1016;106;Powiat tomaszowski;1023.091277;198.4567764;19.39775862;7.99;616;60.20968156;975.8;95.3776092;12003.91902;9229.486809;7;S;2096;29.28;2199;10;3730;26.52;2145;5.97;0;0
77l6ahj37zi9;148;3;0;16;1061011;645693;1;1061;2182.1;Powiat m. £Ûdü;292.8501406;1049.525352;358.3830796;4.03;2296;784.0187459;763.4;260.6794036;11707.19358;6415.980739;24;S;4155;56.73;4584;14.53;5247;28.65;4323;10.85;;0
9ko33z9t7ws8;149;3;1;16;1016011;56681;2;1016;106;Powiat tomaszowski;1023.091277;198.4567764;19.39775862;7.99;616;60.20968156;975.8;95.3776092;10952.12837;3343.078206;10;S;1006;13.97;1006;4.62;1006;13.97;1006;3.22;0;0
7fh22r6wkh7a;150;3;1;16;1006022;14838;2;1006;151;Powiat ≥Ûdzki wschodni;499.1387193;129.2560513;25.89581739;10.7;448;89.75460783;667;133.6301862;7357.584558;0;1;S;14222;195.38;14771;45.75;22486;64.68;16007;25.15;0;0
7atu6vk3oj64;151;3;0;16;1061011;645693;1;1061;2182.1;Powiat m. £Ûdü;292.8501406;1049.525352;358.3830796;4.03;2296;784.0187459;763.4;260.6794036;6433.246761;0;2;S;9316;128.52;13182;41.4;11713;39.18;11143;17.72;0;0
4s77njg9r64i;152;3;0;16;1061011;645693;1;1061;2182.1;Powiat m. £Ûdü;292.8501406;1049.525352;358.3830796;4.03;2296;784.0187459;763.4;260.6794036;15606.31315;10705.90057;11;S;719;9.8;775;2.35;719;9.8;1587;5.3;0;0
9ua7446fnv2m;153;3;0;17;1061011;645693;1;1061;2182.1;Powiat m. £Ûdü;292.8501406;1049.525352;358.3830796;4.03;2296;784.0187459;763.4;260.6794036;8310.749872;8454.752167;10;S;4660;65.55;5705;18.57;5185;27.25;5786;12.43;0;0
7je7ywm6kmh8;154;3;1;17;1008052;7656;3;1008;240.6;Powiat pabianicki;491.5247438;135.3532664;27.53742677;4.91;456;92.77254212;567.3;115.4163665;6647.570755;517.4324384;6;S;11084;154.3;11500;39.23;12113;49.68;12136;22.77;0;0
8vsc9atc2ig6;155;3;0;0;1061011;645693;1;1061;2182.1;Powiat m. £Ûdü;292.8501406;1049.525352;358.3830796;4.03;2296;784.0187459;763.4;260.6794036;9202.117374;8423.332775;3;S;735;10.27;738;2.17;735;10.27;860;2.1;;0
8um48a6lg494;156;3;0;17;1061011;645693;1;1061;2182.1;Powiat m. £Ûdü;292.8501406;1049.525352;358.3830796;4.03;2296;784.0187459;763.4;260.6794036;12238.80328;6004.743052;9;S;2065;28.68;2200;7.82;2414;18.17;3554;6.7;0;0
2iou8kkj9iwm;157;3;1;16;1006075;10788;2;1006;151;Powiat ≥Ûdzki wschodni;499.1387193;129.2560513;25.89581739;10.7;448;89.75460783;667;133.6301862;2607.490201;0;0;S;16880;232.68;18439;55.42;19347;44.63;18853;28.33;0;0
7bm4y2pm7n27;158;3;1;17;1006105;8110;3;1006;151;Powiat ≥Ûdzki wschodni;499.1387193;129.2560513;25.89581739;10.7;448;89.75460783;667;133.6301862;4351.043403;707.9824837;3;S;15162;206.73;18364;57.38;;;19989;22.9;0;0
48ek47wgz9b6;159;3;0;16;1061011;645693;1;1061;2182.1;Powiat m. £Ûdü;292.8501406;1049.525352;358.3830796;4.03;2296;784.0187459;763.4;260.6794036;5028.78006;13654.93176;1;S;8100;113;9279;31.17;13841;59.85;8887;19.5;0;0
8jg9mse6chz8;160;3;;16;1061011;645693;1;1061;2182.1;Powiat m. £Ûdü;292.8501406;1049.525352;358.3830796;4.03;2296;784.0187459;763.4;260.6794036;7580.38773;12510.51797;0;S;3611;50.88;3778;13.9;4176;23.97;4971;10.9;0;0
7bf4u9ssd2u3;161;3;0;16;1061011;645693;1;1061;2182.1;Powiat m. £Ûdü;292.8501406;1049.525352;358.3830796;4.03;2296;784.0187459;763.4;260.6794036;13078.94109;11875.6848;6;S;2514;34.3;2514;7.9;4711;22.9;4769;9.43;0;0
8akx9i9grz64;162;3;1;16;1016104;1499;3;1016;106;Powiat tomaszowski;1023.091277;198.4567764;19.39775862;7.99;616;60.20968156;975.8;95.3776092;5176.529467;1169.548601;2;S;11234;153.6;11693;37.93;14848;41.9;13110;17.02;0;0
8yu7u9dsg3r9;163;3;0;16;1016092;11492;2;1016;106;Powiat tomaszowski;1023.091277;198.4567764;19.39775862;7.99;616;60.20968156;975.8;95.3776092;7265.93248;0;2;S;3413;46.3;4118;12.32;5663;19.9;3521;7.15;0;0
233k2pxo3ju3;164;3;1;9;1061011;645693;1;1061;2182.1;Powiat m. £Ûdü;292.8501406;1049.525352;358.3830796;4.03;2296;784.0187459;763.4;260.6794036;12439.86945;2324.039028;14;OR_N1;1524;20.77;2371;7.07;2093;17.83;1621;4.88;1;1
26xip874hvx8;165;3;1;18;1061011;645693;1;1061;2182.1;Powiat m. £Ûdü;292.8501406;1049.525352;358.3830796;4.03;2296;784.0187459;763.4;260.6794036;8906.049073;5924.610432;12;OR_N1;981;13.4;981;3.2;981;13.4;952;3.07;;0
27zbi9vpg3z6;166;3;1;12;1008011;19276;2;1008;240.6;Powiat pabianicki;491.5247438;135.3532664;27.53742677;4.91;456;92.77254212;567.3;115.4163665;5134.879163;0;0;OR_N1;3013;41.72;3013;9.67;3013;41.72;4302;10.55;1;1
2du2axj46el8;167;3;1;16;1016011;56681;2;1016;106;Powiat tomaszowski;1023.091277;198.4567764;19.39775862;7.99;616;60.20968156;975.8;95.3776092;9642.72979;2190.58007;7;OR_N1;1095;14.95;1095;4.42;1095;14.95;1453;4.73;0;0
2dx8ntr6u3p7;168;3;1;9;1061011;645693;1;1061;2182.1;Powiat m. £Ûdü;292.8501406;1049.525352;358.3830796;4.03;2296;784.0187459;763.4;260.6794036;8275.309989;2702.630823;16;OR_N1;1529;20.98;1953;7.78;1674;17.08;1413;5.68;1;1
2ej7uw8v6437;169;3;1;18;1061011;645693;1;1061;2182.1;Powiat m. £Ûdü;292.8501406;1049.525352;358.3830796;4.03;2296;784.0187459;763.4;260.6794036;8190.114064;1661.024169;23;OR_N1;600;8.08;729;2.42;600;8.08;729;2.78;0;0
2ko2rum9mxy8;170;3;1;18;1061011;645693;1;1061;2182.1;Powiat m. £Ûdü;292.8501406;1049.525352;358.3830796;4.03;2296;784.0187459;763.4;260.6794036;12417.70073;6971.853989;10;OR_N1;8252;110.95;9004;28.72;12122;40.17;12107;25.22;0;0
2n3k6ghy89c7;171;3;0;12;1061011;645693;1;1061;2182.1;Powiat m. £Ûdü;292.8501406;1049.525352;358.3830796;4.03;2296;784.0187459;763.4;260.6794036;9056.95102;2469.217016;16;OR_N1;1548;21.2;1686;6.43;1694;17.3;2897;8.83;1;0
2o8xhr7k6nrv;172;3;1;14;1061011;645693;1;1061;2182.1;Powiat m. £Ûdü;292.8501406;1049.525352;358.3830796;4.03;2296;784.0187459;763.4;260.6794036;11773.74209;3707.15273;20;OR_N1;669;9.05;756;2.77;669;9.05;1218;6.12;;0
2rc8zdf4gle9;173;3;0;16;1016112;3065;3;1016;106;Powiat tomaszowski;1023.091277;198.4567764;19.39775862;7.99;616;60.20968156;975.8;95.3776092;5412.936538;0;1;OR_N1;1501;20.27;1501;4.42;1501;20.27;2018;3.07;0;0
2xe7r3dr364v;174;3;0;11;1010022;4026;3;1010;62.4;Powiat piotrkowski;1426.409646;162.5195004;11.39360638;2.45;896;62.81505476;1306.2;91.57257202;5822.150752;0;1;OR_N1;19241;261.07;19887;59.75;68122;188.83;20392;23.2;;0
2xk4nas4k249;175;3;1;17;1061011;645693;1;1061;2182.1;Powiat m. £Ûdü;292.8501406;1049.525352;358.3830796;4.03;2296;784.0187459;763.4;260.6794036;10934.81723;5786.509206;12;OR_N1;1065;14.5;1065;3.97;1161;9.42;1794;6.27;1;1
2zir9dn2hgr4;176;3;1;16;1016092;11492;2;1016;106;Powiat tomaszowski;1023.091277;198.4567764;19.39775862;7.99;616;60.20968156;975.8;95.3776092;5066.386004;144.8328213;2;OR_N1;5655;76.43;5685;17.58;9413;60.43;7543;7.35;0;0
36f82lsz2mr6;177;3;1;17;1061011;645693;1;1061;2182.1;Powiat m. £Ûdü;292.8501406;1049.525352;358.3830796;4.03;2296;784.0187459;763.4;260.6794036;10364.50176;2286.406817;6;OR_N1;2953;41.43;3964;14.07;3153;29.62;3244;7.9;0;0
3au8rjg8kra3;178;3;0;16;1020045;13380;2;1020;193.4;Powiat zgierski;853.9990645;182.2143352;21.33659658;2.18;888;103.9813785;1106.6;129.5785963;11606.15205;0;1;OR_N1;132;1.88;132;0.72;132;1.88;132;0.6;0;0
3cp9rp47jfb6;179;3;0;13;1061011;645693;1;1061;2182.1;Powiat m. £Ûdü;292.8501406;1049.525352;358.3830796;4.03;2296;784.0187459;763.4;260.6794036;10185.85035;3326.207838;14;OR_N1;4645;63.22;5132;20.12;5973;38.53;6363;14.57;1;0
3gb3vwm8hlb3;180;3;1;16;1061011;645693;1;1061;2182.1;Powiat m. £Ûdü;292.8501406;1049.525352;358.3830796;4.03;2296;784.0187459;763.4;260.6794036;9834.35267;8148.652897;6;OR_N1;4243;59.22;4505;15.33;10215;49.75;4273;13;1;0
3go4fki2ue29;181;3;1;16;1061011;645693;1;1061;2182.1;Powiat m. £Ûdü;292.8501406;1049.525352;358.3830796;4.03;2296;784.0187459;763.4;260.6794036;11344.58041;3413.189673;14;OR_N1;1182;16.48;1339;4.83;1314;10.62;1475;4.83;1;0
3ht6stl64x34;182;3;1;17;1016011;56681;2;1016;106;Powiat tomaszowski;1023.091277;198.4567764;19.39775862;7.99;616;60.20968156;975.8;95.3776092;9051.691328;5190.352661;9;OR_N1;638;8.48;638;1.72;638;8.48;1667;4.15;0;0
3on3hvn42jv3;183;3;0;18;1013011;15783;2;1013;70;Powiat rawski;645.5332469;90.80383441;14.06648455;4.73;252;39.03749361;647.5;100.3046711;9356.730973;0;0;OR_N1;1900;25.85;2208;7.62;1900;25.85;2398;5.27;1;0
3tg3ibp6zxf3;184;3;1;18;1061011;645693;1;1061;2182.1;Powiat m. £Ûdü;292.8501406;1049.525352;358.3830796;4.03;2296;784.0187459;763.4;260.6794036;8644.531516;9096.997373;2;OR_N1;608;8.28;611;1.82;608;8.28;564;2.38;0;0
3x6k8mg2fvh6;185;3;0;16;1016092;11492;2;1016;106;Powiat tomaszowski;1023.091277;198.4567764;19.39775862;7.99;616;60.20968156;975.8;95.3776092;6026.822418;0;0;OR_N1;1153;15.6;1153;3.37;1153;15.6;4224;6.2;0;0
3xbe9s3xy8o4;186;3;1;10;1061011;645693;1;1061;2182.1;Powiat m. £Ûdü;292.8501406;1049.525352;358.3830796;4.03;2296;784.0187459;763.4;260.6794036;8576.899613;3397.02132;16;OR_N1;309;4.53;327;2.63;309;4.53;2232;7.9;;0
3y2lsk8l49b4;187;3;0;7;1061011;645693;1;1061;2182.1;Powiat m. £Ûdü;292.8501406;1049.525352;358.3830796;4.03;2296;784.0187459;763.4;260.6794036;10223.57553;11311.05842;6;OR_N1;1011;13.37;1036;2.77;1011;13.37;765;1.55;0;0
3z4f7gi3w7xe;188;3;0;15;1061011;645693;1;1061;2182.1;Powiat m. £Ûdü;292.8501406;1049.525352;358.3830796;4.03;2296;784.0187459;763.4;260.6794036;7027.07254;7622.31247;9;OR_N1;527;7.3;530;2.5;527;7.3;530;1.82;;0
42srw7uo87m7;189;3;1;17;1009052;4876;3;1009;59.1;Powiat pajÍczaÒski;803.0385073;66.0912157;8.230142776;16.28;280;34.8675683;627.1;78.09090029;3590.790245;0;3;OR_N1;87;1.2;87;0.27;87;1.2;87;0.15;0;0
42tsi2klr8a9;190;3;0;12;1061011;645693;1;1061;2182.1;Powiat m. £Ûdü;292.8501406;1049.525352;358.3830796;4.03;2296;784.0187459;763.4;260.6794036;11739.31906;4261.189338;6;OR_N1;248;3.52;326;1.92;248;3.52;1638;3.72;0;0
476pyf7mzi93;191;3;1;16;1020011;12956;2;1020;193.4;Powiat zgierski;853.9990645;182.2143352;21.33659658;2.18;888;103.9813785;1106.6;129.5785963;3277.529619;378.8529425;0;OR_N1;34088;470.65;42428;138.87;42692;100.05;35938;47.12;0;0
47gw3dym2wp3;192;3;0;11;1061011;645693;1;1061;2182.1;Powiat m. £Ûdü;292.8501406;1049.525352;358.3830796;4.03;2296;784.0187459;763.4;260.6794036;13279.58359;4874.043571;10;OR_N1;809;10.85;809;4.92;809;10.85;2351;7.02;0;0
4af9frv8ctg9;193;3;1;18;1061011;645693;1;1061;2182.1;Powiat m. £Ûdü;292.8501406;1049.525352;358.3830796;4.03;2296;784.0187459;763.4;260.6794036;12495.11962;10407.26663;4;OR_N1;1532;20.45;1539;4.37;1687;11.82;2505;5.53;0;0
4an62jin83w9;194;3;1;16;1061011;645693;1;1061;2182.1;Powiat m. £Ûdü;292.8501406;1049.525352;358.3830796;4.03;2296;784.0187459;763.4;260.6794036;11319.27252;11284.2932;6;OR_N1;994;13.32;994;3.28;994;13.32;1604;4.05;;0
4bu4ne3uhm37;195;3;1;17;1001072;8116;3;1001;110.8;Powiat be≥chatowski;966.2626658;198.2751399;20.51979724;14.05;961;99.45535868;943.4;97.63390778;5919.398048;1192.876914;0;OR_N1;982;13.53;1145;3.77;982;13.53;990;3.47;1;0
4jg2zp2rmh47;196;3;1;16;1061011;645693;1;1061;2182.1;Powiat m. £Ûdü;292.8501406;1049.525352;358.3830796;4.03;2296;784.0187459;763.4;260.6794036;7407.928761;9896.721601;9;OR_N1;10164;141.28;11341;40.63;11520;56.52;11889;25.42;;0
4tc49psw89d4;198;3;1;17;1001072;8116;3;1001;110.8;Powiat be≥chatowski;966.2626658;198.2751399;20.51979724;14.05;961;99.45535868;943.4;97.63390778;3843.194407;0;2;OR_N1;22976;311.75;23680;73.37;23906;44.58;22638;24.3;0;0
4xx4s7jse6n4;199;3;1;16;1020085;9675;3;1020;193.4;Powiat zgierski;853.9990645;182.2143352;21.33659658;2.18;888;103.9813785;1106.6;129.5785963;3359.823334;0;0;OR_N1;984;13.15;984;2.83;984;13.15;984;2.58;0;0
6d36nm7pzj86;200;3;1;16;1016032;2069;3;1016;106;Powiat tomaszowski;1023.091277;198.4567764;19.39775862;7.99;616;60.20968156;975.8;95.3776092;4758.173036;0;1;OR_N1;18710;250.72;20687;61.17;;;20386;20.77;1;0
6hx2yg9sv774;201;3;1;13;1061011;645693;1;1061;2182.1;Powiat m. £Ûdü;292.8501406;1049.525352;358.3830796;4.03;2296;784.0187459;763.4;260.6794036;12274.89621;7306.47684;8;OR_N1;539;7.23;671;1.88;539;7.23;770;3.05;0;0
6k499kz2gx99;202;3;1;18;1016072;5984;3;1016;106;Powiat tomaszowski;1023.091277;198.4567764;19.39775862;7.99;616;60.20968156;975.8;95.3776092;4807.81025;1101.43564;4;OR_N1;27346;372.38;28609;86.22;33182;89.88;28134;36.62;;0
6pz7mb6nrp99;203;3;1;18;1061011;645693;1;1061;2182.1;Powiat m. £Ûdü;292.8501406;1049.525352;358.3830796;4.03;2296;784.0187459;763.4;260.6794036;12272.17438;10852.56545;6;OR_N1;900;12.73;900;3.75;900;12.73;776;2.5;0;0
6rzb33d28el6;204;3;0;18;1013011;15783;2;1013;70;Powiat rawski;645.5332469;90.80383441;14.06648455;4.73;252;39.03749361;647.5;100.3046711;6405.453483;0;0;OR_N1;1188;15.93;1188;3.55;1188;15.93;1089;1.88;;0
6to2po2ecb69;205;3;0;18;1061011;645693;1;1061;2182.1;Powiat m. £Ûdü;292.8501406;1049.525352;358.3830796;4.03;2296;784.0187459;763.4;260.6794036;8121.147336;10132.2345;9;OR_N1;7281;102.53;8336;29.97;9099;38.7;8847;20.1;1;0
6vd6nsa7bo43;206;3;0;11;1061011;645693;1;1061;2182.1;Powiat m. £Ûdü;292.8501406;1049.525352;358.3830796;4.03;2296;784.0187459;763.4;260.6794036;10334.07983;10701.68234;6;OR_N1;249;3.3;251;0.67;249;3.3;204;0.85;1;1
6vw884jia7vs;207;3;1;9;1061011;645693;1;1061;2182.1;Powiat m. £Ûdü;292.8501406;1049.525352;358.3830796;4.03;2296;784.0187459;763.4;260.6794036;12680.22482;3722.511044;11;OR_N1;819;11.02;1763;5.98;819;11.02;2325;6.92;1;1
722wv6i8eza8;208;3;1;12;1006082;5811;3;1006;151;Powiat ≥Ûdzki wschodni;499.1387193;129.2560513;25.89581739;10.7;448;89.75460783;667;133.6301862;5748.39385;264.4064392;4;OR_N1;5562;76.62;5562;18.45;6066;22.67;5562;8.93;;0
72hi2n74vau7;209;3;0;13;1061011;645693;1;1061;2182.1;Powiat m. £Ûdü;292.8501406;1049.525352;358.3830796;4.03;2296;784.0187459;763.4;260.6794036;14949.96648;1511.054291;15;OR_N1;932;12.95;1049;4.25;1106;8.63;1116;2.25;0;0
73ayd2h7seb3;210;3;1;16;1012042;5606;3;1012;72.5;Powiat radomszczaÒski;1441.229323;125.7545581;8.725506492;2.07;833;57.79788039;1190.9;82.63084725;5958.68693;2184.950857;1;OR_N1;14032;191.25;16319;53.78;15040;61.62;14139;19.37;;0
74wis3tyl8y6;211;3;1;15;1061011;645693;1;1061;2182.1;Powiat m. £Ûdü;292.8501406;1049.525352;358.3830796;4.03;2296;784.0187459;763.4;260.6794036;8339.263574;5184.172472;9;OR_N1;524;6.97;524;1.48;524;6.97;296;0.72;1;0
7c94t9elp9c3;212;3;1;12;1061011;645693;1;1061;2182.1;Powiat m. £Ûdü;292.8501406;1049.525352;358.3830796;4.03;2296;784.0187459;763.4;260.6794036;11060.95797;6826.706303;12;OR_N1;372;4.78;372;0.85;372;4.78;283;1.2;;0
7de2vma2xvh3;213;3;1;17;1012142;4735;3;1012;72.5;Powiat radomszczaÒski;1441.229323;125.7545581;8.725506492;2.07;833;57.79788039;1190.9;82.63084725;5155.598929;351.9768498;1;OR_N1;2103;28.68;2103;7.17;2103;28.68;2103;3.4;1;1
7dv6llr6zbx3;214;3;1;16;1061011;645693;1;1061;2182.1;Powiat m. £Ûdü;292.8501406;1049.525352;358.3830796;4.03;2296;784.0187459;763.4;260.6794036;6825.153418;2325.589667;2;OR_N1;1170;16.08;1174;4.02;1170;16.08;1221;3.4;0;0
7hu39ehn8dx8;215;3;0;14;1063011;45121;2;1063;1295.2;Powiat m. Skierniewice;34.55875472;71.15621041;205.8992316;6.85;187;541.1074604;143;413.788058;12663.86334;4668.23965;5;OR_N1;298;4.32;1044;3.52;298;4.32;1044;2.72;1;0
7kx8gnn6gku6;216;3;0;15;1020044;22023;2;1020;193.4;Powiat zgierski;853.9990645;182.2143352;21.33659658;2.18;888;103.9813785;1106.6;129.5785963;7723.5086;0;0;OR_N1;479;6.55;479;1.42;479;6.55;479;1.5;;0
7lv8b2pgg6s6;217;3;0;13;1061011;645693;1;1061;2182.1;Powiat m. £Ûdü;292.8501406;1049.525352;358.3830796;4.03;2296;784.0187459;763.4;260.6794036;8931.032738;8699.408424;4;OR_N1;526;6.97;597;1.55;526;6.97;796;3.97;;0
7o2dmi4lho6a;218;3;1;17;1016092;11492;2;1016;106;Powiat tomaszowski;1023.091277;198.4567764;19.39775862;7.99;616;60.20968156;975.8;95.3776092;4970.05896;144.8328213;3;OR_N1;187;2.52;187;0.57;187;2.52;187;0.22;0;0
7o9p4n8nzh93;219;3;1;10;1008052;7656;3;1008;240.6;Powiat pabianicki;491.5247438;135.3532664;27.53742677;4.91;456;92.77254212;567.3;115.4163665;5797.552486;752.7879757;4;OR_N1;3498;46.73;3498;10.17;3498;46.73;4216;7.37;0;0
7p27gdp9zj97;220;3;1;18;1061011;645693;1;1061;2182.1;Powiat m. £Ûdü;292.8501406;1049.525352;358.3830796;4.03;2296;784.0187459;763.4;260.6794036;11532.87888;3506.918817;7;OR_N1;619;8.6;772;3.4;619;8.6;998;3.97;;0
7pr6zb9uw8k7;221;3;0;18;1012011;42412;2;1012;72.5;Powiat radomszczaÒski;1441.229323;125.7545581;8.725506492;2.07;833;57.79788039;1190.9;82.63084725;10967.05271;2348.609729;7;OR_N1;668;9.62;668;2.68;668;9.62;668;1.78;;0
7rm48jw6w766;222;3;1;18;1061011;645693;1;1061;2182.1;Powiat m. £Ûdü;292.8501406;1049.525352;358.3830796;4.03;2296;784.0187459;763.4;260.6794036;11604.71875;10827.98871;6;OR_N1;4989;70.17;5950;19.53;7237;37.62;6210;17.63;0;0
7wc7fma2ag77;223;3;1;17;1016062;7146;3;1016;106;Powiat tomaszowski;1023.091277;198.4567764;19.39775862;7.99;616;60.20968156;975.8;95.3776092;4068.116669;73.5026774;1;OR_N1;930;12.5;930;3.1;930;12.5;930;1.42;1;1
83bi7nhl3wm6;224;3;1;17;1061011;645693;1;1061;2182.1;Powiat m. £Ûdü;292.8501406;1049.525352;358.3830796;4.03;2296;784.0187459;763.4;260.6794036;10092.50843;2951.650447;2;OR_N1;989;13.58;1074;3.73;989;13.58;1650;5.12;;0
8eg9hd9mfm7r;225;3;1;15;1016072;5984;3;1016;106;Powiat tomaszowski;1023.091277;198.4567764;19.39775862;7.99;616;60.20968156;975.8;95.3776092;3425.027828;71.45405789;0;OR_N1;382;5.35;382;1.13;382;5.35;382;0.55;0;0
8fj2yja69ug7;226;3;1;18;1061011;645693;1;1061;2182.1;Powiat m. £Ûdü;292.8501406;1049.525352;358.3830796;4.03;2296;784.0187459;763.4;260.6794036;9670.024441;6119.346317;19;OR_N1;623;8.28;626;1.65;623;8.28;876;3.72;;0
8he7ybk732j4;227;3;0;18;1013011;15783;2;1013;70;Powiat rawski;645.5332469;90.80383441;14.06648455;4.73;252;39.03749361;647.5;100.3046711;6341.743212;0;0;OR_N1;1128;15.1;1128;3.35;1128;15.1;1224;2.25;1;0
8j23srv6j7e6;228;3;0;18;1012011;42412;2;1012;72.5;Powiat radomszczaÒski;1441.229323;125.7545581;8.725506492;2.07;833;57.79788039;1190.9;82.63084725;11017.09857;2348.609729;7;OR_N1;664;9.57;664;2.67;664;9.57;664;1.78;1;1
8ru6zac4h6bz;229;3;1;14;1008011;19276;2;1008;240.6;Powiat pabianicki;491.5247438;135.3532664;27.53742677;4.91;456;92.77254212;567.3;115.4163665;5595.456756;0;0;OR_N1;692;9.37;692;2.03;692;9.37;692;2.45;1;1
8rx4hrv2hl66;230;3;0;15;1063011;45121;2;1063;1295.2;Powiat m. Skierniewice;34.55875472;71.15621041;205.8992316;6.85;187;541.1074604;143;413.788058;10406.2918;3718.434591;7;OR_N1;694;9.55;1019;4.25;694;9.55;1063;3.57;;0
8ut24lsg7sat;231;3;0;7;1061011;645693;1;1061;2182.1;Powiat m. £Ûdü;292.8501406;1049.525352;358.3830796;4.03;2296;784.0187459;763.4;260.6794036;8163.53138;9021.815222;2;OR_N1;485;6.4;509;1.35;485;6.4;1648;4.85;;0
93buz4udu9m7;232;3;1;16;1020031;52938;2;1020;193.4;Powiat zgierski;853.9990645;182.2143352;21.33659658;2.18;888;103.9813785;1106.6;129.5785963;9119.727001;1304.081742;6;OR_N1;10869;149.9;11227;39.63;13256;42.42;11467;25.67;1;0
94ggd4iiy8f7;233;3;0;15;1012011;42412;2;1012;72.5;Powiat radomszczaÒski;1441.229323;125.7545581;8.725506492;2.07;833;57.79788039;1190.9;82.63084725;6643.388115;0;4;OR_N1;232;3.22;232;1.02;232;3.22;232;0.63;1;0
94jeu24oxi69;234;3;1;17;1012132;4243;3;1012;72.5;Powiat radomszczaÒski;1441.229323;125.7545581;8.725506492;2.07;833;57.79788039;1190.9;82.63084725;5352.295104;0;0;OR_N1;16510;220.57;16510;48.95;;;16510;18.52;0;0
96h7o9if2jh8;235;3;1;18;1061011;645693;1;1061;2182.1;Powiat m. £Ûdü;292.8501406;1049.525352;358.3830796;4.03;2296;784.0187459;763.4;260.6794036;13316.58839;9242.969011;13;OR_N1;1079;14.38;1143;4.93;1840;12.87;2864;8.07;0;0
9mm26obd4ci7;236;3;1;18;1061011;645693;1;1061;2182.1;Powiat m. £Ûdü;292.8501406;1049.525352;358.3830796;4.03;2296;784.0187459;763.4;260.6794036;8123.983199;16783.94954;6;OR_N1;456;6.13;501;1.82;456;6.13;539;2.32;0;0
9yl3yai8bbi4;237;3;0;16;1012011;42412;2;1012;72.5;Powiat radomszczaÒski;1441.229323;125.7545581;8.725506492;2.07;833;57.79788039;1190.9;82.63084725;3942.602815;0;3;OR_N1;611;8.27;627;2.15;611;8.27;611;1.33;0;0
9zf39gaa3ay3;238;3;1;18;1017094;20141;2;1017;77.1;Powiat wieluÒski;924.9576466;121.9433161;13.18366485;5.58;548;59.24595597;873.6;94.44756776;9806.575436;6036.921912;5;OR_N1;3678;50.53;4006;12.75;3678;50.53;4075;8.28;;0
4myc3jiy9zca;239;3;0;11;1061011;645693;1;1061;2182.1;Powiat m. £Ûdü;292.8501406;1049.525352;358.3830796;4.03;2296;784.0187459;763.4;260.6794036;12229.60146;10164.31605;10;OR_N1;402;5.32;413;3.32;402;5.32;1657;5.57;;0
4sw4bul2pmj9;240;3;0;16;1016062;7146;3;1016;106;Powiat tomaszowski;1023.091277;198.4567764;19.39775862;7.99;616;60.20968156;975.8;95.3776092;4404.877821;0;1;OR_N1;7549;100.9;7637;22.63;22655;81.52;8064;11.5;0;0
3839epo2inw7;241;3;1;16;1016011;56681;2;1016;106;Powiat tomaszowski;1023.091277;198.4567764;19.39775862;7.99;616;60.20968156;975.8;95.3776092;10761.08346;7275.610273;6;OR_N1;1535;20.42;1565;5.02;3052;15.27;2613;6.55;1;0
9pb7nn2x6od4;242;3;1;16;1016042;4790;3;1016;106;Powiat tomaszowski;1023.091277;198.4567764;19.39775862;7.99;616;60.20968156;975.8;95.3776092;15216.95673;523.7336828;3;OR_N1;18435;247.75;22108;66.43;;;20606;15.98;;0
72gyl9oi8zxu;243;3;1;17;1010022;4026;3;1010;62.4;Powiat piotrkowski;1426.409646;162.5195004;11.39360638;2.45;896;62.81505476;1306.2;91.57257202;6265.331198;1317.35868;1;OR_N1;690;9.02;851;2.07;690;9.02;665;0.65;1;1
4r7j47izd969;244;3;1;17;1061011;645693;1;1061;2182.1;Powiat m. £Ûdü;292.8501406;1049.525352;358.3830796;4.03;2296;784.0187459;763.4;260.6794036;6807.680437;2762.822206;4;OR_N1;1635;22.52;1635;5.17;1852;10.42;1648;3.9;1;0
7j3hiw696yp3;245;3;1;16;1061011;645693;1;1061;2182.1;Powiat m. £Ûdü;292.8501406;1049.525352;358.3830796;4.03;2296;784.0187459;763.4;260.6794036;9947.246742;1459.989709;9;OR_N1;3793;52.17;4230;14.25;4876;27.97;4170;8;1;0
7jo77gnl2d88;246;3;1;17;1016011;56681;2;1016;106;Powiat tomaszowski;1023.091277;198.4567764;19.39775862;7.99;616;60.20968156;975.8;95.3776092;9199.945896;639.6576569;5;OR_N1;61;0.78;61;0.15;61;0.78;61;0.12;;0
8lx4tsy6dpc6;247;3;0;16;1016092;11492;2;1016;106;Powiat tomaszowski;1023.091277;198.4567764;19.39775862;7.99;616;60.20968156;975.8;95.3776092;7614.934333;0;2;OR_N1;3737;50.77;3911;13.38;5425;24.95;3820;9.62;;0
2xu3u9cmz6o6;248;3;0;16;1016011;56681;2;1016;106;Powiat tomaszowski;1023.091277;198.4567764;19.39775862;7.99;616;60.20968156;975.8;95.3776092;9259.709222;4805.456299;8;OR_N1;2245;31.12;2615;7.75;2966;17.07;3022;7.22;;0
34jc9fgd9ex6;249;3;0;17;1016062;7146;3;1016;106;Powiat tomaszowski;1023.091277;198.4567764;19.39775862;7.99;616;60.20968156;975.8;95.3776092;5718.773912;1036.791101;2;OR_N1;564;7.75;564;2.07;564;7.75;564;1.73;;0
9czr7rfk9cz3;250;3;0;16;1016011;56681;2;1016;106;Powiat tomaszowski;1023.091277;198.4567764;19.39775862;7.99;616;60.20968156;975.8;95.3776092;11104.62735;8177.646311;7;OR_N1;1461;19.83;1614;5.15;2985;14.37;1574;4.35;0;0
49os8xsx7oi4;251;3;0;16;1016011;56681;2;1016;106;Powiat tomaszowski;1023.091277;198.4567764;19.39775862;7.99;616;60.20968156;975.8;95.3776092;10570.65097;10739.6991;6;OR_N1;2211;29.63;2411;7.43;2357;24.43;2296;5.78;1;0
498tfd8lj6t3;252;3;0;16;1016011;56681;2;1016;106;Powiat tomaszowski;1023.091277;198.4567764;19.39775862;7.99;616;60.20968156;975.8;95.3776092;6696.687995;7700.19261;8;OR_N1;1966;26.28;2253;6.3;1966;26.28;2253;4.47;;0
77l6ahj37zi9;253;3;0;16;1061011;645693;1;1061;2182.1;Powiat m. £Ûdü;292.8501406;1049.525352;358.3830796;4.03;2296;784.0187459;763.4;260.6794036;11707.19358;6415.980739;24;OR_N1;2462;33.07;2462;7.98;2987;16.33;2462;5.72;0;0
7fh22r6wkh7a;254;3;1;16;1006022;14838;2;1006;151;Powiat ≥Ûdzki wschodni;499.1387193;129.2560513;25.89581739;10.7;448;89.75460783;667;133.6301862;7357.584558;0;1;OR_N1;14107;194.48;14878;46.87;22742;68.67;16017;25.28;;0
7atu6vk3oj64;255;3;0;16;1061011;645693;1;1061;2182.1;Powiat m. £Ûdü;292.8501406;1049.525352;358.3830796;4.03;2296;784.0187459;763.4;260.6794036;6433.246761;0;2;OR_N1;9325;129.27;13264;42.75;12775;42.97;10201;15.33;;0
828ura4v8gk3;256;3;0;16;1006022;14838;2;1006;151;Powiat ≥Ûdzki wschodni;499.1387193;129.2560513;25.89581739;10.7;448;89.75460783;667;133.6301862;9062.169803;3838.803007;4;OR_N1;860;11.6;893;2.45;860;11.6;901;2.5;;0
48ek47wgz9b6;257;3;0;16;1061011;645693;1;1061;2182.1;Powiat m. £Ûdü;292.8501406;1049.525352;358.3830796;4.03;2296;784.0187459;763.4;260.6794036;5028.78006;13654.93176;1;OR_N1;7387;99.82;8200;28.78;8470;56.27;8333;18.32;;0
8jg9mse6chz8;258;3;;16;1061011;645693;1;1061;2182.1;Powiat m. £Ûdü;292.8501406;1049.525352;358.3830796;4.03;2296;784.0187459;763.4;260.6794036;7580.38773;12510.51797;0;OR_N1;68;0.87;68;0.15;68;0.87;517;2.02;;0
8akx9i9grz64;259;3;1;16;1016104;1499;3;1016;106;Powiat tomaszowski;1023.091277;198.4567764;19.39775862;7.99;616;60.20968156;975.8;95.3776092;5176.529467;1169.548601;2;OR_N1;1880;26.62;1880;7.03;2622;15.73;1880;2.87;0;0
8yu7u9dsg3r9;260;3;0;16;1016092;11492;2;1016;106;Powiat tomaszowski;1023.091277;198.4567764;19.39775862;7.99;616;60.20968156;975.8;95.3776092;7265.93248;0;2;OR_N1;3499;47.58;3673;12.2;5142;20.95;3582;8.23;;0
233k2pxo3ju3;261;3;1;9;1061011;645693;1;1061;2182.1;Powiat m. £Ûdü;292.8501406;1049.525352;358.3830796;4.03;2296;784.0187459;763.4;260.6794036;12439.86945;2324.039028;14;OR_N2;1172;16.72;1462;6.53;2011;16.67;1499;6.3;1;1
26xip874hvx8;262;3;1;18;1061011;645693;1;1061;2182.1;Powiat m. £Ûdü;292.8501406;1049.525352;358.3830796;4.03;2296;784.0187459;763.4;260.6794036;8906.049073;5924.610432;12;OR_N2;1233;17.15;1265;5.13;1436;13.18;1283;4.22;;0
27zbi9vpg3z6;263;3;1;12;1008011;19276;2;1008;240.6;Powiat pabianicki;491.5247438;135.3532664;27.53742677;4.91;456;92.77254212;567.3;115.4163665;5134.879163;0;0;OR_N2;177;2.38;177;0.47;177;2.38;177;0.67;1;0
2du2axj46el8;264;3;1;16;1016011;56681;2;1016;106;Powiat tomaszowski;1023.091277;198.4567764;19.39775862;7.99;616;60.20968156;975.8;95.3776092;9642.72979;2190.58007;7;OR_N2;1383;18.87;1750;5.73;1383;18.87;937;3.52;1;0
2dx8ntr6u3p7;265;3;1;9;1061011;645693;1;1061;2182.1;Powiat m. £Ûdü;292.8501406;1049.525352;358.3830796;4.03;2296;784.0187459;763.4;260.6794036;8275.309989;2702.630823;16;OR_N2;1951;26.67;2125;8.27;2096;22.75;3141;9.63;1;1
2ej7uw8v6437;266;3;1;18;1061011;645693;1;1061;2182.1;Powiat m. £Ûdü;292.8501406;1049.525352;358.3830796;4.03;2296;784.0187459;763.4;260.6794036;8190.114064;1661.024169;23;OR_N2;344;5.18;344;3.02;344;5.18;591;2.83;0;0
2n3k6ghy89c7;267;3;0;12;1061011;645693;1;1061;2182.1;Powiat m. £Ûdü;292.8501406;1049.525352;358.3830796;4.03;2296;784.0187459;763.4;260.6794036;9056.95102;2469.217016;16;OR_N2;6904;95.05;7624;23.82;7391;34.12;7297;15.82;1;0
2o8xhr7k6nrv;268;3;1;14;1061011;645693;1;1061;2182.1;Powiat m. £Ûdü;292.8501406;1049.525352;358.3830796;4.03;2296;784.0187459;763.4;260.6794036;11773.74209;3707.15273;20;OR_N2;1727;24.05;2154;8.5;2650;21.18;1959;6.92;;0
2rc8zdf4gle9;269;3;0;16;1016112;3065;3;1016;106;Powiat tomaszowski;1023.091277;198.4567764;19.39775862;7.99;616;60.20968156;975.8;95.3776092;5412.936538;0;1;OR_N2;1013;14;1013;4.2;1013;14;1439;1.77;1;0
2xe7r3dr364v;270;3;0;11;1010022;4026;3;1010;62.4;Powiat piotrkowski;1426.409646;162.5195004;11.39360638;2.45;896;62.81505476;1306.2;91.57257202;5822.150752;0;1;OR_N2;2125;28.35;2188;6.57;2125;28.35;2125;2.48;1;0
2xk4nas4k249;271;3;1;17;1061011;645693;1;1061;2182.1;Powiat m. £Ûdü;292.8501406;1049.525352;358.3830796;4.03;2296;784.0187459;763.4;260.6794036;10934.81723;5786.509206;12;OR_N2;2055;28.07;2055;7.38;3316;22.73;2228;6.5;1;0
2zir9dn2hgr4;272;3;1;16;1016092;11492;2;1016;106;Powiat tomaszowski;1023.091277;198.4567764;19.39775862;7.99;616;60.20968156;975.8;95.3776092;5066.386004;144.8328213;2;OR_N2;260;3.48;260;0.77;260;3.48;260;0.3;0;0
36f82lsz2mr6;273;3;1;17;1061011;645693;1;1061;2182.1;Powiat m. £Ûdü;292.8501406;1049.525352;358.3830796;4.03;2296;784.0187459;763.4;260.6794036;10364.50176;2286.406817;6;OR_N2;8111;110.58;8783;27.62;13404;64.9;11309;18.83;0;0
3au8rjg8kra3;274;3;0;16;1020045;13380;2;1020;193.4;Powiat zgierski;853.9990645;182.2143352;21.33659658;2.18;888;103.9813785;1106.6;129.5785963;11606.15205;0;1;OR_N2;646;9.18;661;2.58;646;9.18;661;1.78;1;0
3cp9rp47jfb6;275;3;0;13;1061011;645693;1;1061;2182.1;Powiat m. £Ûdü;292.8501406;1049.525352;358.3830796;4.03;2296;784.0187459;763.4;260.6794036;10185.85035;3326.207838;14;OR_N2;3649;50.17;3940;17.22;4585;29.97;3902;11.43;1;0
3gb3vwm8hlb3;276;3;1;16;1061011;645693;1;1061;2182.1;Powiat m. £Ûdü;292.8501406;1049.525352;358.3830796;4.03;2296;784.0187459;763.4;260.6794036;9834.35267;8148.652897;6;OR_N2;3470;48.45;3667;13.17;4207;25.68;4573;10.98;1;0
3go4fki2ue29;277;3;1;16;1061011;645693;1;1061;2182.1;Powiat m. £Ûdü;292.8501406;1049.525352;358.3830796;4.03;2296;784.0187459;763.4;260.6794036;11344.58041;3413.189673;14;OR_N2;1151;15.88;1269;4.83;1413;12.12;2554;9.27;1;0
3ht6stl64x34;278;3;1;17;1016011;56681;2;1016;106;Powiat tomaszowski;1023.091277;198.4567764;19.39775862;7.99;616;60.20968156;975.8;95.3776092;9051.691328;5190.352661;9;OR_N2;577;7.65;577;1.53;577;7.65;881;2.37;1;1
3on3hvn42jv3;279;3;0;18;1013011;15783;2;1013;70;Powiat rawski;645.5332469;90.80383441;14.06648455;4.73;252;39.03749361;647.5;100.3046711;9356.730973;0;0;OR_N2;3768;51.55;3753;12.1;3768;51.55;3761;6.53;1;0
3tg3ibp6zxf3;280;3;1;18;1061011;645693;1;1061;2182.1;Powiat m. £Ûdü;292.8501406;1049.525352;358.3830796;4.03;2296;784.0187459;763.4;260.6794036;8644.531516;9096.997373;2;OR_N2;2667;36.85;3623;11.53;3385;18.57;3079;8.05;0;0
3x6k8mg2fvh6;281;3;0;16;1016092;11492;2;1016;106;Powiat tomaszowski;1023.091277;198.4567764;19.39775862;7.99;616;60.20968156;975.8;95.3776092;6026.822418;0;0;OR_N2;3577;47.68;3776;10.78;4524;28.57;4107;6.98;0;0
3xbe9s3xy8o4;282;3;1;10;1061011;645693;1;1061;2182.1;Powiat m. £Ûdü;292.8501406;1049.525352;358.3830796;4.03;2296;784.0187459;763.4;260.6794036;8576.899613;3397.02132;16;OR_N2;800;10.97;820;2.82;800;10.97;2723;9.55;;0
3y2lsk8l49b4;283;3;0;7;1061011;645693;1;1061;2182.1;Powiat m. £Ûdü;292.8501406;1049.525352;358.3830796;4.03;2296;784.0187459;763.4;260.6794036;10223.57553;11311.05842;6;OR_N2;1047;14.35;1068;3.55;1047;14.35;5511;12.2;0;0
42srw7uo87m7;284;3;1;17;1009052;4876;3;1009;59.1;Powiat pajÍczaÒski;803.0385073;66.0912157;8.230142776;16.28;280;34.8675683;627.1;78.09090029;3590.790245;0;3;OR_N2;4017;55;4035;12.48;4017;55;4035;4.55;0;0
4a9gl6njo9uk;285;3;0;18;1020011;12956;2;1020;193.4;Powiat zgierski;853.9990645;182.2143352;21.33659658;2.18;888;103.9813785;1106.6;129.5785963;4850.81326;62.99420572;0;OR_N2;1652;21.97;1739;5.87;1652;21.97;1694;3.77;;0
4af9frv8ctg9;286;3;1;18;1061011;645693;1;1061;2182.1;Powiat m. £Ûdü;292.8501406;1049.525352;358.3830796;4.03;2296;784.0187459;763.4;260.6794036;12495.11962;10407.26663;4;OR_N2;2431;32.38;2541;7.13;2685;24.48;3213;7.22;1;0
4bu4ne3uhm37;287;3;1;17;1001072;8116;3;1001;110.8;Powiat be≥chatowski;966.2626658;198.2751399;20.51979724;14.05;961;99.45535868;943.4;97.63390778;5919.398048;1192.876914;0;OR_N2;9973;134.1;11438;35.05;97038;731.88;10119;11.07;1;1
4jg2zp2rmh47;288;3;1;16;1061011;645693;1;1061;2182.1;Powiat m. £Ûdü;292.8501406;1049.525352;358.3830796;4.03;2296;784.0187459;763.4;260.6794036;7407.928761;9896.721601;9;OR_N2;9931;138.28;11333;40.72;11590;57.63;12643;27.07;0;0
4xx4s7jse6n4;290;3;1;16;1020085;9675;3;1020;193.4;Powiat zgierski;853.9990645;182.2143352;21.33659658;2.18;888;103.9813785;1106.6;129.5785963;3359.823334;0;0;OR_N2;45;0.58;45;0.08;45;0.58;45;0.23;;0
4zm8obt2xcd4;291;3;1;17;1016011;56681;2;1016;106;Powiat tomaszowski;1023.091277;198.4567764;19.39775862;7.99;616;60.20968156;975.8;95.3776092;6864.022174;46.23310951;4;OR_N2;3584;48.27;3606;11.75;5219;16.25;3876;6.48;;0
62pbm94hiy37;292;3;1;16;1016062;7146;3;1016;106;Powiat tomaszowski;1023.091277;198.4567764;19.39775862;7.99;616;60.20968156;975.8;95.3776092;6859.291174;0;4;OR_N2;5119;68.63;5499;17.78;10476;52.87;5587;10.63;0;0
68uzd7gvw2o4;293;3;1;14;1061011;645693;1;1061;2182.1;Powiat m. £Ûdü;292.8501406;1049.525352;358.3830796;4.03;2296;784.0187459;763.4;260.6794036;11849.6004;3619.541545;19;OR_N2;828;10.95;935;3.75;828;10.95;1624;6.03;0;0
6d36nm7pzj86;294;3;1;16;1016032;2069;3;1016;106;Powiat tomaszowski;1023.091277;198.4567764;19.39775862;7.99;616;60.20968156;975.8;95.3776092;4758.173036;0;1;OR_N2;18430;246.93;18430;55;;;20755;21.88;1;0
6gl2wtt6zef9;295;3;1;16;1016011;56681;2;1016;106;Powiat tomaszowski;1023.091277;198.4567764;19.39775862;7.99;616;60.20968156;975.8;95.3776092;11960.16849;11001.19645;8;OR_N2;10573;142.53;10639;31.98;16298;70.05;10520;13.77;1;0
6k499kz2gx99;296;3;1;18;1016072;5984;3;1016;106;Powiat tomaszowski;1023.091277;198.4567764;19.39775862;7.99;616;60.20968156;975.8;95.3776092;4807.81025;1101.43564;4;OR_N2;2083;28.07;2083;6.38;2083;28.07;2083;3.02;1;0
6pz7mb6nrp99;297;3;1;18;1061011;645693;1;1061;2182.1;Powiat m. £Ûdü;292.8501406;1049.525352;358.3830796;4.03;2296;784.0187459;763.4;260.6794036;12272.17438;10852.56545;6;OR_N2;1922;25.45;1975;5.65;2374;20.48;2949;6.08;1;0
6to2po2ecb69;298;3;0;18;1061011;645693;1;1061;2182.1;Powiat m. £Ûdü;292.8501406;1049.525352;358.3830796;4.03;2296;784.0187459;763.4;260.6794036;8121.147336;10132.2345;9;OR_N2;1992;27.18;1992;6.68;1992;27.18;4916;8.62;1;0
6vd6nsa7bo43;299;3;0;11;1061011;645693;1;1061;2182.1;Powiat m. £Ûdü;292.8501406;1049.525352;358.3830796;4.03;2296;784.0187459;763.4;260.6794036;10334.07983;10701.68234;6;OR_N2;1607;21.3;1810;5.6;2193;17.72;1834;5.67;1;1
6vw884jia7vs;300;3;1;9;1061011;645693;1;1061;2182.1;Powiat m. £Ûdü;292.8501406;1049.525352;358.3830796;4.03;2296;784.0187459;763.4;260.6794036;12680.22482;3722.511044;11;OR_N2;1122;14.9;1425;5.78;1122;14.9;1425;4.92;1;1
722wv6i8eza8;301;3;1;12;1006082;5811;3;1006;151;Powiat ≥Ûdzki wschodni;499.1387193;129.2560513;25.89581739;10.7;448;89.75460783;667;133.6301862;5748.39385;264.4064392;4;OR_N2;13;0.15;13;0.03;13;0.15;13;0.02;0;0
72hi2n74vau7;302;3;0;13;1061011;645693;1;1061;2182.1;Powiat m. £Ûdü;292.8501406;1049.525352;358.3830796;4.03;2296;784.0187459;763.4;260.6794036;14949.96648;1511.054291;15;OR_N2;650;9.12;762;2.6;650;9.12;758;1.77;;0
73ayd2h7seb3;303;3;1;16;1012042;5606;3;1012;72.5;Powiat radomszczaÒski;1441.229323;125.7545581;8.725506492;2.07;833;57.79788039;1190.9;82.63084725;5958.68693;2184.950857;1;OR_N2;12847;174.03;15435;49.68;13567;40.07;13142;17.12;1;0
74wis3tyl8y6;304;3;1;15;1061011;645693;1;1061;2182.1;Powiat m. £Ûdü;292.8501406;1049.525352;358.3830796;4.03;2296;784.0187459;763.4;260.6794036;8339.263574;5184.172472;9;OR_N2;1110;15.38;1148;4.23;1651;10.6;2483;5.78;1;0
7c94t9elp9c3;305;3;1;12;1061011;645693;1;1061;2182.1;Powiat m. £Ûdü;292.8501406;1049.525352;358.3830796;4.03;2296;784.0187459;763.4;260.6794036;11060.95797;6826.706303;12;OR_N2;1588;21.22;1591;4.88;2019;19.37;1732;5.5;;0
7de2vma2xvh3;306;3;1;17;1012142;4735;3;1012;72.5;Powiat radomszczaÒski;1441.229323;125.7545581;8.725506492;2.07;833;57.79788039;1190.9;82.63084725;5155.598929;351.9768498;1;OR_N2;1416;19.38;1416;4.5;1416;19.38;1416;1.75;1;0
7dv6llr6zbx3;307;3;1;16;1061011;645693;1;1061;2182.1;Powiat m. £Ûdü;292.8501406;1049.525352;358.3830796;4.03;2296;784.0187459;763.4;260.6794036;6825.153418;2325.589667;2;OR_N2;1383;19.48;1415;5.1;1383;19.48;1313;4.18;1;0
7hu39ehn8dx8;308;3;0;14;1063011;45121;2;1063;1295.2;Powiat m. Skierniewice;34.55875472;71.15621041;205.8992316;6.85;187;541.1074604;143;413.788058;12663.86334;4668.23965;5;OR_N2;144;2.07;890;3.03;144;2.07;890;2.22;1;0
7kx8gnn6gku6;309;3;0;15;1020044;22023;2;1020;193.4;Powiat zgierski;853.9990645;182.2143352;21.33659658;2.18;888;103.9813785;1106.6;129.5785963;7723.5086;0;0;OR_N2;11705;163.07;12361;42.07;12692;66.98;15469;31.28;1;0
7lv8b2pgg6s6;310;3;0;13;1061011;645693;1;1061;2182.1;Powiat m. £Ûdü;292.8501406;1049.525352;358.3830796;4.03;2296;784.0187459;763.4;260.6794036;8931.032738;8699.408424;4;OR_N2;355;4.72;482;1.28;355;4.72;576;3.03;;0
7o2dmi4lho6a;311;3;1;17;1016092;11492;2;1016;106;Powiat tomaszowski;1023.091277;198.4567764;19.39775862;7.99;616;60.20968156;975.8;95.3776092;4970.05896;144.8328213;3;OR_N2;6736;92.23;7210;22.03;11690;369;6544;9.43;;0
7o9p4n8nzh93;312;3;1;10;1008052;7656;3;1008;240.6;Powiat pabianicki;491.5247438;135.3532664;27.53742677;4.91;456;92.77254212;567.3;115.4163665;5797.552486;752.7879757;4;OR_N2;1392;19.32;1616;5.88;1392;19.32;1616;3.17;1;0
7p27gdp9zj97;313;3;1;18;1061011;645693;1;1061;2182.1;Powiat m. £Ûdü;292.8501406;1049.525352;358.3830796;4.03;2296;784.0187459;763.4;260.6794036;11532.87888;3506.918817;7;OR_N2;5113;72.05;5300;19.9;5674;30.85;6641;14.13;0;0
7rm48jw6w766;314;3;1;18;1061011;645693;1;1061;2182.1;Powiat m. £Ûdü;292.8501406;1049.525352;358.3830796;4.03;2296;784.0187459;763.4;260.6794036;11604.71875;10827.98871;6;OR_N2;74;1.25;74;1.02;74;1.25;211;2.32;1;0
7wc7fma2ag77;315;3;1;17;1016062;7146;3;1016;106;Powiat tomaszowski;1023.091277;198.4567764;19.39775862;7.99;616;60.20968156;975.8;95.3776092;4068.116669;73.5026774;1;OR_N2;2247;30.22;2248;7.07;2247;30.22;2248;2.68;1;1
879oxx6war8a;316;3;0;18;1061011;645693;1;1061;2182.1;Powiat m. £Ûdü;292.8501406;1049.525352;358.3830796;4.03;2296;784.0187459;763.4;260.6794036;6844.032282;14190.66673;0;OR_N2;487;6.28;793;2.68;487;6.28;1824;4.85;;0
8eg9hd9mfm7r;317;3;1;15;1016072;5984;3;1016;106;Powiat tomaszowski;1023.091277;198.4567764;19.39775862;7.99;616;60.20968156;975.8;95.3776092;3425.027828;71.45405789;0;OR_N2;421;5.47;421;0.93;421;5.47;421;0.55;0;0
8he7ybk732j4;318;3;0;18;1013011;15783;2;1013;70;Powiat rawski;645.5332469;90.80383441;14.06648455;4.73;252;39.03749361;647.5;100.3046711;6341.743212;0;0;OR_N2;2703;36.3;2703;8.08;2703;36.3;3018;5.88;1;0
8j23srv6j7e6;319;3;0;18;1012011;42412;2;1012;72.5;Powiat radomszczaÒski;1441.229323;125.7545581;8.725506492;2.07;833;57.79788039;1190.9;82.63084725;11017.09857;2348.609729;7;OR_N2;1963;27.82;1992;7.93;1963;27.82;2706;6.05;1;0
8ru6zac4h6bz;320;3;1;14;1008011;19276;2;1008;240.6;Powiat pabianicki;491.5247438;135.3532664;27.53742677;4.91;456;92.77254212;567.3;115.4163665;5595.456756;0;0;OR_N2;3450;47.65;3450;11.17;5401;39.93;5584;10.85;1;0
8ut24lsg7sat;321;3;0;7;1061011;645693;1;1061;2182.1;Powiat m. £Ûdü;292.8501406;1049.525352;358.3830796;4.03;2296;784.0187459;763.4;260.6794036;8163.53138;9021.815222;2;OR_N2;11;0.15;11;0.03;11;0.15;11;0.05;;0
93buz4udu9m7;322;3;1;16;1020031;52938;2;1020;193.4;Powiat zgierski;853.9990645;182.2143352;21.33659658;2.18;888;103.9813785;1106.6;129.5785963;9119.727001;1304.081742;6;OR_N2;11382;157.67;11808;42.52;13774;42.78;12026;28.08;1;0
94ggd4iiy8f7;323;3;0;15;1012011;42412;2;1012;72.5;Powiat radomszczaÒski;1441.229323;125.7545581;8.725506492;2.07;833;57.79788039;1190.9;82.63084725;6643.388115;0;4;OR_N2;855;11.43;855;2.67;855;11.43;1110;1.9;1;0
94jeu24oxi69;324;3;1;17;1012132;4243;3;1012;72.5;Powiat radomszczaÒski;1441.229323;125.7545581;8.725506492;2.07;833;57.79788039;1190.9;82.63084725;5352.295104;0;0;OR_N2;5178;68.98;5279;15.67;;;5178;5.73;0;0
96h7o9if2jh8;325;3;1;18;1061011;645693;1;1061;2182.1;Powiat m. £Ûdü;292.8501406;1049.525352;358.3830796;4.03;2296;784.0187459;763.4;260.6794036;13316.58839;9242.969011;13;OR_N2;3177;44.08;3592;13.37;3286;16.03;4954;10.97;0;0
9mm26obd4ci7;326;3;1;18;1061011;645693;1;1061;2182.1;Powiat m. £Ûdü;292.8501406;1049.525352;358.3830796;4.03;2296;784.0187459;763.4;260.6794036;8123.983199;16783.94954;6;OR_N2;6382;86.83;7052;25.83;7415;45.38;8278;18.27;0;0
4myc3jiy9zca;327;3;0;11;1061011;645693;1;1061;2182.1;Powiat m. £Ûdü;292.8501406;1049.525352;358.3830796;4.03;2296;784.0187459;763.4;260.6794036;12229.60146;10164.31605;10;OR_N2;366;4.75;366;2.62;366;4.75;1816;5.1;1;1
4sw4bul2pmj9;328;3;0;16;1016062;7146;3;1016;106;Powiat tomaszowski;1023.091277;198.4567764;19.39775862;7.99;616;60.20968156;975.8;95.3776092;4404.877821;0;1;OR_N2;8138;109.35;8714;27.03;22628;81.63;8756;12.83;;0
3839epo2inw7;329;3;1;16;1016011;56681;2;1016;106;Powiat tomaszowski;1023.091277;198.4567764;19.39775862;7.99;616;60.20968156;975.8;95.3776092;10761.08346;7275.610273;6;OR_N2;4121;56.68;4885;15.5;8011;29.87;6356;9.72;1;0
9pb7nn2x6od4;330;3;1;16;1016042;4790;3;1016;106;Powiat tomaszowski;1023.091277;198.4567764;19.39775862;7.99;616;60.20968156;975.8;95.3776092;15216.95673;523.7336828;3;OR_N2;18267;245.75;21666;65.32;;;20960;16.77;;0
72gyl9oi8zxu;331;3;1;17;1010022;4026;3;1010;62.4;Powiat piotrkowski;1426.409646;162.5195004;11.39360638;2.45;896;62.81505476;1306.2;91.57257202;6265.331198;1317.35868;1;OR_N2;4577;61.57;4577;13.2;4620;10.95;4577;5.2;1;0
4r7j47izd969;332;3;1;17;1061011;645693;1;1061;2182.1;Powiat m. £Ûdü;292.8501406;1049.525352;358.3830796;4.03;2296;784.0187459;763.4;260.6794036;6807.680437;2762.822206;4;OR_N2;1084;14.55;1084;2.85;1640;14.53;944;2.53;;0
7j3hiw696yp3;333;3;1;16;1061011;645693;1;1061;2182.1;Powiat m. £Ûdü;292.8501406;1049.525352;358.3830796;4.03;2296;784.0187459;763.4;260.6794036;9947.246742;1459.989709;9;OR_N2;2443;33.05;2443;6.9;3867;29.02;2443;4.43;0;0
2xu3u9cmz6o6;334;3;0;16;1016011;56681;2;1016;106;Powiat tomaszowski;1023.091277;198.4567764;19.39775862;7.99;616;60.20968156;975.8;95.3776092;9259.709222;4805.456299;8;OR_N2;1477;19.85;1539;4.45;1664;13.15;1515;3.62;;0
3h9whv6hwy29;335;3;1;16;1061011;645693;1;1061;2182.1;Powiat m. £Ûdü;292.8501406;1049.525352;358.3830796;4.03;2296;784.0187459;763.4;260.6794036;9182.411974;10922.56924;10;OR_N2;419;5.62;419;1.87;419;5.62;502;1.57;0;0
49os8xsx7oi4;336;3;0;16;1016011;56681;2;1016;106;Powiat tomaszowski;1023.091277;198.4567764;19.39775862;7.99;616;60.20968156;975.8;95.3776092;10570.65097;10739.6991;6;OR_N2;1511;20.67;1564;5;2873;18.47;2743;7.9;0;0
7fh22r6wkh7a;337;3;1;16;1006022;14838;2;1006;151;Powiat ≥Ûdzki wschodni;499.1387193;129.2560513;25.89581739;10.7;448;89.75460783;667;133.6301862;7357.584558;0;1;OR_N2;45290;606.87;47835;140.62;;;46694;46.1;;0
7atu6vk3oj64;338;3;0;16;1061011;645693;1;1061;2182.1;Powiat m. £Ûdü;292.8501406;1049.525352;358.3830796;4.03;2296;784.0187459;763.4;260.6794036;6433.246761;0;2;OR_N2;3890;53.08;3890;11.55;4166;9.85;3890;5.38;;0
4s77njg9r64i;339;3;0;16;1061011;645693;1;1061;2182.1;Powiat m. £Ûdü;292.8501406;1049.525352;358.3830796;4.03;2296;784.0187459;763.4;260.6794036;15606.31315;10705.90057;11;OR_N2;672;9.17;736;2;672;9.17;1057;3.72;0;0
6gd6vfw4r7i4;340;3;0;17;1061011;645693;1;1061;2182.1;Powiat m. £Ûdü;292.8501406;1049.525352;358.3830796;4.03;2296;784.0187459;763.4;260.6794036;9966.539379;11603.25347;0;OR_N2;259;3.6;259;0.82;259;3.6;54;0.2;;0
8jg9mse6chz8;341;3;;16;1061011;645693;1;1061;2182.1;Powiat m. £Ûdü;292.8501406;1049.525352;358.3830796;4.03;2296;784.0187459;763.4;260.6794036;7580.38773;12510.51797;0;OR_N2;262;3.43;262;1.3;262;3.43;598;2.58;;0
8akx9i9grz64;342;3;1;16;1016104;1499;3;1016;106;Powiat tomaszowski;1023.091277;198.4567764;19.39775862;7.99;616;60.20968156;975.8;95.3776092;5176.529467;1169.548601;2;OR_N2;2149;30.28;2149;7.78;2891;19.4;2149;3.87;1;0
8yu7u9dsg3r9;343;3;0;16;1016092;11492;2;1016;106;Powiat tomaszowski;1023.091277;198.4567764;19.39775862;7.99;616;60.20968156;975.8;95.3776092;7265.93248;0;2;OR_N2;4494;60.75;4503;12.85;7355;29.67;4521;7.82;;0
233k2pxo3ju3;344;3;1;9;1061011;645693;1;1061;2182.1;Powiat m. £Ûdü;292.8501406;1049.525352;358.3830796;4.03;2296;784.0187459;763.4;260.6794036;12439.86945;2324.039028;14;OR_C1;4618;62.92;5243;21.62;5192;33.02;5184;10.92;1;0
26xip874hvx8;345;3;1;18;1061011;645693;1;1061;2182.1;Powiat m. £Ûdü;292.8501406;1049.525352;358.3830796;4.03;2296;784.0187459;763.4;260.6794036;8906.049073;5924.610432;12;OR_C1;2449;32.97;2526;7.63;2731;15.3;3377;12.38;;0
27zbi9vpg3z6;346;3;1;12;1008011;19276;2;1008;240.6;Powiat pabianicki;491.5247438;135.3532664;27.53742677;4.91;456;92.77254212;567.3;115.4163665;5134.879163;0;0;OR_C1;28;0.4;28;0.08;28;0.4;28;0.18;0;0
2du2axj46el8;347;3;1;16;1016011;56681;2;1016;106;Powiat tomaszowski;1023.091277;198.4567764;19.39775862;7.99;616;60.20968156;975.8;95.3776092;9642.72979;2190.58007;7;OR_C1;8977;122.85;9118;29.45;13136;33.47;9513;12.42;1;0
2dx8ntr6u3p7;348;3;1;9;1061011;645693;1;1061;2182.1;Powiat m. £Ûdü;292.8501406;1049.525352;358.3830796;4.03;2296;784.0187459;763.4;260.6794036;8275.309989;2702.630823;16;OR_C1;2548;35.97;2906;11.13;4684;25.92;2771;10.07;1;0
2ej7uw8v6437;349;3;1;18;1061011;645693;1;1061;2182.1;Powiat m. £Ûdü;292.8501406;1049.525352;358.3830796;4.03;2296;784.0187459;763.4;260.6794036;8190.114064;1661.024169;23;OR_C1;1927;27.07;2013;8.43;1994;11.37;1938;6.47;0;0
2o8xhr7k6nrv;350;3;1;14;1061011;645693;1;1061;2182.1;Powiat m. £Ûdü;292.8501406;1049.525352;358.3830796;4.03;2296;784.0187459;763.4;260.6794036;11773.74209;3707.15273;20;OR_C1;7267;102.28;7356;27.3;8393;48.53;7659;15.03;;0
2rc8zdf4gle9;351;3;0;16;1016112;3065;3;1016;106;Powiat tomaszowski;1023.091277;198.4567764;19.39775862;7.99;616;60.20968156;975.8;95.3776092;5412.936538;0;1;OR_C1;23876;321.25;24143;74.33;;;25870;25.27;0;0
2xk4nas4k249;352;3;1;17;1061011;645693;1;1061;2182.1;Powiat m. £Ûdü;292.8501406;1049.525352;358.3830796;4.03;2296;784.0187459;763.4;260.6794036;10934.81723;5786.509206;12;OR_C1;3211;44.05;3500;12.33;3365;25.27;3282;11.1;1;0
2zir9dn2hgr4;353;3;1;16;1016092;11492;2;1016;106;Powiat tomaszowski;1023.091277;198.4567764;19.39775862;7.99;616;60.20968156;975.8;95.3776092;5066.386004;144.8328213;2;OR_C1;6648;91.03;7062;21.62;11601;367.8;6456;9.37;0;0
36f82lsz2mr6;354;3;1;17;1061011;645693;1;1061;2182.1;Powiat m. £Ûdü;292.8501406;1049.525352;358.3830796;4.03;2296;784.0187459;763.4;260.6794036;10364.50176;2286.406817;6;OR_C1;2393;33.38;2404;9.82;2425;20;2814;9.83;0;0
3au8rjg8kra3;355;3;0;16;1020045;13380;2;1020;193.4;Powiat zgierski;853.9990645;182.2143352;21.33659658;2.18;888;103.9813785;1106.6;129.5785963;11606.15205;0;1;OR_C1;10361;146.38;12213;40.97;12442;58.8;10573;22.08;1;0
3cp9rp47jfb6;356;3;0;13;1061011;645693;1;1061;2182.1;Powiat m. £Ûdü;292.8501406;1049.525352;358.3830796;4.03;2296;784.0187459;763.4;260.6794036;10185.85035;3326.207838;14;OR_C1;3652;50.2;3942;17.23;4582;29.92;3902;11.43;1;0
3gb3vwm8hlb3;357;3;1;16;1061011;645693;1;1061;2182.1;Powiat m. £Ûdü;292.8501406;1049.525352;358.3830796;4.03;2296;784.0187459;763.4;260.6794036;9834.35267;8148.652897;6;OR_C1;14801;199.8;15126;47.95;17165;60.02;16950;23.35;0;0
3go4fki2ue29;358;3;1;16;1061011;645693;1;1061;2182.1;Powiat m. £Ûdü;292.8501406;1049.525352;358.3830796;4.03;2296;784.0187459;763.4;260.6794036;11344.58041;3413.189673;14;OR_C1;2424;33.75;2640;8.78;3167;19.93;3405;6.77;1;0
3ht6stl64x34;359;3;1;17;1016011;56681;2;1016;106;Powiat tomaszowski;1023.091277;198.4567764;19.39775862;7.99;616;60.20968156;975.8;95.3776092;9051.691328;5190.352661;9;OR_C1;2910;39.2;2910;8.87;2910;39.2;2910;5.98;1;0
3on3hvn42jv3;360;3;0;18;1013011;15783;2;1013;70;Powiat rawski;645.5332469;90.80383441;14.06648455;4.73;252;39.03749361;647.5;100.3046711;9356.730973;0;0;OR_C1;1878;26.7;1878;6.83;1878;26.7;1878;3.15;1;0
3tg3ibp6zxf3;361;3;1;18;1061011;645693;1;1061;2182.1;Powiat m. £Ûdü;292.8501406;1049.525352;358.3830796;4.03;2296;784.0187459;763.4;260.6794036;8644.531516;9096.997373;2;OR_C1;6369;87.82;7497;25.52;6981;38.03;8045;18.6;0;0
3x6k8mg2fvh6;362;3;0;16;1016092;11492;2;1016;106;Powiat tomaszowski;1023.091277;198.4567764;19.39775862;7.99;616;60.20968156;975.8;95.3776092;6026.822418;0;0;OR_C1;4352;59.32;4562;14.58;4999;31.77;4789;8.8;0;0
3xbe9s3xy8o4;363;3;1;10;1061011;645693;1;1061;2182.1;Powiat m. £Ûdü;292.8501406;1049.525352;358.3830796;4.03;2296;784.0187459;763.4;260.6794036;8576.899613;3397.02132;16;OR_C1;1817;24.73;1907;6.52;2139;13.77;2521;10.3;;0
3y2lsk8l49b4;364;3;0;7;1061011;645693;1;1061;2182.1;Powiat m. £Ûdü;292.8501406;1049.525352;358.3830796;4.03;2296;784.0187459;763.4;260.6794036;10223.57553;11311.05842;6;OR_C1;13842;188.75;14779;50.3;16662;60.02;15598;27.07;1;0
42srw7uo87m7;365;3;1;17;1009052;4876;3;1009;59.1;Powiat pajÍczaÒski;803.0385073;66.0912157;8.230142776;16.28;280;34.8675683;627.1;78.09090029;3590.790245;0;3;OR_C1;13964;186.9;14495;43.32;24227;45.17;13959;13.32;1;0
42tsi2klr8a9;366;3;0;12;1061011;645693;1;1061;2182.1;Powiat m. £Ûdü;292.8501406;1049.525352;358.3830796;4.03;2296;784.0187459;763.4;260.6794036;11739.31906;4261.189338;6;OR_C1;7169;98.92;7982;27.45;8593;45.83;8023;21.1;0;0
4af9frv8ctg9;367;3;1;18;1061011;645693;1;1061;2182.1;Powiat m. £Ûdü;292.8501406;1049.525352;358.3830796;4.03;2296;784.0187459;763.4;260.6794036;12495.11962;10407.26663;4;OR_C1;5789;81.68;6345;26.23;6429;26.02;6856;16.25;1;0
4jg2zp2rmh47;368;3;1;16;1061011;645693;1;1061;2182.1;Powiat m. £Ûdü;292.8501406;1049.525352;358.3830796;4.03;2296;784.0187459;763.4;260.6794036;7407.928761;9896.721601;9;OR_C1;11518;159.5;12609;44.32;13575;63.5;13608;27;0;0
4tc49psw89d4;370;3;1;17;1001072;8116;3;1001;110.8;Powiat be≥chatowski;966.2626658;198.2751399;20.51979724;14.05;961;99.45535868;943.4;97.63390778;3843.194407;0;2;OR_C1;23271;315.23;23276;71.38;27231;55.98;23927;22.3;0;0
6d36nm7pzj86;371;3;1;16;1016032;2069;3;1016;106;Powiat tomaszowski;1023.091277;198.4567764;19.39775862;7.99;616;60.20968156;975.8;95.3776092;4758.173036;0;1;OR_C1;20548;276.63;21744;64.73;;;20776;24.9;1;0
6gl2wtt6zef9;372;3;1;16;1016011;56681;2;1016;106;Powiat tomaszowski;1023.091277;198.4567764;19.39775862;7.99;616;60.20968156;975.8;95.3776092;11960.16849;11001.19645;8;OR_C1;3975;54.43;4078;14.48;4808;25.33;4789;9.32;1;0
6hx2yg9sv774;373;3;1;13;1061011;645693;1;1061;2182.1;Powiat m. £Ûdü;292.8501406;1049.525352;358.3830796;4.03;2296;784.0187459;763.4;260.6794036;12274.89621;7306.47684;8;OR_C1;689;9.27;701;2;689;9.27;692;2.52;0;0
6k499kz2gx99;374;3;1;18;1016072;5984;3;1016;106;Powiat tomaszowski;1023.091277;198.4567764;19.39775862;7.99;616;60.20968156;975.8;95.3776092;4807.81025;1101.43564;4;OR_C1;31401;426.98;33309;102.32;39630;113.13;35711;43.4;0;0
6pz7mb6nrp99;375;3;1;18;1061011;645693;1;1061;2182.1;Powiat m. £Ûdü;292.8501406;1049.525352;358.3830796;4.03;2296;784.0187459;763.4;260.6794036;12272.17438;10852.56545;6;OR_C1;12082;169.88;13615;45.03;15172;76.02;13414;28.45;0;0
6to2po2ecb69;376;3;0;18;1061011;645693;1;1061;2182.1;Powiat m. £Ûdü;292.8501406;1049.525352;358.3830796;4.03;2296;784.0187459;763.4;260.6794036;8121.147336;10132.2345;9;OR_C1;15394;216.2;17143;57.73;20494;84.07;25697;28.63;1;0
6vd6nsa7bo43;377;3;0;11;1061011;645693;1;1061;2182.1;Powiat m. £Ûdü;292.8501406;1049.525352;358.3830796;4.03;2296;784.0187459;763.4;260.6794036;10334.07983;10701.68234;6;OR_C1;3350;46.22;3459;12.18;3826;30.73;4895;11.17;1;0
6vw884jia7vs;378;3;1;9;1061011;645693;1;1061;2182.1;Powiat m. £Ûdü;292.8501406;1049.525352;358.3830796;4.03;2296;784.0187459;763.4;260.6794036;12680.22482;3722.511044;11;OR_C1;1461;19.48;1737;6.63;1772;14.4;1729;5.48;1;0
722wv6i8eza8;379;3;1;12;1006082;5811;3;1006;151;Powiat ≥Ûdzki wschodni;499.1387193;129.2560513;25.89581739;10.7;448;89.75460783;667;133.6301862;5748.39385;264.4064392;4;OR_C1;13797;187.57;14427;46.12;17457;71.95;16494;28.08;0;0
7c94t9elp9c3;380;3;1;12;1061011;645693;1;1061;2182.1;Powiat m. £Ûdü;292.8501406;1049.525352;358.3830796;4.03;2296;784.0187459;763.4;260.6794036;11060.95797;6826.706303;12;OR_C1;4911;67.22;5705;18.27;6417;37.22;5866;17.82;;0
7de2vma2xvh3;381;3;1;17;1012142;4735;3;1012;72.5;Powiat radomszczaÒski;1441.229323;125.7545581;8.725506492;2.07;833;57.79788039;1190.9;82.63084725;5155.598929;351.9768498;1;OR_C1;22942;310.28;24871;74.63;;;26370;26.15;1;0
7dv6llr6zbx3;382;3;1;16;1061011;645693;1;1061;2182.1;Powiat m. £Ûdü;292.8501406;1049.525352;358.3830796;4.03;2296;784.0187459;763.4;260.6794036;6825.153418;2325.589667;2;OR_C1;5487;74.37;5609;18.7;7250;49.25;8467;15.25;1;0
7hr22ben944c;383;3;0;16;1006082;5811;3;1006;151;Powiat ≥Ûdzki wschodni;499.1387193;129.2560513;25.89581739;10.7;448;89.75460783;667;133.6301862;5748.39385;264.4064392;4;OR_C1;7331;99.63;7967;26.45;11258;50.18;7312;11.25;;0
7hu39ehn8dx8;384;3;0;14;1063011;45121;2;1063;1295.2;Powiat m. Skierniewice;34.55875472;71.15621041;205.8992316;6.85;187;541.1074604;143;413.788058;12663.86334;4668.23965;5;OR_C1;293;4.27;1039;3.5;293;4.27;1039;2.72;1;0
7kx8gnn6gku6;385;3;0;15;1020044;22023;2;1020;193.4;Powiat zgierski;853.9990645;182.2143352;21.33659658;2.18;888;103.9813785;1106.6;129.5785963;7723.5086;0;0;OR_C1;9654;131.83;11765;36.6;13894;55.98;11018;19.45;0;1
7o2dmi4lho6a;386;3;1;17;1016092;11492;2;1016;106;Powiat tomaszowski;1023.091277;198.4567764;19.39775862;7.99;616;60.20968156;975.8;95.3776092;4970.05896;144.8328213;3;OR_C1;13442;182.03;13318;40.97;20405;548.08;13857;15.72;;0
7o9p4n8nzh93;387;3;1;10;1008052;7656;3;1008;240.6;Powiat pabianicki;491.5247438;135.3532664;27.53742677;4.91;456;92.77254212;567.3;115.4163665;5797.552486;752.7879757;4;OR_C1;6221;85.43;6402;19.33;9615;54.68;5881;10.18;0;0
7p27gdp9zj97;388;3;1;18;1061011;645693;1;1061;2182.1;Powiat m. £Ûdü;292.8501406;1049.525352;358.3830796;4.03;2296;784.0187459;763.4;260.6794036;11532.87888;3506.918817;7;OR_C1;17267;236.23;20643;63.33;;;17139;31.03;;0
7rm48jw6w766;389;3;1;18;1061011;645693;1;1061;2182.1;Powiat m. £Ûdü;292.8501406;1049.525352;358.3830796;4.03;2296;784.0187459;763.4;260.6794036;11604.71875;10827.98871;6;OR_C1;1943;27.27;1981;6.92;2279;15.85;2611;6.9;1;0
7wc7fma2ag77;390;3;1;17;1016062;7146;3;1016;106;Powiat tomaszowski;1023.091277;198.4567764;19.39775862;7.99;616;60.20968156;975.8;95.3776092;4068.116669;73.5026774;1;OR_C1;9770;131.48;10641;32.65;20476;61.3;10438;16.48;1;0
879oxx6war8a;391;3;0;18;1061011;645693;1;1061;2182.1;Powiat m. £Ûdü;292.8501406;1049.525352;358.3830796;4.03;2296;784.0187459;763.4;260.6794036;6844.032282;14190.66673;0;OR_C1;8516;116.38;9079;28.65;10810;70.85;11009;23.05;0;0
8eg9hd9mfm7r;392;3;1;15;1016072;5984;3;1016;106;Powiat tomaszowski;1023.091277;198.4567764;19.39775862;7.99;616;60.20968156;975.8;95.3776092;3425.027828;71.45405789;0;OR_C1;20518;275.92;20610;59.75;60598;110.67;20885;23.48;0;0
8he7ybk732j4;393;3;0;18;1013011;15783;2;1013;70;Powiat rawski;645.5332469;90.80383441;14.06648455;4.73;252;39.03749361;647.5;100.3046711;6341.743212;0;0;OR_C1;5113;69.73;5387;17.65;;;7208;7.8;1;0
8j23srv6j7e6;394;3;0;18;1012011;42412;2;1012;72.5;Powiat radomszczaÒski;1441.229323;125.7545581;8.725506492;2.07;833;57.79788039;1190.9;82.63084725;11017.09857;2348.609729;7;OR_C1;4919;67.8;4923;16.08;9261;56;5132;8.23;0;0
8ru6zac4h6bz;395;3;1;14;1008011;19276;2;1008;240.6;Powiat pabianicki;491.5247438;135.3532664;27.53742677;4.91;456;92.77254212;567.3;115.4163665;5595.456756;0;0;OR_C1;7981;109.32;8644;26.15;10183;59.87;9540;19.33;0;0
8ut24lsg7sat;396;3;0;7;1061011;645693;1;1061;2182.1;Powiat m. £Ûdü;292.8501406;1049.525352;358.3830796;4.03;2296;784.0187459;763.4;260.6794036;8163.53138;9021.815222;2;OR_C1;2064;27.8;2210;7.5;2868;18.9;2275;5.05;;0
93buz4udu9m7;397;3;1;16;1020031;52938;2;1020;193.4;Powiat zgierski;853.9990645;182.2143352;21.33659658;2.18;888;103.9813785;1106.6;129.5785963;9119.727001;1304.081742;6;OR_C1;1343;17.83;1343;4.4;1343;17.83;1875;4.23;;0
94ggd4iiy8f7;398;3;0;15;1012011;42412;2;1012;72.5;Powiat radomszczaÒski;1441.229323;125.7545581;8.725506492;2.07;833;57.79788039;1190.9;82.63084725;6643.388115;0;4;OR_C1;2189;29.65;2189;6.32;2189;29.65;2189;4.18;1;0
94jeu24oxi69;399;3;1;17;1012132;4243;3;1012;72.5;Powiat radomszczaÒski;1441.229323;125.7545581;8.725506492;2.07;833;57.79788039;1190.9;82.63084725;5352.295104;0;0;OR_C1;7647;103.98;7647;24.9;;;7647;7.82;0;0
96h7o9if2jh8;400;3;1;18;1061011;645693;1;1061;2182.1;Powiat m. £Ûdü;292.8501406;1049.525352;358.3830796;4.03;2296;784.0187459;763.4;260.6794036;13316.58839;9242.969011;13;OR_C1;4174;58.03;4295;14.9;4280;20.95;4490;15.73;0;0
9mm26obd4ci7;401;3;1;18;1061011;645693;1;1061;2182.1;Powiat m. £Ûdü;292.8501406;1049.525352;358.3830796;4.03;2296;784.0187459;763.4;260.6794036;8123.983199;16783.94954;6;OR_C1;3701;50.18;4101;13.87;3928;22.47;4084;13.33;0;0
4myc3jiy9zca;402;3;0;11;1061011;645693;1;1061;2182.1;Powiat m. £Ûdü;292.8501406;1049.525352;358.3830796;4.03;2296;784.0187459;763.4;260.6794036;12229.60146;10164.31605;10;OR_C1;2224;30.95;2244;8.57;2884;14.25;3749;9.52;1;1
3839epo2inw7;403;3;1;16;1016011;56681;2;1016;106;Powiat tomaszowski;1023.091277;198.4567764;19.39775862;7.99;616;60.20968156;975.8;95.3776092;10761.08346;7275.610273;6;OR_C1;3887;53.55;4651;14.88;8104;31.23;4769;9.5;1;0
72gyl9oi8zxu;404;3;1;17;1010022;4026;3;1010;62.4;Powiat piotrkowski;1426.409646;162.5195004;11.39360638;2.45;896;62.81505476;1306.2;91.57257202;6265.331198;1317.35868;1;OR_C1;9827;133.53;9827;29.73;10452;20.92;9827;9.88;1;0
4r7j47izd969;405;3;1;17;1061011;645693;1;1061;2182.1;Powiat m. £Ûdü;292.8501406;1049.525352;358.3830796;4.03;2296;784.0187459;763.4;260.6794036;6807.680437;2762.822206;4;OR_C1;450;6.27;450;1.68;450;6.27;450;1.6;;0
7j3hiw696yp3;406;3;1;16;1061011;645693;1;1061;2182.1;Powiat m. £Ûdü;292.8501406;1049.525352;358.3830796;4.03;2296;784.0187459;763.4;260.6794036;9947.246742;1459.989709;9;OR_C1;14145;199.83;14872;53.65;15378;74.98;15724;29.37;0;0
2xu3u9cmz6o6;407;3;0;16;1016011;56681;2;1016;106;Powiat tomaszowski;1023.091277;198.4567764;19.39775862;7.99;616;60.20968156;975.8;95.3776092;9259.709222;4805.456299;8;OR_C1;1693;23.48;1701;5.98;1697;13.8;3496;8.47;;0
3h9whv6hwy29;408;3;1;16;1061011;645693;1;1061;2182.1;Powiat m. £Ûdü;292.8501406;1049.525352;358.3830796;4.03;2296;784.0187459;763.4;260.6794036;9182.411974;10922.56924;10;OR_C1;7736;106.28;8017;31.02;9961;52.88;8398;18.48;;0
49os8xsx7oi4;409;3;0;16;1016011;56681;2;1016;106;Powiat tomaszowski;1023.091277;198.4567764;19.39775862;7.99;616;60.20968156;975.8;95.3776092;10570.65097;10739.6991;6;OR_C1;1516;20.73;1568;5.02;2868;18.4;2748;7.92;;0
77l6ahj37zi9;410;3;0;16;1061011;645693;1;1061;2182.1;Powiat m. £Ûdü;292.8501406;1049.525352;358.3830796;4.03;2296;784.0187459;763.4;260.6794036;11707.19358;6415.980739;24;OR_C1;6082;82.58;6676;23.87;6723;37.48;6644;12.55;;0
7atu6vk3oj64;411;3;0;16;1061011;645693;1;1061;2182.1;Powiat m. £Ûdü;292.8501406;1049.525352;358.3830796;4.03;2296;784.0187459;763.4;260.6794036;6433.246761;0;2;OR_C1;15485;212.5;20937;65.73;16634;61.78;18884;29.88;;0
4s77njg9r64i;412;3;0;16;1061011;645693;1;1061;2182.1;Powiat m. £Ûdü;292.8501406;1049.525352;358.3830796;4.03;2296;784.0187459;763.4;260.6794036;15606.31315;10705.90057;11;OR_C1;5721;76.93;6032;23.48;5872;25.28;6463;13.8;0;0
6gd6vfw4r7i4;413;3;0;17;1061011;645693;1;1061;2182.1;Powiat m. £Ûdü;292.8501406;1049.525352;358.3830796;4.03;2296;784.0187459;763.4;260.6794036;9966.539379;11603.25347;0;OR_C1;823;11.82;1018;4;858;9.47;1793;8.4;;0
8akx9i9grz64;414;3;1;16;1016104;1499;3;1016;106;Powiat tomaszowski;1023.091277;198.4567764;19.39775862;7.99;616;60.20968156;975.8;95.3776092;5176.529467;1169.548601;2;OR_C1;10786;146.45;11109;33.67;14333;34.28;11903;14.13;0;0
233k2pxo3ju3;415;3;1;9;1061011;645693;1;1061;2182.1;Powiat m. £Ûdü;292.8501406;1049.525352;358.3830796;4.03;2296;784.0187459;763.4;260.6794036;12439.86945;2324.039028;14;OR_C2;8294;115.62;8611;30.48;9104;47.72;11181;21.62;1;1
26xip874hvx8;416;3;1;18;1061011;645693;1;1061;2182.1;Powiat m. £Ûdü;292.8501406;1049.525352;358.3830796;4.03;2296;784.0187459;763.4;260.6794036;8906.049073;5924.610432;12;OR_C2;2377;31.9;2430;7.62;3096;20.18;2737;9.87;;0
27zbi9vpg3z6;417;3;1;12;1008011;19276;2;1008;240.6;Powiat pabianicki;491.5247438;135.3532664;27.53742677;4.91;456;92.77254212;567.3;115.4163665;5134.879163;0;0;OR_C2;3495;47.58;3536;11.1;3985;25.83;3536;7.37;0;0
2du2axj46el8;418;3;1;16;1016011;56681;2;1016;106;Powiat tomaszowski;1023.091277;198.4567764;19.39775862;7.99;616;60.20968156;975.8;95.3776092;9642.72979;2190.58007;7;OR_C2;18017;244.18;23225;70.28;;;17599;15.1;1;0
2dx8ntr6u3p7;419;3;1;9;1061011;645693;1;1061;2182.1;Powiat m. £Ûdü;292.8501406;1049.525352;358.3830796;4.03;2296;784.0187459;763.4;260.6794036;8275.309989;2702.630823;16;OR_C2;1948;26.88;1947;6.92;2979;17.15;2423;7.37;1;0
2ej7uw8v6437;420;3;1;18;1061011;645693;1;1061;2182.1;Powiat m. £Ûdü;292.8501406;1049.525352;358.3830796;4.03;2296;784.0187459;763.4;260.6794036;8190.114064;1661.024169;23;OR_C2;8049;113.8;8206;30.8;9461;48.38;8208;16.8;1;0
2ko2rum9mxy8;421;3;1;18;1061011;645693;1;1061;2182.1;Powiat m. £Ûdü;292.8501406;1049.525352;358.3830796;4.03;2296;784.0187459;763.4;260.6794036;12417.70073;6971.853989;10;OR_C2;18265;244.93;19346;58.42;19785;45.1;22577;26.07;;0
2o8xhr7k6nrv;422;3;1;14;1061011;645693;1;1061;2182.1;Powiat m. £Ûdü;292.8501406;1049.525352;358.3830796;4.03;2296;784.0187459;763.4;260.6794036;11773.74209;3707.15273;20;OR_C2;1910;26.85;1986;7.57;2114;12.37;2225;9.3;0;0
2rc8zdf4gle9;423;3;0;16;1016112;3065;3;1016;106;Powiat tomaszowski;1023.091277;198.4567764;19.39775862;7.99;616;60.20968156;975.8;95.3776092;5412.936538;0;1;OR_C2;24742;334.27;25008;78.43;;;26916;28.33;0;0
2xk4nas4k249;424;3;1;17;1061011;645693;1;1061;2182.1;Powiat m. £Ûdü;292.8501406;1049.525352;358.3830796;4.03;2296;784.0187459;763.4;260.6794036;10934.81723;5786.509206;12;OR_C2;4587;61.82;4605;15.02;4870;27.55;5625;14.35;1;1
2zir9dn2hgr4;425;3;1;16;1016092;11492;2;1016;106;Powiat tomaszowski;1023.091277;198.4567764;19.39775862;7.99;616;60.20968156;975.8;95.3776092;5066.386004;144.8328213;2;OR_C2;8198;111.7;8521;26.42;13916;383.3;8233;11.52;1;0
36f82lsz2mr6;426;3;1;17;1061011;645693;1;1061;2182.1;Powiat m. £Ûdü;292.8501406;1049.525352;358.3830796;4.03;2296;784.0187459;763.4;260.6794036;10364.50176;2286.406817;6;OR_C2;471;6.32;680;1.95;471;6.32;976;4.5;0;0
3au8rjg8kra3;427;3;0;16;1020045;13380;2;1020;193.4;Powiat zgierski;853.9990645;182.2143352;21.33659658;2.18;888;103.9813785;1106.6;129.5785963;11606.15205;0;1;OR_C2;10060;139.95;10504;33.97;11286;34.75;10498;19.25;0;0
3cp9rp47jfb6;428;3;0;13;1061011;645693;1;1061;2182.1;Powiat m. £Ûdü;292.8501406;1049.525352;358.3830796;4.03;2296;784.0187459;763.4;260.6794036;10185.85035;3326.207838;14;OR_C2;3514;48.17;3998;13.68;3902;25.43;3546;13.4;1;1
3gb3vwm8hlb3;429;3;1;16;1061011;645693;1;1061;2182.1;Powiat m. £Ûdü;292.8501406;1049.525352;358.3830796;4.03;2296;784.0187459;763.4;260.6794036;9834.35267;8148.652897;6;OR_C2;13020;178.07;14053;46.05;14736;69.67;16014;30.57;0;0
3go4fki2ue29;430;3;1;16;1061011;645693;1;1061;2182.1;Powiat m. £Ûdü;292.8501406;1049.525352;358.3830796;4.03;2296;784.0187459;763.4;260.6794036;11344.58041;3413.189673;14;OR_C2;2077;29.03;2435;9.02;2531;19.12;2631;8.17;1;0
3on3hvn42jv3;431;3;0;18;1013011;15783;2;1013;70;Powiat rawski;645.5332469;90.80383441;14.06648455;4.73;252;39.03749361;647.5;100.3046711;9356.730973;0;0;OR_C2;5506;76.2;5454;18.83;;;5812;10.33;1;0
3tg3ibp6zxf3;432;3;1;18;1061011;645693;1;1061;2182.1;Powiat m. £Ûdü;292.8501406;1049.525352;358.3830796;4.03;2296;784.0187459;763.4;260.6794036;8644.531516;9096.997373;2;OR_C2;5098;71.48;5684;18.82;6226;36.23;5825;14.22;0;0
3x6k8mg2fvh6;433;3;0;16;1016092;11492;2;1016;106;Powiat tomaszowski;1023.091277;198.4567764;19.39775862;7.99;616;60.20968156;975.8;95.3776092;6026.822418;0;0;OR_C2;5285;72.45;5427;17.68;6570;28.63;5427;10.9;0;0
3xbe9s3xy8o4;434;3;1;10;1061011;645693;1;1061;2182.1;Powiat m. £Ûdü;292.8501406;1049.525352;358.3830796;4.03;2296;784.0187459;763.4;260.6794036;8576.899613;3397.02132;16;OR_C2;3548;48.88;3790;14.77;4207;29.35;3607;13.02;;0
3y2lsk8l49b4;435;3;0;7;1061011;645693;1;1061;2182.1;Powiat m. £Ûdü;292.8501406;1049.525352;358.3830796;4.03;2296;784.0187459;763.4;260.6794036;10223.57553;11311.05842;6;OR_C2;16165;222.1;17872;57.52;19812;79.17;17814;30.07;0;0
42tsi2klr8a9;436;3;0;12;1061011;645693;1;1061;2182.1;Powiat m. £Ûdü;292.8501406;1049.525352;358.3830796;4.03;2296;784.0187459;763.4;260.6794036;11739.31906;4261.189338;6;OR_C2;4632;64.05;4831;19.83;5374;29.45;4892;13.25;0;0
4af9frv8ctg9;437;3;1;18;1061011;645693;1;1061;2182.1;Powiat m. £Ûdü;292.8501406;1049.525352;358.3830796;4.03;2296;784.0187459;763.4;260.6794036;12495.11962;10407.26663;4;OR_C2;8729;123.75;9174;34.85;9946;40.55;10063;20.88;0;0
4jg2zp2rmh47;438;3;1;16;1061011;645693;1;1061;2182.1;Powiat m. £Ûdü;292.8501406;1049.525352;358.3830796;4.03;2296;784.0187459;763.4;260.6794036;7407.928761;9896.721601;9;OR_C2;12616;173.8;13954;47.23;15470;79.07;16546;28.25;0;0
4tc49psw89d4;440;3;1;17;1001072;8116;3;1001;110.8;Powiat be≥chatowski;966.2626658;198.2751399;20.51979724;14.05;961;99.45535868;943.4;97.63390778;3843.194407;0;2;OR_C2;13786;186.17;14504;44.37;15569;50.75;13846;13.35;;0
4xx4s7jse6n4;441;3;1;16;1020085;9675;3;1020;193.4;Powiat zgierski;853.9990645;182.2143352;21.33659658;2.18;888;103.9813785;1106.6;129.5785963;3359.823334;0;0;OR_C2;16936;232.45;17513;58.83;22322;83.67;19515;29;1;0
6d36nm7pzj86;442;3;1;16;1016032;2069;3;1016;106;Powiat tomaszowski;1023.091277;198.4567764;19.39775862;7.99;616;60.20968156;975.8;95.3776092;4758.173036;0;1;OR_C2;21508;290.13;23485;71.07;;;21823;26.15;1;0
6gl2wtt6zef9;443;3;1;16;1016011;56681;2;1016;106;Powiat tomaszowski;1023.091277;198.4567764;19.39775862;7.99;616;60.20968156;975.8;95.3776092;11960.16849;11001.19645;8;OR_C2;769;9.85;774;1.87;769;9.85;774;1.85;1;0
6pz7mb6nrp99;444;3;1;18;1061011;645693;1;1061;2182.1;Powiat m. £Ûdü;292.8501406;1049.525352;358.3830796;4.03;2296;784.0187459;763.4;260.6794036;12272.17438;10852.56545;6;OR_C2;3454;47.92;3657;12.57;3858;25.78;5229;9.7;1;0
6to2po2ecb69;445;3;0;18;1061011;645693;1;1061;2182.1;Powiat m. £Ûdü;292.8501406;1049.525352;358.3830796;4.03;2296;784.0187459;763.4;260.6794036;8121.147336;10132.2345;9;OR_C2;5012;70.18;5478;19.92;5353;24.82;5141;10.93;0;0
6vd6nsa7bo43;446;3;0;11;1061011;645693;1;1061;2182.1;Powiat m. £Ûdü;292.8501406;1049.525352;358.3830796;4.03;2296;784.0187459;763.4;260.6794036;10334.07983;10701.68234;6;OR_C2;2373;31.42;2407;7.45;2790;26.2;3210;7.5;1;0
6vw884jia7vs;447;3;1;9;1061011;645693;1;1061;2182.1;Powiat m. £Ûdü;292.8501406;1049.525352;358.3830796;4.03;2296;784.0187459;763.4;260.6794036;12680.22482;3722.511044;11;OR_C2;652;8.9;2008;6.87;652;8.9;2551;6.47;0;0
722wv6i8eza8;448;3;1;12;1006082;5811;3;1006;151;Powiat ≥Ûdzki wschodni;499.1387193;129.2560513;25.89581739;10.7;448;89.75460783;667;133.6301862;5748.39385;264.4064392;4;OR_C2;14003;190.9;14768;47.67;18277;75.77;14709;27.07;0;0
72hi2n74vau7;449;3;0;13;1061011;645693;1;1061;2182.1;Powiat m. £Ûdü;292.8501406;1049.525352;358.3830796;4.03;2296;784.0187459;763.4;260.6794036;14949.96648;1511.054291;15;OR_C2;2527;33.93;2980;8.97;2544;16.45;2954;6.48;1;1
7c94t9elp9c3;450;3;1;12;1061011;645693;1;1061;2182.1;Powiat m. £Ûdü;292.8501406;1049.525352;358.3830796;4.03;2296;784.0187459;763.4;260.6794036;11060.95797;6826.706303;12;OR_C2;1345;19.07;1743;6.53;1345;19.07;1721;5.48;;0
7de2vma2xvh3;451;3;1;17;1012142;4735;3;1012;72.5;Powiat radomszczaÒski;1441.229323;125.7545581;8.725506492;2.07;833;57.79788039;1190.9;82.63084725;5155.598929;351.9768498;1;OR_C2;15774;210.58;15774;46.45;;;15774;15.17;1;0
7dv6llr6zbx3;452;3;1;16;1061011;645693;1;1061;2182.1;Powiat m. £Ûdü;292.8501406;1049.525352;358.3830796;4.03;2296;784.0187459;763.4;260.6794036;6825.153418;2325.589667;2;OR_C2;9512;132.95;10436;34.77;15436;80.65;10628;23.7;0;0
7hu39ehn8dx8;453;3;0;14;1063011;45121;2;1063;1295.2;Powiat m. Skierniewice;34.55875472;71.15621041;205.8992316;6.85;187;541.1074604;143;413.788058;12663.86334;4668.23965;5;OR_C2;295;4.28;1042;3.52;295;4.28;1042;2.72;1;0
7kx8gnn6gku6;454;3;0;15;1020044;22023;2;1020;193.4;Powiat zgierski;853.9990645;182.2143352;21.33659658;2.18;888;103.9813785;1106.6;129.5785963;7723.5086;0;0;OR_C2;10658;145.57;13176;42.12;11856;60.12;12520;22.58;0;0
7lv8b2pgg6s6;455;3;0;13;1061011;645693;1;1061;2182.1;Powiat m. £Ûdü;292.8501406;1049.525352;358.3830796;4.03;2296;784.0187459;763.4;260.6794036;8931.032738;8699.408424;4;OR_C2;10976;153.65;12685;42.47;16842;89.67;12080;30.73;1;0
7o2dmi4lho6a;456;3;1;17;1016092;11492;2;1016;106;Powiat tomaszowski;1023.091277;198.4567764;19.39775862;7.99;616;60.20968156;975.8;95.3776092;4970.05896;144.8328213;3;OR_C2;6336;86.02;6336;19.87;10703;366.32;8030;8.13;;0
7o9p4n8nzh93;457;3;1;10;1008052;7656;3;1008;240.6;Powiat pabianicki;491.5247438;135.3532664;27.53742677;4.91;456;92.77254212;567.3;115.4163665;5797.552486;752.7879757;4;OR_C2;3172;43.77;3335;11;3773;24.73;3318;5.55;0;0
7p27gdp9zj97;458;3;1;18;1061011;645693;1;1061;2182.1;Powiat m. £Ûdü;292.8501406;1049.525352;358.3830796;4.03;2296;784.0187459;763.4;260.6794036;11532.87888;3506.918817;7;OR_C2;7604;106.58;8172;28.18;10512;50.85;10298;25.18;0;0
7rm48jw6w766;459;3;1;18;1061011;645693;1;1061;2182.1;Powiat m. £Ûdü;292.8501406;1049.525352;358.3830796;4.03;2296;784.0187459;763.4;260.6794036;11604.71875;10827.98871;6;OR_C2;4025;56.5;4362;15.47;4718;25.38;4496;10.38;0;0
7wc7fma2ag77;460;3;1;17;1016062;7146;3;1016;106;Powiat tomaszowski;1023.091277;198.4567764;19.39775862;7.99;616;60.20968156;975.8;95.3776092;4068.116669;73.5026774;1;OR_C2;9093;122.45;9733;29.32;21202;67.42;9415;13.45;1;0
879oxx6war8a;461;3;0;18;1061011;645693;1;1061;2182.1;Powiat m. £Ûdü;292.8501406;1049.525352;358.3830796;4.03;2296;784.0187459;763.4;260.6794036;6844.032282;14190.66673;0;OR_C2;7602;104.2;8246;27.7;9391;47.58;8866;23.82;0;0
8eg9hd9mfm7r;462;3;1;15;1016072;5984;3;1016;106;Powiat tomaszowski;1023.091277;198.4567764;19.39775862;7.99;616;60.20968156;975.8;95.3776092;3425.027828;71.45405789;0;OR_C2;23469;317.67;23875;70.87;67050;124.87;24250;29.22;0;0
8he7ybk732j4;463;3;0;18;1013011;15783;2;1013;70;Powiat rawski;645.5332469;90.80383441;14.06648455;4.73;252;39.03749361;647.5;100.3046711;6341.743212;0;0;OR_C2;4176;57.43;4479;15.65;4176;57.43;7230;8.23;0;0
8j23srv6j7e6;464;3;0;18;1012011;42412;2;1012;72.5;Powiat radomszczaÒski;1441.229323;125.7545581;8.725506492;2.07;833;57.79788039;1190.9;82.63084725;11017.09857;2348.609729;7;OR_C2;1329;17.87;1445;4.65;1329;17.87;1946;4.23;1;0
8ru6zac4h6bz;465;3;1;14;1008011;19276;2;1008;240.6;Powiat pabianicki;491.5247438;135.3532664;27.53742677;4.91;456;92.77254212;567.3;115.4163665;5595.456756;0;0;OR_C2;3;0.03;3;0;3;0.03;3;0;0;0
94ggd4iiy8f7;466;3;0;15;1012011;42412;2;1012;72.5;Powiat radomszczaÒski;1441.229323;125.7545581;8.725506492;2.07;833;57.79788039;1190.9;82.63084725;6643.388115;0;4;OR_C2;1834;24.85;2704;8.8;1834;24.85;2379;4.82;1;0
96h7o9if2jh8;467;3;1;18;1061011;645693;1;1061;2182.1;Powiat m. £Ûdü;292.8501406;1049.525352;358.3830796;4.03;2296;784.0187459;763.4;260.6794036;13316.58839;9242.969011;13;OR_C2;4737;66.9;5368;21.85;8721;39.92;6513;12.38;;0
98an97hyj4u3;468;3;1;18;1016104;1499;3;1016;106;Powiat tomaszowski;1023.091277;198.4567764;19.39775862;7.99;616;60.20968156;975.8;95.3776092;6204.480806;3363.612962;2;OR_C2;41222;560.85;42314;132.92;51499;139.82;45893;50.83;1;0
9mm26obd4ci7;469;3;1;18;1061011;645693;1;1061;2182.1;Powiat m. £Ûdü;292.8501406;1049.525352;358.3830796;4.03;2296;784.0187459;763.4;260.6794036;8123.983199;16783.94954;6;OR_C2;2749;36.62;3097;9.75;3077;15.45;3163;9.37;0;0
3839epo2inw7;470;3;1;16;1016011;56681;2;1016;106;Powiat tomaszowski;1023.091277;198.4567764;19.39775862;7.99;616;60.20968156;975.8;95.3776092;10761.08346;7275.610273;6;OR_C2;1963;26.47;2368;7.37;3181;17.27;2321;5.13;1;0
72gyl9oi8zxu;471;3;1;17;1010022;4026;3;1010;62.4;Powiat piotrkowski;1426.409646;162.5195004;11.39360638;2.45;896;62.81505476;1306.2;91.57257202;6265.331198;1317.35868;1;OR_C2;16413;222.88;17629;52.9;65468;152.78;17037;19.95;0;0
4r7j47izd969;472;3;1;17;1061011;645693;1;1061;2182.1;Powiat m. £Ûdü;292.8501406;1049.525352;358.3830796;4.03;2296;784.0187459;763.4;260.6794036;6807.680437;2762.822206;4;OR_C2;8643;118.18;9523;34.9;9792;40.75;9447;17.35;;0
7j3hiw696yp3;473;3;1;16;1061011;645693;1;1061;2182.1;Powiat m. £Ûdü;292.8501406;1049.525352;358.3830796;4.03;2296;784.0187459;763.4;260.6794036;9947.246742;1459.989709;9;OR_C2;4392;60.98;4834;17.18;4590;26.98;4937;10.68;1;0
2xu3u9cmz6o6;474;3;0;16;1016011;56681;2;1016;106;Powiat tomaszowski;1023.091277;198.4567764;19.39775862;7.99;616;60.20968156;975.8;95.3776092;9259.709222;4805.456299;8;OR_C2;2264;30.6;2264;6.9;4991;25.75;2264;4.42;;0
3h9whv6hwy29;475;3;1;16;1061011;645693;1;1061;2182.1;Powiat m. £Ûdü;292.8501406;1049.525352;358.3830796;4.03;2296;784.0187459;763.4;260.6794036;9182.411974;10922.56924;10;OR_C2;7530;103.58;8281;29.03;8227;41.87;8994;26.62;0;0
49os8xsx7oi4;476;3;0;16;1016011;56681;2;1016;106;Powiat tomaszowski;1023.091277;198.4567764;19.39775862;7.99;616;60.20968156;975.8;95.3776092;10570.65097;10739.6991;6;OR_C2;1237;16.23;1237;4.57;1593;12.27;1505;4.88;;0
7atu6vk3oj64;477;3;0;16;1061011;645693;1;1061;2182.1;Powiat m. £Ûdü;292.8501406;1049.525352;358.3830796;4.03;2296;784.0187459;763.4;260.6794036;6433.246761;0;2;OR_C2;14720;202.37;17716;52.22;16949;58.65;16475;25.82;;0
4s77njg9r64i;478;3;0;16;1061011;645693;1;1061;2182.1;Powiat m. £Ûdü;292.8501406;1049.525352;358.3830796;4.03;2296;784.0187459;763.4;260.6794036;15606.31315;10705.90057;11;OR_C2;7689;103.15;8522;27.8;10615;44.82;9234;22.47;0;0
8akx9i9grz64;479;3;1;16;1016104;1499;3;1016;106;Powiat tomaszowski;1023.091277;198.4567764;19.39775862;7.99;616;60.20968156;975.8;95.3776092;5176.529467;1169.548601;2;OR_C2;10521;142.92;10926;33.68;13774;31.1;12396;15.62;0;0
9uk9pp7smb64;480;3;0;11;1061011;645693;1;1061;2182.1;Powiat m. £Ûdü;292.8501406;1049.525352;358.3830796;4.03;2296;784.0187459;763.4;260.6794036;6376.283067;15756.69428;0;OR_N2;181;0.97;148;1.22;148;2.02;181;0.97;0;0
9uk9pp7smb64;481;3;0;11;1061011;645693;1;1061;2182.1;Powiat m. £Ûdü;292.8501406;1049.525352;358.3830796;4.03;2296;784.0187459;763.4;260.6794036;6376.283067;15756.69428;0;OR_N1;202;1.02;242;1.72;242;3.12;202;1.02;;0
224ufg3bxo49;482;3;;;1061011;645693;1;1061;2182.1;Powiat m. £Ûdü;292.8501406;1049.525352;358.3830796;4.03;2296;784.0187459;763.4;260.6794036;;;;OR_C1;;;;;;;;;;0
233k2pxo3ju3;1;4;1;9;1061011;645693;1;1061;2182.1;Powiat m. £Ûdü;292.8501406;1049.525352;358.3830796;4.03;2296;784.0187459;763.4;260.6794036;12439.86945;2324.039028;14;S;3014;42.3;3140;12;3849;20.47;3147;12.88;1;0
26xip874hvx8;2;4;1;18;1061011;645693;1;1061;2182.1;Powiat m. £Ûdü;292.8501406;1049.525352;358.3830796;4.03;2296;784.0187459;763.4;260.6794036;8906.049073;5924.610432;12;S;344;4.65;344;0.93;344;4.65;344;1.97;0;0
27zbi9vpg3z6;3;4;1;12;1008011;19276;2;1008;240.6;Powiat pabianicki;491.5247438;135.3532664;27.53742677;4.91;456;92.77254212;567.3;115.4163665;5134.879163;0;0;S;7986;109.62;8579;26.23;10004;56.43;9510;19.23;;0
2979hck27rkh;4;4;;7;1061011;645693;1;1061;2182.1;Powiat m. £Ûdü;292.8501406;1049.525352;358.3830796;4.03;2296;784.0187459;763.4;260.6794036;8234.449081;2452.280035;4;S;74;1.12;74;0.22;74;1.12;74;0.27;;0
9uk9pp7smb64;5;4;0;11;1061011;645693;1;1061;2182.1;Powiat m. £Ûdü;292.8501406;1049.525352;358.3830796;4.03;2296;784.0187459;763.4;260.6794036;6376.283067;15756.69428;0;S;1138;5.45;896;3.03;680;8.85;1138;5.45;0;0
2du2axj46el8;6;4;1;16;1016011;56681;2;1016;106;Powiat tomaszowski;1023.091277;198.4567764;19.39775862;7.99;616;60.20968156;975.8;95.3776092;9642.72979;2190.58007;7;S;1580;22.78;2003;8.45;2558;22.33;2028;4.18;1;0
2dx8ntr6u3p7;7;4;1;9;1061011;645693;1;1061;2182.1;Powiat m. £Ûdü;292.8501406;1049.525352;358.3830796;4.03;2296;784.0187459;763.4;260.6794036;8275.309989;2702.630823;16;S;1206;16.8;1206;4.48;1214;13.52;1206;5.12;0;0
2ej7uw8v6437;8;4;1;18;1061011;645693;1;1061;2182.1;Powiat m. £Ûdü;292.8501406;1049.525352;358.3830796;4.03;2296;784.0187459;763.4;260.6794036;8190.114064;1661.024169;23;S;3218;44.85;3225;12.35;4131;24.53;3453;11.52;0;0
2ko2rum9mxy8;9;4;1;18;1061011;645693;1;1061;2182.1;Powiat m. £Ûdü;292.8501406;1049.525352;358.3830796;4.03;2296;784.0187459;763.4;260.6794036;12417.70073;6971.853989;10;S;4355;59.32;4728;14;7061;28.43;4837;9.55;0;0
2n3k6ghy89c7;10;4;0;12;1061011;645693;1;1061;2182.1;Powiat m. £Ûdü;292.8501406;1049.525352;358.3830796;4.03;2296;784.0187459;763.4;260.6794036;9056.95102;2469.217016;16;S;1017;14.3;1017;3.43;1024;11;1017;4.12;0;0
2o8xhr7k6nrv;11;4;1;14;1061011;645693;1;1061;2182.1;Powiat m. £Ûdü;292.8501406;1049.525352;358.3830796;4.03;2296;784.0187459;763.4;260.6794036;11773.74209;3707.15273;20;S;3538;48.72;3505;12.52;3904;22.6;3505;13.83;1;0
2rc8zdf4gle9;12;4;0;16;1016112;3065;3;1016;106;Powiat tomaszowski;1023.091277;198.4567764;19.39775862;7.99;616;60.20968156;975.8;95.3776092;5412.936538;0;1;S;24571;331.57;26814;82.8;;;26652;27.62;0;0
2x3fcu99cxl9;13;4;1;16;1020031;52938;2;1020;193.4;Powiat zgierski;853.9990645;182.2143352;21.33659658;2.18;888;103.9813785;1106.6;129.5785963;8461.368515;0;2;S;1532;21.7;1532;5.3;1532;21.7;1532;3.13;0;0
2xe7r3dr364v;14;4;0;11;1010022;4026;3;1010;62.4;Powiat piotrkowski;1426.409646;162.5195004;11.39360638;2.45;896;62.81505476;1306.2;91.57257202;5822.150752;0;1;S;3245;44.65;3245;10.53;3245;44.65;3245;3.75;1;0
2xk4nas4k249;15;4;1;17;1061011;645693;1;1061;2182.1;Powiat m. £Ûdü;292.8501406;1049.525352;358.3830796;4.03;2296;784.0187459;763.4;260.6794036;10934.81723;5786.509206;12;S;94;1.38;150;0.53;94;1.38;94;0.5;0;0
2y84pei3u444;16;4;1;18;1061011;645693;1;1061;2182.1;Powiat m. £Ûdü;292.8501406;1049.525352;358.3830796;4.03;2296;784.0187459;763.4;260.6794036;11872.19813;8321.121911;14;S;6236;84.97;6619;21.28;6338;40.05;6741;14.9;;0
2zir9dn2hgr4;17;4;1;16;1016092;11492;2;1016;106;Powiat tomaszowski;1023.091277;198.4567764;19.39775862;7.99;616;60.20968156;975.8;95.3776092;5066.386004;144.8328213;2;S;6518;89.2;6326;20.57;11471;365.97;6326;8.87;0;0
36f82lsz2mr6;18;4;1;17;1061011;645693;1;1061;2182.1;Powiat m. £Ûdü;292.8501406;1049.525352;358.3830796;4.03;2296;784.0187459;763.4;260.6794036;10364.50176;2286.406817;6;S;6149;83.87;6365;19.88;6701;34.65;7614;15.52;0;0
39lbr4j87h93;19;4;1;18;1063011;45121;2;1063;1295.2;Powiat m. Skierniewice;34.55875472;71.15621041;205.8992316;6.85;187;541.1074604;143;413.788058;6342.540928;8301.592858;4;S;56468;767.63;62312;194.92;71661;70.65;74223;60.8;;0
3au8rjg8kra3;20;4;0;16;1020045;13380;2;1020;193.4;Powiat zgierski;853.9990645;182.2143352;21.33659658;2.18;888;103.9813785;1106.6;129.5785963;11606.15205;0;1;S;12928;183;14896;51.13;17839;68.83;16450;30.38;1;0
3cp9rp47jfb6;21;4;0;13;1061011;645693;1;1061;2182.1;Powiat m. £Ûdü;292.8501406;1049.525352;358.3830796;4.03;2296;784.0187459;763.4;260.6794036;10185.85035;3326.207838;14;S;4968;68.13;5524;22.95;6088;34.2;5958;13.77;0;0
3gb3vwm8hlb3;22;4;1;16;1061011;645693;1;1061;2182.1;Powiat m. £Ûdü;292.8501406;1049.525352;358.3830796;4.03;2296;784.0187459;763.4;260.6794036;9834.35267;8148.652897;6;S;6269;86.42;6645;22.72;7854;45.25;6570;17.67;0;0
3go4fki2ue29;23;4;1;16;1061011;645693;1;1061;2182.1;Powiat m. £Ûdü;292.8501406;1049.525352;358.3830796;4.03;2296;784.0187459;763.4;260.6794036;11344.58041;3413.189673;14;S;1391;19.77;1602;6.62;1660;11.83;1849;6.43;0;0
3ht6stl64x34;24;4;1;17;1016011;56681;2;1016;106;Powiat tomaszowski;1023.091277;198.4567764;19.39775862;7.99;616;60.20968156;975.8;95.3776092;9051.691328;5190.352661;9;S;1549;21.87;1749;7.48;1549;21.87;1807;3.78;1;0
3im9px4hj33i;25;4;1;18;1008011;19276;2;1008;240.6;Powiat pabianicki;491.5247438;135.3532664;27.53742677;4.91;456;92.77254212;567.3;115.4163665;7264.93626;2105.578367;5;S;13633;191;14050;48.67;18808;68.13;15170;26.65;0;0
3j9irh9sxs33;26;4;1;17;1061011;645693;1;1061;2182.1;Powiat m. £Ûdü;292.8501406;1049.525352;358.3830796;4.03;2296;784.0187459;763.4;260.6794036;11022.37966;134.7830001;7;S;7244;103.08;7524;26.7;9535;52.75;7684;19.67;0;0
3on3hvn42jv3;27;4;0;18;1013011;15783;2;1013;70;Powiat rawski;645.5332469;90.80383441;14.06648455;4.73;252;39.03749361;647.5;100.3046711;9356.730973;0;0;S;2233;30.72;2181;7.48;2233;30.72;2181;4.48;1;0
3szp6akh7ww3;28;4;1;17;1008021;59910;2;1008;240.6;Powiat pabianicki;491.5247438;135.3532664;27.53742677;4.91;456;92.77254212;567.3;115.4163665;10575.06863;2623.485497;11;S;750;10.18;750;2.13;750;10.18;750;1.8;0;0
3tg3ibp6zxf3;29;4;1;18;1061011;645693;1;1061;2182.1;Powiat m. £Ûdü;292.8501406;1049.525352;358.3830796;4.03;2296;784.0187459;763.4;260.6794036;8644.531516;9096.997373;2;S;3516;49.23;4277;14.05;4573;30.15;4871;12;0;0
3x6k8mg2fvh6;31;4;0;16;1016092;11492;2;1016;106;Powiat tomaszowski;1023.091277;198.4567764;19.39775862;7.99;616;60.20968156;975.8;95.3776092;6026.822418;0;0;S;4510;61.35;4842;14.63;5409;27.08;4978;8.8;0;0
3xbe9s3xy8o4;32;4;1;10;1061011;645693;1;1061;2182.1;Powiat m. £Ûdü;292.8501406;1049.525352;358.3830796;4.03;2296;784.0187459;763.4;260.6794036;8576.899613;3397.02132;16;S;5385;76.23;6276;21.92;6631;42.88;6214;16.05;0;0
3y2lsk8l49b4;33;4;0;7;1061011;645693;1;1061;2182.1;Powiat m. £Ûdü;292.8501406;1049.525352;358.3830796;4.03;2296;784.0187459;763.4;260.6794036;10223.57553;11311.05842;6;S;1268;17.43;1268;4.43;1290;13.07;2018;4.53;0;0
3z4f7gi3w7xe;34;4;0;15;1061011;645693;1;1061;2182.1;Powiat m. £Ûdü;292.8501406;1049.525352;358.3830796;4.03;2296;784.0187459;763.4;260.6794036;7027.07254;7622.31247;9;S;2933;41.17;3200;11.3;2927;15.38;3435;7;0;0
42srw7uo87m7;35;4;1;17;1009052;4876;3;1009;59.1;Powiat pajÍczaÒski;803.0385073;66.0912157;8.230142776;16.28;280;34.8675683;627.1;78.09090029;3590.790245;0;3;S;13521;180.97;13521;40.6;23871;40.47;13521;11.93;0;0
42tsi2klr8a9;36;4;0;12;1061011;645693;1;1061;2182.1;Powiat m. £Ûdü;292.8501406;1049.525352;358.3830796;4.03;2296;784.0187459;763.4;260.6794036;11739.31906;4261.189338;6;S;2694;36.68;2732;8.97;3328;18.67;3085;7.4;0;0
476pyf7mzi93;37;4;1;16;1020011;12956;2;1020;193.4;Powiat zgierski;853.9990645;182.2143352;21.33659658;2.18;888;103.9813785;1106.6;129.5785963;3277.529619;378.8529425;0;S;34851;480.68;42486;138.1;42534;97.5;36393;47.47;1;1
47gw3dym2wp3;38;4;0;11;1061011;645693;1;1061;2182.1;Powiat m. £Ûdü;292.8501406;1049.525352;358.3830796;4.03;2296;784.0187459;763.4;260.6794036;13279.58359;4874.043571;10;S;136;1.82;136;0.35;136;1.82;136;0.52;0;0
48rka8fno834;39;4;1;17;1001072;8116;3;1001;110.8;Powiat be≥chatowski;966.2626658;198.2751399;20.51979724;14.05;961;99.45535868;943.4;97.63390778;6150.382231;0;2;S;306;4.18;306;2.8;306;4.18;306;1.38;0;0
4a9gl6njo9uk;40;4;0;18;1020011;12956;2;1020;193.4;Powiat zgierski;853.9990645;182.2143352;21.33659658;2.18;888;103.9813785;1106.6;129.5785963;4850.81326;62.99420572;0;S;29518;407.67;37786;120.3;46765;99.62;30014;37.33;0;0
4af9frv8ctg9;41;4;1;18;1061011;645693;1;1061;2182.1;Powiat m. £Ûdü;292.8501406;1049.525352;358.3830796;4.03;2296;784.0187459;763.4;260.6794036;12495.11962;10407.26663;4;S;6255;87.93;6528;24.88;7573;35.53;7345;18.65;0;0
4an62jin83w9;42;4;1;16;1061011;645693;1;1061;2182.1;Powiat m. £Ûdü;292.8501406;1049.525352;358.3830796;4.03;2296;784.0187459;763.4;260.6794036;11319.27252;11284.2932;6;S;1552;21.43;1983;7.27;1806;8.03;3441;7.43;1;0
4bu4ne3uhm37;43;4;1;17;1001072;8116;3;1001;110.8;Powiat be≥chatowski;966.2626658;198.2751399;20.51979724;14.05;961;99.45535868;943.4;97.63390778;5919.398048;1192.876914;0;S;1560;21.47;1560;5.92;1560;21.47;1571;3.12;0;0
4gl76grn83n8;44;4;0;16;1061011;645693;1;1061;2182.1;Powiat m. £Ûdü;292.8501406;1049.525352;358.3830796;4.03;2296;784.0187459;763.4;260.6794036;6808.29605;12735.12437;9;S;89196;1209.53;95692;293.37;113682;138.57;98746;75.12;0;0
4hl4hw7kfg49;45;4;1;10;1061011;645693;1;1061;2182.1;Powiat m. £Ûdü;292.8501406;1049.525352;358.3830796;4.03;2296;784.0187459;763.4;260.6794036;11372.90748;6329.051118;2;S;499;6.93;499;1.48;499;6.93;620;3.03;0;0
4j7xjz2w3fr4;46;4;1;13;1061011;645693;1;1061;2182.1;Powiat m. £Ûdü;292.8501406;1049.525352;358.3830796;4.03;2296;784.0187459;763.4;260.6794036;9675.510758;1637.468546;2;S;4145;57.42;4881;16.58;5102;24;4777;10.92;0;0
4jg2zp2rmh47;47;4;1;16;1061011;645693;1;1061;2182.1;Powiat m. £Ûdü;292.8501406;1049.525352;358.3830796;4.03;2296;784.0187459;763.4;260.6794036;7407.928761;9896.721601;9;S;6464;90.97;7396;27.05;7310;42.22;8105;17.97;0;0
4k4ybe27u723;49;4;1;16;1012022;4621;3;1012;72.5;Powiat radomszczaÒski;1441.229323;125.7545581;8.725506492;2.07;833;57.79788039;1190.9;82.63084725;7717.209254;84.46199513;1;S;5623;75;5623;16.68;21772;140.78;5636;7.2;0;0
4tc49psw89d4;50;4;1;17;1001072;8116;3;1001;110.8;Powiat be≥chatowski;966.2626658;198.2751399;20.51979724;14.05;961;99.45535868;943.4;97.63390778;3843.194407;0;2;S;4482;60.38;4563;14.6;5494;16.57;4563;5.37;0;0
4xx4s7jse6n4;51;4;1;16;1020085;9675;3;1020;193.4;Powiat zgierski;853.9990645;182.2143352;21.33659658;2.18;888;103.9813785;1106.6;129.5785963;3359.823334;0;0;S;11455;157.85;12651;43.72;12124;38.68;11897;16.48;1;0
4zh87sa8kbc6;52;4;1;18;1061011;645693;1;1061;2182.1;Powiat m. £Ûdü;292.8501406;1049.525352;358.3830796;4.03;2296;784.0187459;763.4;260.6794036;5802.245796;655.8743772;2;S;7390;101.82;7918;26.33;10041;45.38;7814;14.45;0;0
4zm8obt2xcd4;53;4;1;17;1016011;56681;2;1016;106;Powiat tomaszowski;1023.091277;198.4567764;19.39775862;7.99;616;60.20968156;975.8;95.3776092;6864.022174;46.23310951;4;S;4095;56.3;4306;14.52;7620;25.13;4424;7.9;0;0
622nvb4dbl76;54;4;1;18;1061011;645693;1;1061;2182.1;Powiat m. £Ûdü;292.8501406;1049.525352;358.3830796;4.03;2296;784.0187459;763.4;260.6794036;12042.24721;11524.08415;7;S;2190;30.3;2534;9.23;2491;13.08;2319;7.57;0;0
62pbm94hiy37;55;4;1;16;1016062;7146;3;1016;106;Powiat tomaszowski;1023.091277;198.4567764;19.39775862;7.99;616;60.20968156;975.8;95.3776092;6859.291174;0;4;S;4149;57.23;4266;16.12;7929;20.58;4276;7.15;0;0
63fi6clb6326;56;4;1;17;1012011;42412;2;1012;72.5;Powiat radomszczaÒski;1441.229323;125.7545581;8.725506492;2.07;833;57.79788039;1190.9;82.63084725;9459.872748;115.0943562;3;S;2494;35.37;2994;11.47;2494;35.37;2603;5.82;0;0
67jso9gjh6jf;57;4;0;15;1016072;5984;3;1016;106;Powiat tomaszowski;1023.091277;198.4567764;19.39775862;7.99;616;60.20968156;975.8;95.3776092;7422.970363;1227.860659;4;S;27247;370.72;28102;85.32;37463;78.75;28029;39.82;1;1
68uzd7gvw2o4;58;4;1;14;1061011;645693;1;1061;2182.1;Powiat m. £Ûdü;292.8501406;1049.525352;358.3830796;4.03;2296;784.0187459;763.4;260.6794036;11849.6004;3619.541545;19;S;3591;49.43;3558;12.67;3957;23.32;3558;14.17;1;0
6d36nm7pzj86;59;4;1;16;1016032;2069;3;1016;106;Powiat tomaszowski;1023.091277;198.4567764;19.39775862;7.99;616;60.20968156;975.8;95.3776092;4758.173036;0;1;S;18905;254.62;20988;64.02;;;20875;22.12;;0
6gl2wtt6zef9;60;4;1;16;1016011;56681;2;1016;106;Powiat tomaszowski;1023.091277;198.4567764;19.39775862;7.99;616;60.20968156;975.8;95.3776092;11960.16849;11001.19645;8;S;1022;13.88;1204;3.53;1022;13.88;1388;3.22;0;0
6hx2yg9sv774;61;4;1;13;1061011;645693;1;1061;2182.1;Powiat m. £Ûdü;292.8501406;1049.525352;358.3830796;4.03;2296;784.0187459;763.4;260.6794036;12274.89621;7306.47684;8;S;353;4.78;353;0.97;353;4.78;325;1.92;1;0
6k499kz2gx99;62;4;1;18;1016072;5984;3;1016;106;Powiat tomaszowski;1023.091277;198.4567764;19.39775862;7.99;616;60.20968156;975.8;95.3776092;4807.81025;1101.43564;4;S;27668;377.27;28971;87.4;39092;95.92;28406;37.35;0;1
6ki3s8kdc7f8;63;4;1;18;1020044;22023;2;1020;193.4;Powiat zgierski;853.9990645;182.2143352;21.33659658;2.18;888;103.9813785;1106.6;129.5785963;8016.165447;0;0;S;5358;73.4;5820;18.3;9253;38.85;5478;8.62;1;0
6pz7mb6nrp99;64;4;1;18;1061011;645693;1;1061;2182.1;Powiat m. £Ûdü;292.8501406;1049.525352;358.3830796;4.03;2296;784.0187459;763.4;260.6794036;12272.17438;10852.56545;6;S;2128;29.52;2604;9.58;2407;11.95;2365;7.45;1;0
6rzb33d28el6;65;4;0;18;1013011;15783;2;1013;70;Powiat rawski;645.5332469;90.80383441;14.06648455;4.73;252;39.03749361;647.5;100.3046711;6405.453483;0;0;S;2356;31.87;2356;7.57;2356;31.87;2651;4.4;1;0
6s9dlj6zni43;66;4;1;14;1061011;645693;1;1061;2182.1;Powiat m. £Ûdü;292.8501406;1049.525352;358.3830796;4.03;2296;784.0187459;763.4;260.6794036;9606.731195;2915.68441;15;S;1714;23.33;1714;6.62;1726;17.07;1714;6.35;1;0
6t2ngt39uuw9;67;4;1;17;1001062;4749;3;1001;110.8;Powiat be≥chatowski;966.2626658;198.2751399;20.51979724;14.05;961;99.45535868;943.4;97.63390778;6347.723363;347.6512596;2;S;7806;104.93;10798;31.67;;;7806;6.53;0;0
6to2po2ecb69;68;4;0;18;1061011;645693;1;1061;2182.1;Powiat m. £Ûdü;292.8501406;1049.525352;358.3830796;4.03;2296;784.0187459;763.4;260.6794036;8121.147336;10132.2345;9;S;8905;125.4;9976;35.13;10719;43.95;10423;21.57;0;0
6vd6nsa7bo43;69;4;0;11;1061011;645693;1;1061;2182.1;Powiat m. £Ûdü;292.8501406;1049.525352;358.3830796;4.03;2296;784.0187459;763.4;260.6794036;10334.07983;10701.68234;6;S;1274;17.05;1387;4.55;1918;14.17;4009;9.38;0;0
6vw884jia7vs;70;4;1;9;1061011;645693;1;1061;2182.1;Powiat m. £Ûdü;292.8501406;1049.525352;358.3830796;4.03;2296;784.0187459;763.4;260.6794036;12680.22482;3722.511044;11;S;6;0.08;6;0.02;6;0.08;6;0.02;0;0
6wp6de7cbt83;71;4;1;17;1001072;8116;3;1001;110.8;Powiat be≥chatowski;966.2626658;198.2751399;20.51979724;14.05;961;99.45535868;943.4;97.63390778;7634.098779;0;2;S;9;0.12;9;0.03;9;0.12;9;0.02;0;0
722wv6i8eza8;72;4;1;12;1006082;5811;3;1006;151;Powiat ≥Ûdzki wschodni;499.1387193;129.2560513;25.89581739;10.7;448;89.75460783;667;133.6301862;5748.39385;264.4064392;4;S;5494;75.48;5521;18.33;6007;21.9;5501;8.47;0;0
72hi2n74vau7;73;4;0;13;1061011;645693;1;1061;2182.1;Powiat m. £Ûdü;292.8501406;1049.525352;358.3830796;4.03;2296;784.0187459;763.4;260.6794036;14949.96648;1511.054291;15;S;1505;20.7;1639;6;2143;13.6;1577;3.78;0;0
73ayd2h7seb3;74;4;1;16;1012042;5606;3;1012;72.5;Powiat radomszczaÒski;1441.229323;125.7545581;8.725506492;2.07;833;57.79788039;1190.9;82.63084725;5958.68693;2184.950857;1;S;14298;195.73;16635;55.12;14889;67.5;14311;19.63;0;0
74wis3tyl8y6;75;4;1;15;1061011;645693;1;1061;2182.1;Powiat m. £Ûdü;292.8501406;1049.525352;358.3830796;4.03;2296;784.0187459;763.4;260.6794036;8339.263574;5184.172472;9;S;8624;120.52;9363;33.02;10033;42.93;13036;23.12;1;0
76gwi6kye8n9;76;4;0;16;1017054;1332;3;1017;77.1;Powiat wieluÒski;924.9576466;121.9433161;13.18366485;5.58;548;59.24595597;873.6;94.44756776;8685.075103;572.5291402;2;S;22055;299.08;27348;82.85;;;24994;20.78;0;0
7c94t9elp9c3;77;4;1;12;1061011;645693;1;1061;2182.1;Powiat m. £Ûdü;292.8501406;1049.525352;358.3830796;4.03;2296;784.0187459;763.4;260.6794036;11060.95797;6826.706303;12;S;898;12.1;1088;3.13;898;12.1;1060;4;0;0
7de2vma2xvh3;78;4;1;17;1012142;4735;3;1012;72.5;Powiat radomszczaÒski;1441.229323;125.7545581;8.725506492;2.07;833;57.79788039;1190.9;82.63084725;5155.598929;351.9768498;1;S;22509;304.93;24961;74.9;;;25887;25.7;1;0
7dv6llr6zbx3;79;4;1;16;1061011;645693;1;1061;2182.1;Powiat m. £Ûdü;292.8501406;1049.525352;358.3830796;4.03;2296;784.0187459;763.4;260.6794036;6825.153418;2325.589667;2;S;2024;27.68;2064;7.2;2969;22.78;2793;5.58;0;0
7gb6uu4lhx49;80;4;0;17;1061011;645693;1;1061;2182.1;Powiat m. £Ûdü;292.8501406;1049.525352;358.3830796;4.03;2296;784.0187459;763.4;260.6794036;8284.124894;3697.729475;15;S;2259;31.98;2422;9.02;2813;16.13;2982;6.97;1;0
7hr22ben944c;81;4;0;16;1006082;5811;3;1006;151;Powiat ≥Ûdzki wschodni;499.1387193;129.2560513;25.89581739;10.7;448;89.75460783;667;133.6301862;5748.39385;264.4064392;4;S;7754;105.53;8204;25.08;8697;28.92;7748;11.78;0;0
7hu39ehn8dx8;82;4;0;14;1063011;45121;2;1063;1295.2;Powiat m. Skierniewice;34.55875472;71.15621041;205.8992316;6.85;187;541.1074604;143;413.788058;12663.86334;4668.23965;5;S;547;7.53;647;1.95;547;7.53;647;1.98;1;0
7j4npc2k2gf4;83;4;0;13;1061011;645693;1;1061;2182.1;Powiat m. £Ûdü;292.8501406;1049.525352;358.3830796;4.03;2296;784.0187459;763.4;260.6794036;7282.577684;5964.173791;7;S;2765;39.47;3170;12.38;3385;16.7;3804;10.65;0;0
7kx8gnn6gku6;84;4;0;15;1020044;22023;2;1020;193.4;Powiat zgierski;853.9990645;182.2143352;21.33659658;2.18;888;103.9813785;1106.6;129.5785963;7723.5086;0;0;S;12297;171.15;12872;42.63;13389;68.77;13233;26.02;1;0
7lv8b2pgg6s6;85;4;0;13;1061011;645693;1;1061;2182.1;Powiat m. £Ûdü;292.8501406;1049.525352;358.3830796;4.03;2296;784.0187459;763.4;260.6794036;8931.032738;8699.408424;4;S;812;10.57;896;2.27;812;10.57;1860;7.33;0;0
7o2dmi4lho6a;86;4;1;17;1016092;11492;2;1016;106;Powiat tomaszowski;1023.091277;198.4567764;19.39775862;7.99;616;60.20968156;975.8;95.3776092;4970.05896;144.8328213;3;S;6631;90.75;6439;20.88;11585;367.52;6439;9;0;0
7o9p4n8nzh93;87;4;1;10;1008052;7656;3;1008;240.6;Powiat pabianicki;491.5247438;135.3532664;27.53742677;4.91;456;92.77254212;567.3;115.4163665;5797.552486;752.7879757;4;S;2179;30.02;2180;7.63;2179;30.02;2454;4.07;0;0
7p27gdp9zj97;88;4;1;18;1061011;645693;1;1061;2182.1;Powiat m. £Ûdü;292.8501406;1049.525352;358.3830796;4.03;2296;784.0187459;763.4;260.6794036;11532.87888;3506.918817;7;S;4272;59.67;4506;16.45;5311;25.82;4979;11.3;1;0
7pr6zb9uw8k7;89;4;0;18;1012011;42412;2;1012;72.5;Powiat radomszczaÒski;1441.229323;125.7545581;8.725506492;2.07;833;57.79788039;1190.9;82.63084725;10967.05271;2348.609729;7;S;59820;804.9;63477;194.97;;;66300;47.72;1;0
7rm48jw6w766;90;4;1;18;1061011;645693;1;1061;2182.1;Powiat m. £Ûdü;292.8501406;1049.525352;358.3830796;4.03;2296;784.0187459;763.4;260.6794036;11604.71875;10827.98871;6;S;4025;56.75;4308;14.47;8740;37.02;4768;12.43;0;0
7wc7fma2ag77;91;4;1;17;1016062;7146;3;1016;106;Powiat tomaszowski;1023.091277;198.4567764;19.39775862;7.99;616;60.20968156;975.8;95.3776092;4068.116669;73.5026774;1;S;9223;124.47;9898;31.2;21140;66.72;9351;12.82;0;0
83bi7nhl3wm6;92;4;1;17;1061011;645693;1;1061;2182.1;Powiat m. £Ûdü;292.8501406;1049.525352;358.3830796;4.03;2296;784.0187459;763.4;260.6794036;10092.50843;2951.650447;2;S;8186;112.83;8573;29.53;9250;55.93;13069;24.45;0;0
879oxx6war8a;93;4;0;18;1061011;645693;1;1061;2182.1;Powiat m. £Ûdü;292.8501406;1049.525352;358.3830796;4.03;2296;784.0187459;763.4;260.6794036;6844.032282;14190.66673;0;S;48;0.65;48;0.13;48;0.65;28;0.12;0;0
8eg9hd9mfm7r;94;4;1;15;1016072;5984;3;1016;106;Powiat tomaszowski;1023.091277;198.4567764;19.39775862;7.99;616;60.20968156;975.8;95.3776092;3425.027828;71.45405789;0;S;21440;289.95;21899;66.67;61376;117.62;22422;27.37;0;0
8fj2yja69ug7;95;4;1;18;1061011;645693;1;1061;2182.1;Powiat m. £Ûdü;292.8501406;1049.525352;358.3830796;4.03;2296;784.0187459;763.4;260.6794036;9670.024441;6119.346317;19;S;505;7.23;534;1.62;505;7.23;505;2.27;0;0
8he7ybk732j4;96;4;0;18;1013011;15783;2;1013;70;Powiat rawski;645.5332469;90.80383441;14.06648455;4.73;252;39.03749361;647.5;100.3046711;6341.743212;0;0;S;2335;31.57;2335;7.48;2335;31.57;2691;4.48;1;0
8j23srv6j7e6;97;4;0;18;1012011;42412;2;1012;72.5;Powiat radomszczaÒski;1441.229323;125.7545581;8.725506492;2.07;833;57.79788039;1190.9;82.63084725;11017.09857;2348.609729;7;S;2059;29.28;2099;8.23;2059;29.28;2832;6.28;1;0
8re94yui6po6;98;4;1;16;1061011;645693;1;1061;2182.1;Powiat m. £Ûdü;292.8501406;1049.525352;358.3830796;4.03;2296;784.0187459;763.4;260.6794036;10742.11502;5107.763374;8;S;6351;87.93;6549;22.72;6645;38.95;8476;20.72;;0
8ru6zac4h6bz;99;4;1;14;1008011;19276;2;1008;240.6;Powiat pabianicki;491.5247438;135.3532664;27.53742677;4.91;456;92.77254212;567.3;115.4163665;5595.456756;0;0;S;8010;109.95;8603;26.3;10028;56.77;9501;19.18;0;0
8rx4hrv2hl66;100;4;0;15;1063011;45121;2;1063;1295.2;Powiat m. Skierniewice;34.55875472;71.15621041;205.8992316;6.85;187;541.1074604;143;413.788058;10406.2918;3718.434591;7;S;951;13;1029;4.02;951;13;989;2.7;1;0
8ut24lsg7sat;101;4;0;7;1061011;645693;1;1061;2182.1;Powiat m. £Ûdü;292.8501406;1049.525352;358.3830796;4.03;2296;784.0187459;763.4;260.6794036;8163.53138;9021.815222;2;S;328;4.4;349;0.97;328;4.4;328;1.48;1;0
937zf8uay9u4;102;4;0;16;1061011;645693;1;1061;2182.1;Powiat m. £Ûdü;292.8501406;1049.525352;358.3830796;4.03;2296;784.0187459;763.4;260.6794036;6811.304466;4542.587275;5;S;303;4.15;303;0.85;303;4.15;303;0.88;0;0
93buz4udu9m7;103;4;1;16;1020031;52938;2;1020;193.4;Powiat zgierski;853.9990645;182.2143352;21.33659658;2.18;888;103.9813785;1106.6;129.5785963;9119.727001;1304.081742;6;S;11680;160.75;12041;41.08;14409;46.85;14786;26.47;0;0
94ggd4iiy8f7;104;4;0;15;1012011;42412;2;1012;72.5;Powiat radomszczaÒski;1441.229323;125.7545581;8.725506492;2.07;833;57.79788039;1190.9;82.63084725;6643.388115;0;4;S;3186;44.68;3647;13.22;3186;44.68;3295;6.65;1;0
94jeu24oxi69;105;4;1;17;1012132;4243;3;1012;72.5;Powiat radomszczaÒski;1441.229323;125.7545581;8.725506492;2.07;833;57.79788039;1190.9;82.63084725;5352.295104;0;0;S;26422;356.12;29187;85.92;;;26635;27.3;0;1
94sb6wsl6sm8;106;4;1;18;1008072;9128;3;1008;240.6;Powiat pabianicki;491.5247438;135.3532664;27.53742677;4.91;456;92.77254212;567.3;115.4163665;4563.783304;0;2;S;5061;69.67;5669;17.25;6901;28.5;5111;8.52;0;0
96h7o9if2jh8;107;4;1;18;1061011;645693;1;1061;2182.1;Powiat m. £Ûdü;292.8501406;1049.525352;358.3830796;4.03;2296;784.0187459;763.4;260.6794036;13316.58839;9242.969011;13;S;2047;28.93;2174;8.37;2055;13.42;2070;6.6;1;0
98an97hyj4u3;108;4;1;18;1016104;1499;3;1016;106;Powiat tomaszowski;1023.091277;198.4567764;19.39775862;7.99;616;60.20968156;975.8;95.3776092;6204.480806;3363.612962;2;S;11315;154.43;11721;37.37;26356;140.13;12552;16.72;0;0
9as67mid33v9;109;4;0;12;1061011;645693;1;1061;2182.1;Powiat m. £Ûdü;292.8501406;1049.525352;358.3830796;4.03;2296;784.0187459;763.4;260.6794036;9968.674416;2576.345711;12;S;325;4.38;359;1.02;325;4.38;330;1.42;0;0
9i7uig8jkh73;110;4;1;16;1061011;645693;1;1061;2182.1;Powiat m. £Ûdü;292.8501406;1049.525352;358.3830796;4.03;2296;784.0187459;763.4;260.6794036;8115.117899;8813.702188;3;S;4394;61.75;4445;16.05;5569;30.55;4963;14.55;1;1
9iy6wx4fuw7t;111;4;1;13;1061011;645693;1;1061;2182.1;Powiat m. £Ûdü;292.8501406;1049.525352;358.3830796;4.03;2296;784.0187459;763.4;260.6794036;11802.14902;3565.206216;20;S;3549;48.83;3516;12.1;3914;22.72;3516;13.65;0;1
9mm26obd4ci7;112;4;1;18;1061011;645693;1;1061;2182.1;Powiat m. £Ûdü;292.8501406;1049.525352;358.3830796;4.03;2296;784.0187459;763.4;260.6794036;8123.983199;16783.94954;6;S;3926;52.85;4104;13.65;4234;19.95;4594;16.03;0;0
9ts43ypx4kp9;113;4;1;17;1016011;56681;2;1016;106;Powiat tomaszowski;1023.091277;198.4567764;19.39775862;7.99;616;60.20968156;975.8;95.3776092;10311.77405;10726.73201;3;S;1504;20.37;1723;5.35;1944;16.95;2017;4.4;0;0
9vw8yca72io7;114;4;1;14;1061011;645693;1;1061;2182.1;Powiat m. £Ûdü;292.8501406;1049.525352;358.3830796;4.03;2296;784.0187459;763.4;260.6794036;9693.362647;2696.295607;13;S;598;8.37;598;2.13;598;8.37;598;3.05;0;0
9yl3yai8bbi4;115;4;0;16;1012011;42412;2;1012;72.5;Powiat radomszczaÒski;1441.229323;125.7545581;8.725506492;2.07;833;57.79788039;1190.9;82.63084725;3942.602815;0;3;S;3748;52.77;4779;16.52;3748;52.77;3744;7.22;1;0
9zf39gaa3ay3;116;4;1;18;1017094;20141;2;1017;77.1;Powiat wieluÒski;924.9576466;121.9433161;13.18366485;5.58;548;59.24595597;873.6;94.44756776;9806.575436;6036.921912;5;S;2476;33.97;2545;8.63;2476;33.97;3075;7.38;0;0
4g4fog98arl8;117;4;1;16;1061011;645693;1;1061;2182.1;Powiat m. £Ûdü;292.8501406;1049.525352;358.3830796;4.03;2296;784.0187459;763.4;260.6794036;11257.85856;5458.632367;10;S;1062;14.88;1490;5.35;1062;14.88;1941;6.43;0;0
6v4ru436byk2;118;4;0;17;1061011;645693;1;1061;2182.1;Powiat m. £Ûdü;292.8501406;1049.525352;358.3830796;4.03;2296;784.0187459;763.4;260.6794036;12475.11073;6376.522371;10;S;3941;55.4;4200;13.62;12928;42.27;5433;12.58;1;0
4myc3jiy9zca;119;4;0;11;1061011;645693;1;1061;2182.1;Powiat m. £Ûdü;292.8501406;1049.525352;358.3830796;4.03;2296;784.0187459;763.4;260.6794036;12229.60146;10164.31605;10;S;301;3.98;301;0.8;301;3.98;445;2.35;1;0
8ve3dyb7uc23;120;4;0;16;1061011;645693;1;1061;2182.1;Powiat m. £Ûdü;292.8501406;1049.525352;358.3830796;4.03;2296;784.0187459;763.4;260.6794036;10260.45235;9306.274946;12;S;633;8.75;709;2.13;633;8.75;747;3.9;0;0
4zw9gve83zo9;121;4;0;18;1016011;56681;2;1016;106;Powiat tomaszowski;1023.091277;198.4567764;19.39775862;7.99;616;60.20968156;975.8;95.3776092;6690.695787;2766.584909;5;S;1530;21.45;1772;7.83;1530;21.45;1796;3.52;0;0
4sw4bul2pmj9;122;4;0;16;1016062;7146;3;1016;106;Powiat tomaszowski;1023.091277;198.4567764;19.39775862;7.99;616;60.20968156;975.8;95.3776092;4404.877821;0;1;S;7689;103.65;7805;25.12;23285;86.58;7816;10.73;0;0
3on3vhz6zrn8;123;4;1;16;1061011;645693;1;1061;2182.1;Powiat m. £Ûdü;292.8501406;1049.525352;358.3830796;4.03;2296;784.0187459;763.4;260.6794036;11298.68502;4710.591122;10;S;3708;51.78;5116;16.02;4375;28.88;4543;11.45;0;0
3839epo2inw7;124;4;1;16;1016011;56681;2;1016;106;Powiat tomaszowski;1023.091277;198.4567764;19.39775862;7.99;616;60.20968156;975.8;95.3776092;10761.08346;7275.610273;6;S;2457;34.42;2856;11.93;3789;21.72;2677;6.55;1;0
9pb7nn2x6od4;125;4;1;16;1016042;4790;3;1016;106;Powiat tomaszowski;1023.091277;198.4567764;19.39775862;7.99;616;60.20968156;975.8;95.3776092;15216.95673;523.7336828;3;S;18979;256.35;21411;65.22;;;21672;18.8;0;0
72gyl9oi8zxu;126;4;1;17;1010022;4026;3;1010;62.4;Powiat piotrkowski;1426.409646;162.5195004;11.39360638;2.45;896;62.81505476;1306.2;91.57257202;6265.331198;1317.35868;1;S;23995;325.53;29323;89.97;51631;126.78;24504;30.62;0;0
4r7j47izd969;127;4;1;17;1061011;645693;1;1061;2182.1;Powiat m. £Ûdü;292.8501406;1049.525352;358.3830796;4.03;2296;784.0187459;763.4;260.6794036;6807.680437;2762.822206;4;S;5332;72.43;5331;16;5852;22.82;5800;9.85;0;0
7j3hiw696yp3;128;4;1;16;1061011;645693;1;1061;2182.1;Powiat m. £Ûdü;292.8501406;1049.525352;358.3830796;4.03;2296;784.0187459;763.4;260.6794036;9947.246742;1459.989709;9;S;5883;82.88;6278;23.87;8012;38.97;6281;15.9;0;1
7jo77gnl2d88;129;4;1;17;1016011;56681;2;1016;106;Powiat tomaszowski;1023.091277;198.4567764;19.39775862;7.99;616;60.20968156;975.8;95.3776092;9199.945896;639.6576569;5;S;3535;49.3;3727;11.93;5605;16.87;3694;6.4;0;0
8lx4tsy6dpc6;130;4;0;16;1016092;11492;2;1016;106;Powiat tomaszowski;1023.091277;198.4567764;19.39775862;7.99;616;60.20968156;975.8;95.3776092;7614.934333;0;2;S;3644;49.42;4349;13.48;5939;23.83;3751;8.5;0;0
34i3f2gbm4l9;131;4;1;17;1061011;645693;1;1061;2182.1;Powiat m. £Ûdü;292.8501406;1049.525352;358.3830796;4.03;2296;784.0187459;763.4;260.6794036;6314.532156;4907.52221;3;S;4677;65.52;4977;18.45;10162;48.6;5184;14.83;;0
8jd2y7t9n2c3;132;4;1;17;1016062;7146;3;1016;106;Powiat tomaszowski;1023.091277;198.4567764;19.39775862;7.99;616;60.20968156;975.8;95.3776092;3133.678395;0;1;S;12028;162.95;14111;44.7;19836;72.37;13999;16.28;1;0
9cu94w4sfp69;133;4;1;17;1016062;7146;3;1016;106;Powiat tomaszowski;1023.091277;198.4567764;19.39775862;7.99;616;60.20968156;975.8;95.3776092;1848.151093;0;2;S;16585;223.93;18668;57.33;;;18555;20.03;0;0
2xu3u9cmz6o6;134;4;0;16;1016011;56681;2;1016;106;Powiat tomaszowski;1023.091277;198.4567764;19.39775862;7.99;616;60.20968156;975.8;95.3776092;9259.709222;4805.456299;8;S;2335;32.87;2388;9.73;2687;23.58;2767;5.42;0;0
3h9whv6hwy29;135;4;1;16;1061011;645693;1;1061;2182.1;Powiat m. £Ûdü;292.8501406;1049.525352;358.3830796;4.03;2296;784.0187459;763.4;260.6794036;9182.411974;10922.56924;10;S;433;6.1;434;1.37;433;6.1;861;4.02;0;0
34jc9fgd9ex6;136;4;0;17;1016062;7146;3;1016;106;Powiat tomaszowski;1023.091277;198.4567764;19.39775862;7.99;616;60.20968156;975.8;95.3776092;5718.773912;1036.791101;2;S;10302;140.08;12389;40.15;17981;47.67;12032;14.53;0;0
9czr7rfk9cz3;137;4;0;16;1016011;56681;2;1016;106;Powiat tomaszowski;1023.091277;198.4567764;19.39775862;7.99;616;60.20968156;975.8;95.3776092;11104.62735;8177.646311;7;S;2122;29.72;2615;10.45;3994;24.28;2152;5.87;0;0
7tr8cnx66jl7;138;4;0;17;1016054;765;3;1016;106;Powiat tomaszowski;1023.091277;198.4567764;19.39775862;7.99;616;60.20968156;975.8;95.3776092;2784.173113;1265.300486;0;S;17346;235.05;18111;59.83;;;17565;20.88;0;0
49os8xsx7oi4;139;4;0;16;1016011;56681;2;1016;106;Powiat tomaszowski;1023.091277;198.4567764;19.39775862;7.99;616;60.20968156;975.8;95.3776092;10570.65097;10739.6991;6;S;2441;34.12;2641;9.42;2816;27.73;2525;7.47;1;0
7mf4l4trf3ze;140;4;1;17;1061011;645693;1;1061;2182.1;Powiat m. £Ûdü;292.8501406;1049.525352;358.3830796;4.03;2296;784.0187459;763.4;260.6794036;9153.930939;9366.764227;3;S;52480;711.47;54789;168.22;68338;128.88;85633;67.5;0;0
3688cti4uea8;141;4;1;16;1016092;11492;2;1016;106;Powiat tomaszowski;1023.091277;198.4567764;19.39775862;7.99;616;60.20968156;975.8;95.3776092;5345.036563;0;1;S;4593;63.45;4944;17.3;6085;20.87;5077;8.75;0;0
4f83r7de66n6;142;4;1;16;1016092;11492;2;1016;106;Powiat tomaszowski;1023.091277;198.4567764;19.39775862;7.99;616;60.20968156;975.8;95.3776092;7636.255509;0;2;S;7445;100.57;7777;22.95;7718;32.63;7908;11.23;0;0
7mjw2chk2g83;143;4;1;16;1016104;1499;3;1016;106;Powiat tomaszowski;1023.091277;198.4567764;19.39775862;7.99;616;60.20968156;975.8;95.3776092;5176.529467;1169.548601;2;S;11238;153.65;11696;37.95;14851;41.95;13114;17.03;0;0
889tao7rvt44;144;4;0;16;1016011;56681;2;1016;106;Powiat tomaszowski;1023.091277;198.4567764;19.39775862;7.99;616;60.20968156;975.8;95.3776092;11295.22139;8973.560068;6;S;2135;29.83;2187;9.35;2751;23.27;2567;5.78;0;0
498tfd8lj6t3;145;4;0;16;1016011;56681;2;1016;106;Powiat tomaszowski;1023.091277;198.4567764;19.39775862;7.99;616;60.20968156;975.8;95.3776092;6696.687995;7700.19261;8;S;145;2.03;145;0.48;145;2.03;145;0.35;0;0
6lhd98mxj8m3;146;4;1;17;1016011;56681;2;1016;106;Powiat tomaszowski;1023.091277;198.4567764;19.39775862;7.99;616;60.20968156;975.8;95.3776092;9208.185761;9427.412991;3;S;2475;34.4;2751;10.97;3223;19.68;3279;6.53;0;0
948vaj33uch8;147;4;0;16;1016011;56681;2;1016;106;Powiat tomaszowski;1023.091277;198.4567764;19.39775862;7.99;616;60.20968156;975.8;95.3776092;12003.91902;9229.486809;7;S;2096;29.28;2199;10;3730;26.52;2145;5.97;0;0
77l6ahj37zi9;148;4;0;16;1061011;645693;1;1061;2182.1;Powiat m. £Ûdü;292.8501406;1049.525352;358.3830796;4.03;2296;784.0187459;763.4;260.6794036;11707.19358;6415.980739;24;S;4155;56.73;4584;14.53;5247;28.65;4323;10.85;;0
9ko33z9t7ws8;149;4;1;16;1016011;56681;2;1016;106;Powiat tomaszowski;1023.091277;198.4567764;19.39775862;7.99;616;60.20968156;975.8;95.3776092;10952.12837;3343.078206;10;S;1006;13.97;1006;4.62;1006;13.97;1006;3.22;0;0
7fh22r6wkh7a;150;4;1;16;1006022;14838;2;1006;151;Powiat ≥Ûdzki wschodni;499.1387193;129.2560513;25.89581739;10.7;448;89.75460783;667;133.6301862;7357.584558;0;1;S;14222;195.38;14771;45.75;22486;64.68;16007;25.15;0;1
7atu6vk3oj64;151;4;0;16;1061011;645693;1;1061;2182.1;Powiat m. £Ûdü;292.8501406;1049.525352;358.3830796;4.03;2296;784.0187459;763.4;260.6794036;6433.246761;0;2;S;9316;128.52;13182;41.4;11713;39.18;11143;17.72;0;0
4s77njg9r64i;152;4;0;16;1061011;645693;1;1061;2182.1;Powiat m. £Ûdü;292.8501406;1049.525352;358.3830796;4.03;2296;784.0187459;763.4;260.6794036;15606.31315;10705.90057;11;S;719;9.8;775;2.35;719;9.8;1587;5.3;0;0
9ua7446fnv2m;153;4;0;17;1061011;645693;1;1061;2182.1;Powiat m. £Ûdü;292.8501406;1049.525352;358.3830796;4.03;2296;784.0187459;763.4;260.6794036;8310.749872;8454.752167;10;S;4660;65.55;5705;18.57;5185;27.25;5786;12.43;0;0
7je7ywm6kmh8;154;4;1;17;1008052;7656;3;1008;240.6;Powiat pabianicki;491.5247438;135.3532664;27.53742677;4.91;456;92.77254212;567.3;115.4163665;6647.570755;517.4324384;6;S;11084;154.3;11500;39.23;12113;49.68;12136;22.77;0;0
8vsc9atc2ig6;155;4;0;0;1061011;645693;1;1061;2182.1;Powiat m. £Ûdü;292.8501406;1049.525352;358.3830796;4.03;2296;784.0187459;763.4;260.6794036;9202.117374;8423.332775;3;S;735;10.27;738;2.17;735;10.27;860;2.1;;0
8um48a6lg494;156;4;0;17;1061011;645693;1;1061;2182.1;Powiat m. £Ûdü;292.8501406;1049.525352;358.3830796;4.03;2296;784.0187459;763.4;260.6794036;12238.80328;6004.743052;9;S;2065;28.68;2200;7.82;2414;18.17;3554;6.7;0;0
2iou8kkj9iwm;157;4;1;16;1006075;10788;2;1006;151;Powiat ≥Ûdzki wschodni;499.1387193;129.2560513;25.89581739;10.7;448;89.75460783;667;133.6301862;2607.490201;0;0;S;16880;232.68;18439;55.42;19347;44.63;18853;28.33;0;1
7bm4y2pm7n27;158;4;1;17;1006105;8110;3;1006;151;Powiat ≥Ûdzki wschodni;499.1387193;129.2560513;25.89581739;10.7;448;89.75460783;667;133.6301862;4351.043403;707.9824837;3;S;15162;206.73;18364;57.38;;;19989;22.9;0;0
48ek47wgz9b6;159;4;0;16;1061011;645693;1;1061;2182.1;Powiat m. £Ûdü;292.8501406;1049.525352;358.3830796;4.03;2296;784.0187459;763.4;260.6794036;5028.78006;13654.93176;1;S;8100;113;9279;31.17;13841;59.85;8887;19.5;0;1
8jg9mse6chz8;160;4;;16;1061011;645693;1;1061;2182.1;Powiat m. £Ûdü;292.8501406;1049.525352;358.3830796;4.03;2296;784.0187459;763.4;260.6794036;7580.38773;12510.51797;0;S;3611;50.88;3778;13.9;4176;23.97;4971;10.9;0;0
7bf4u9ssd2u3;161;4;0;16;1061011;645693;1;1061;2182.1;Powiat m. £Ûdü;292.8501406;1049.525352;358.3830796;4.03;2296;784.0187459;763.4;260.6794036;13078.94109;11875.6848;6;S;2514;34.3;2514;7.9;4711;22.9;4769;9.43;0;0
8akx9i9grz64;162;4;1;16;1016104;1499;3;1016;106;Powiat tomaszowski;1023.091277;198.4567764;19.39775862;7.99;616;60.20968156;975.8;95.3776092;5176.529467;1169.548601;2;S;11234;153.6;11693;37.93;14848;41.9;13110;17.02;0;0
8yu7u9dsg3r9;163;4;0;16;1016092;11492;2;1016;106;Powiat tomaszowski;1023.091277;198.4567764;19.39775862;7.99;616;60.20968156;975.8;95.3776092;7265.93248;0;2;S;3413;46.3;4118;12.32;5663;19.9;3521;7.15;0;0
233k2pxo3ju3;164;4;1;9;1061011;645693;1;1061;2182.1;Powiat m. £Ûdü;292.8501406;1049.525352;358.3830796;4.03;2296;784.0187459;763.4;260.6794036;12439.86945;2324.039028;14;OR_N1;1524;20.77;2371;7.07;2093;17.83;1621;4.88;1;0
26xip874hvx8;165;4;1;18;1061011;645693;1;1061;2182.1;Powiat m. £Ûdü;292.8501406;1049.525352;358.3830796;4.03;2296;784.0187459;763.4;260.6794036;8906.049073;5924.610432;12;OR_N1;981;13.4;981;3.2;981;13.4;952;3.07;;0
27zbi9vpg3z6;166;4;1;12;1008011;19276;2;1008;240.6;Powiat pabianicki;491.5247438;135.3532664;27.53742677;4.91;456;92.77254212;567.3;115.4163665;5134.879163;0;0;OR_N1;3013;41.72;3013;9.67;3013;41.72;4302;10.55;1;0
2du2axj46el8;167;4;1;16;1016011;56681;2;1016;106;Powiat tomaszowski;1023.091277;198.4567764;19.39775862;7.99;616;60.20968156;975.8;95.3776092;9642.72979;2190.58007;7;OR_N1;1095;14.95;1095;4.42;1095;14.95;1453;4.73;0;0
2dx8ntr6u3p7;168;4;1;9;1061011;645693;1;1061;2182.1;Powiat m. £Ûdü;292.8501406;1049.525352;358.3830796;4.03;2296;784.0187459;763.4;260.6794036;8275.309989;2702.630823;16;OR_N1;1529;20.98;1953;7.78;1674;17.08;1413;5.68;1;0
2ej7uw8v6437;169;4;1;18;1061011;645693;1;1061;2182.1;Powiat m. £Ûdü;292.8501406;1049.525352;358.3830796;4.03;2296;784.0187459;763.4;260.6794036;8190.114064;1661.024169;23;OR_N1;600;8.08;729;2.42;600;8.08;729;2.78;0;0
2ko2rum9mxy8;170;4;1;18;1061011;645693;1;1061;2182.1;Powiat m. £Ûdü;292.8501406;1049.525352;358.3830796;4.03;2296;784.0187459;763.4;260.6794036;12417.70073;6971.853989;10;OR_N1;8252;110.95;9004;28.72;12122;40.17;12107;25.22;0;0
2n3k6ghy89c7;171;4;0;12;1061011;645693;1;1061;2182.1;Powiat m. £Ûdü;292.8501406;1049.525352;358.3830796;4.03;2296;784.0187459;763.4;260.6794036;9056.95102;2469.217016;16;OR_N1;1548;21.2;1686;6.43;1694;17.3;2897;8.83;1;0
2o8xhr7k6nrv;172;4;1;14;1061011;645693;1;1061;2182.1;Powiat m. £Ûdü;292.8501406;1049.525352;358.3830796;4.03;2296;784.0187459;763.4;260.6794036;11773.74209;3707.15273;20;OR_N1;669;9.05;756;2.77;669;9.05;1218;6.12;;0
2rc8zdf4gle9;173;4;0;16;1016112;3065;3;1016;106;Powiat tomaszowski;1023.091277;198.4567764;19.39775862;7.99;616;60.20968156;975.8;95.3776092;5412.936538;0;1;OR_N1;1501;20.27;1501;4.42;1501;20.27;2018;3.07;0;0
2xe7r3dr364v;174;4;0;11;1010022;4026;3;1010;62.4;Powiat piotrkowski;1426.409646;162.5195004;11.39360638;2.45;896;62.81505476;1306.2;91.57257202;5822.150752;0;1;OR_N1;19241;261.07;19887;59.75;68122;188.83;20392;23.2;;0
2xk4nas4k249;175;4;1;17;1061011;645693;1;1061;2182.1;Powiat m. £Ûdü;292.8501406;1049.525352;358.3830796;4.03;2296;784.0187459;763.4;260.6794036;10934.81723;5786.509206;12;OR_N1;1065;14.5;1065;3.97;1161;9.42;1794;6.27;1;1
2zir9dn2hgr4;176;4;1;16;1016092;11492;2;1016;106;Powiat tomaszowski;1023.091277;198.4567764;19.39775862;7.99;616;60.20968156;975.8;95.3776092;5066.386004;144.8328213;2;OR_N1;5655;76.43;5685;17.58;9413;60.43;7543;7.35;0;0
36f82lsz2mr6;177;4;1;17;1061011;645693;1;1061;2182.1;Powiat m. £Ûdü;292.8501406;1049.525352;358.3830796;4.03;2296;784.0187459;763.4;260.6794036;10364.50176;2286.406817;6;OR_N1;2953;41.43;3964;14.07;3153;29.62;3244;7.9;0;0
3au8rjg8kra3;178;4;0;16;1020045;13380;2;1020;193.4;Powiat zgierski;853.9990645;182.2143352;21.33659658;2.18;888;103.9813785;1106.6;129.5785963;11606.15205;0;1;OR_N1;132;1.88;132;0.72;132;1.88;132;0.6;0;0
3cp9rp47jfb6;179;4;0;13;1061011;645693;1;1061;2182.1;Powiat m. £Ûdü;292.8501406;1049.525352;358.3830796;4.03;2296;784.0187459;763.4;260.6794036;10185.85035;3326.207838;14;OR_N1;4645;63.22;5132;20.12;5973;38.53;6363;14.57;1;1
3gb3vwm8hlb3;180;4;1;16;1061011;645693;1;1061;2182.1;Powiat m. £Ûdü;292.8501406;1049.525352;358.3830796;4.03;2296;784.0187459;763.4;260.6794036;9834.35267;8148.652897;6;OR_N1;4243;59.22;4505;15.33;10215;49.75;4273;13;1;1
3go4fki2ue29;181;4;1;16;1061011;645693;1;1061;2182.1;Powiat m. £Ûdü;292.8501406;1049.525352;358.3830796;4.03;2296;784.0187459;763.4;260.6794036;11344.58041;3413.189673;14;OR_N1;1182;16.48;1339;4.83;1314;10.62;1475;4.83;1;0
3ht6stl64x34;182;4;1;17;1016011;56681;2;1016;106;Powiat tomaszowski;1023.091277;198.4567764;19.39775862;7.99;616;60.20968156;975.8;95.3776092;9051.691328;5190.352661;9;OR_N1;638;8.48;638;1.72;638;8.48;1667;4.15;0;0
3on3hvn42jv3;183;4;0;18;1013011;15783;2;1013;70;Powiat rawski;645.5332469;90.80383441;14.06648455;4.73;252;39.03749361;647.5;100.3046711;9356.730973;0;0;OR_N1;1900;25.85;2208;7.62;1900;25.85;2398;5.27;1;0
3tg3ibp6zxf3;184;4;1;18;1061011;645693;1;1061;2182.1;Powiat m. £Ûdü;292.8501406;1049.525352;358.3830796;4.03;2296;784.0187459;763.4;260.6794036;8644.531516;9096.997373;2;OR_N1;608;8.28;611;1.82;608;8.28;564;2.38;0;0
3x6k8mg2fvh6;185;4;0;16;1016092;11492;2;1016;106;Powiat tomaszowski;1023.091277;198.4567764;19.39775862;7.99;616;60.20968156;975.8;95.3776092;6026.822418;0;0;OR_N1;1153;15.6;1153;3.37;1153;15.6;4224;6.2;0;0
3xbe9s3xy8o4;186;4;1;10;1061011;645693;1;1061;2182.1;Powiat m. £Ûdü;292.8501406;1049.525352;358.3830796;4.03;2296;784.0187459;763.4;260.6794036;8576.899613;3397.02132;16;OR_N1;309;4.53;327;2.63;309;4.53;2232;7.9;;0
3y2lsk8l49b4;187;4;0;7;1061011;645693;1;1061;2182.1;Powiat m. £Ûdü;292.8501406;1049.525352;358.3830796;4.03;2296;784.0187459;763.4;260.6794036;10223.57553;11311.05842;6;OR_N1;1011;13.37;1036;2.77;1011;13.37;765;1.55;0;0
3z4f7gi3w7xe;188;4;0;15;1061011;645693;1;1061;2182.1;Powiat m. £Ûdü;292.8501406;1049.525352;358.3830796;4.03;2296;784.0187459;763.4;260.6794036;7027.07254;7622.31247;9;OR_N1;527;7.3;530;2.5;527;7.3;530;1.82;;0
42srw7uo87m7;189;4;1;17;1009052;4876;3;1009;59.1;Powiat pajÍczaÒski;803.0385073;66.0912157;8.230142776;16.28;280;34.8675683;627.1;78.09090029;3590.790245;0;3;OR_N1;87;1.2;87;0.27;87;1.2;87;0.15;0;0
42tsi2klr8a9;190;4;0;12;1061011;645693;1;1061;2182.1;Powiat m. £Ûdü;292.8501406;1049.525352;358.3830796;4.03;2296;784.0187459;763.4;260.6794036;11739.31906;4261.189338;6;OR_N1;248;3.52;326;1.92;248;3.52;1638;3.72;0;0
476pyf7mzi93;191;4;1;16;1020011;12956;2;1020;193.4;Powiat zgierski;853.9990645;182.2143352;21.33659658;2.18;888;103.9813785;1106.6;129.5785963;3277.529619;378.8529425;0;OR_N1;34088;470.65;42428;138.87;42692;100.05;35938;47.12;0;0
47gw3dym2wp3;192;4;0;11;1061011;645693;1;1061;2182.1;Powiat m. £Ûdü;292.8501406;1049.525352;358.3830796;4.03;2296;784.0187459;763.4;260.6794036;13279.58359;4874.043571;10;OR_N1;809;10.85;809;4.92;809;10.85;2351;7.02;0;0
4af9frv8ctg9;193;4;1;18;1061011;645693;1;1061;2182.1;Powiat m. £Ûdü;292.8501406;1049.525352;358.3830796;4.03;2296;784.0187459;763.4;260.6794036;12495.11962;10407.26663;4;OR_N1;1532;20.45;1539;4.37;1687;11.82;2505;5.53;0;0
4an62jin83w9;194;4;1;16;1061011;645693;1;1061;2182.1;Powiat m. £Ûdü;292.8501406;1049.525352;358.3830796;4.03;2296;784.0187459;763.4;260.6794036;11319.27252;11284.2932;6;OR_N1;994;13.32;994;3.28;994;13.32;1604;4.05;;0
4bu4ne3uhm37;195;4;1;17;1001072;8116;3;1001;110.8;Powiat be≥chatowski;966.2626658;198.2751399;20.51979724;14.05;961;99.45535868;943.4;97.63390778;5919.398048;1192.876914;0;OR_N1;982;13.53;1145;3.77;982;13.53;990;3.47;1;0
4jg2zp2rmh47;196;4;1;16;1061011;645693;1;1061;2182.1;Powiat m. £Ûdü;292.8501406;1049.525352;358.3830796;4.03;2296;784.0187459;763.4;260.6794036;7407.928761;9896.721601;9;OR_N1;10164;141.28;11341;40.63;11520;56.52;11889;25.42;;0
4tc49psw89d4;198;4;1;17;1001072;8116;3;1001;110.8;Powiat be≥chatowski;966.2626658;198.2751399;20.51979724;14.05;961;99.45535868;943.4;97.63390778;3843.194407;0;2;OR_N1;22976;311.75;23680;73.37;23906;44.58;22638;24.3;0;0
4xx4s7jse6n4;199;4;1;16;1020085;9675;3;1020;193.4;Powiat zgierski;853.9990645;182.2143352;21.33659658;2.18;888;103.9813785;1106.6;129.5785963;3359.823334;0;0;OR_N1;984;13.15;984;2.83;984;13.15;984;2.58;0;0
6d36nm7pzj86;200;4;1;16;1016032;2069;3;1016;106;Powiat tomaszowski;1023.091277;198.4567764;19.39775862;7.99;616;60.20968156;975.8;95.3776092;4758.173036;0;1;OR_N1;18710;250.72;20687;61.17;;;20386;20.77;1;0
6hx2yg9sv774;201;4;1;13;1061011;645693;1;1061;2182.1;Powiat m. £Ûdü;292.8501406;1049.525352;358.3830796;4.03;2296;784.0187459;763.4;260.6794036;12274.89621;7306.47684;8;OR_N1;539;7.23;671;1.88;539;7.23;770;3.05;0;0
6k499kz2gx99;202;4;1;18;1016072;5984;3;1016;106;Powiat tomaszowski;1023.091277;198.4567764;19.39775862;7.99;616;60.20968156;975.8;95.3776092;4807.81025;1101.43564;4;OR_N1;27346;372.38;28609;86.22;33182;89.88;28134;36.62;;0
6pz7mb6nrp99;203;4;1;18;1061011;645693;1;1061;2182.1;Powiat m. £Ûdü;292.8501406;1049.525352;358.3830796;4.03;2296;784.0187459;763.4;260.6794036;12272.17438;10852.56545;6;OR_N1;900;12.73;900;3.75;900;12.73;776;2.5;0;0
6rzb33d28el6;204;4;0;18;1013011;15783;2;1013;70;Powiat rawski;645.5332469;90.80383441;14.06648455;4.73;252;39.03749361;647.5;100.3046711;6405.453483;0;0;OR_N1;1188;15.93;1188;3.55;1188;15.93;1089;1.88;;0
6to2po2ecb69;205;4;0;18;1061011;645693;1;1061;2182.1;Powiat m. £Ûdü;292.8501406;1049.525352;358.3830796;4.03;2296;784.0187459;763.4;260.6794036;8121.147336;10132.2345;9;OR_N1;7281;102.53;8336;29.97;9099;38.7;8847;20.1;1;1
6vd6nsa7bo43;206;4;0;11;1061011;645693;1;1061;2182.1;Powiat m. £Ûdü;292.8501406;1049.525352;358.3830796;4.03;2296;784.0187459;763.4;260.6794036;10334.07983;10701.68234;6;OR_N1;249;3.3;251;0.67;249;3.3;204;0.85;1;0
6vw884jia7vs;207;4;1;9;1061011;645693;1;1061;2182.1;Powiat m. £Ûdü;292.8501406;1049.525352;358.3830796;4.03;2296;784.0187459;763.4;260.6794036;12680.22482;3722.511044;11;OR_N1;819;11.02;1763;5.98;819;11.02;2325;6.92;1;0
722wv6i8eza8;208;4;1;12;1006082;5811;3;1006;151;Powiat ≥Ûdzki wschodni;499.1387193;129.2560513;25.89581739;10.7;448;89.75460783;667;133.6301862;5748.39385;264.4064392;4;OR_N1;5562;76.62;5562;18.45;6066;22.67;5562;8.93;;0
72hi2n74vau7;209;4;0;13;1061011;645693;1;1061;2182.1;Powiat m. £Ûdü;292.8501406;1049.525352;358.3830796;4.03;2296;784.0187459;763.4;260.6794036;14949.96648;1511.054291;15;OR_N1;932;12.95;1049;4.25;1106;8.63;1116;2.25;0;0
73ayd2h7seb3;210;4;1;16;1012042;5606;3;1012;72.5;Powiat radomszczaÒski;1441.229323;125.7545581;8.725506492;2.07;833;57.79788039;1190.9;82.63084725;5958.68693;2184.950857;1;OR_N1;14032;191.25;16319;53.78;15040;61.62;14139;19.37;;0
74wis3tyl8y6;211;4;1;15;1061011;645693;1;1061;2182.1;Powiat m. £Ûdü;292.8501406;1049.525352;358.3830796;4.03;2296;784.0187459;763.4;260.6794036;8339.263574;5184.172472;9;OR_N1;524;6.97;524;1.48;524;6.97;296;0.72;1;0
7c94t9elp9c3;212;4;1;12;1061011;645693;1;1061;2182.1;Powiat m. £Ûdü;292.8501406;1049.525352;358.3830796;4.03;2296;784.0187459;763.4;260.6794036;11060.95797;6826.706303;12;OR_N1;372;4.78;372;0.85;372;4.78;283;1.2;;0
7de2vma2xvh3;213;4;1;17;1012142;4735;3;1012;72.5;Powiat radomszczaÒski;1441.229323;125.7545581;8.725506492;2.07;833;57.79788039;1190.9;82.63084725;5155.598929;351.9768498;1;OR_N1;2103;28.68;2103;7.17;2103;28.68;2103;3.4;1;0
7dv6llr6zbx3;214;4;1;16;1061011;645693;1;1061;2182.1;Powiat m. £Ûdü;292.8501406;1049.525352;358.3830796;4.03;2296;784.0187459;763.4;260.6794036;6825.153418;2325.589667;2;OR_N1;1170;16.08;1174;4.02;1170;16.08;1221;3.4;0;0
7hu39ehn8dx8;215;4;0;14;1063011;45121;2;1063;1295.2;Powiat m. Skierniewice;34.55875472;71.15621041;205.8992316;6.85;187;541.1074604;143;413.788058;12663.86334;4668.23965;5;OR_N1;298;4.32;1044;3.52;298;4.32;1044;2.72;1;0
7kx8gnn6gku6;216;4;0;15;1020044;22023;2;1020;193.4;Powiat zgierski;853.9990645;182.2143352;21.33659658;2.18;888;103.9813785;1106.6;129.5785963;7723.5086;0;0;OR_N1;479;6.55;479;1.42;479;6.55;479;1.5;;0
7lv8b2pgg6s6;217;4;0;13;1061011;645693;1;1061;2182.1;Powiat m. £Ûdü;292.8501406;1049.525352;358.3830796;4.03;2296;784.0187459;763.4;260.6794036;8931.032738;8699.408424;4;OR_N1;526;6.97;597;1.55;526;6.97;796;3.97;;0
7o2dmi4lho6a;218;4;1;17;1016092;11492;2;1016;106;Powiat tomaszowski;1023.091277;198.4567764;19.39775862;7.99;616;60.20968156;975.8;95.3776092;4970.05896;144.8328213;3;OR_N1;187;2.52;187;0.57;187;2.52;187;0.22;0;0
7o9p4n8nzh93;219;4;1;10;1008052;7656;3;1008;240.6;Powiat pabianicki;491.5247438;135.3532664;27.53742677;4.91;456;92.77254212;567.3;115.4163665;5797.552486;752.7879757;4;OR_N1;3498;46.73;3498;10.17;3498;46.73;4216;7.37;0;0
7p27gdp9zj97;220;4;1;18;1061011;645693;1;1061;2182.1;Powiat m. £Ûdü;292.8501406;1049.525352;358.3830796;4.03;2296;784.0187459;763.4;260.6794036;11532.87888;3506.918817;7;OR_N1;619;8.6;772;3.4;619;8.6;998;3.97;;0
7pr6zb9uw8k7;221;4;0;18;1012011;42412;2;1012;72.5;Powiat radomszczaÒski;1441.229323;125.7545581;8.725506492;2.07;833;57.79788039;1190.9;82.63084725;10967.05271;2348.609729;7;OR_N1;668;9.62;668;2.68;668;9.62;668;1.78;;0
7rm48jw6w766;222;4;1;18;1061011;645693;1;1061;2182.1;Powiat m. £Ûdü;292.8501406;1049.525352;358.3830796;4.03;2296;784.0187459;763.4;260.6794036;11604.71875;10827.98871;6;OR_N1;4989;70.17;5950;19.53;7237;37.62;6210;17.63;0;0
7wc7fma2ag77;223;4;1;17;1016062;7146;3;1016;106;Powiat tomaszowski;1023.091277;198.4567764;19.39775862;7.99;616;60.20968156;975.8;95.3776092;4068.116669;73.5026774;1;OR_N1;930;12.5;930;3.1;930;12.5;930;1.42;1;0
83bi7nhl3wm6;224;4;1;17;1061011;645693;1;1061;2182.1;Powiat m. £Ûdü;292.8501406;1049.525352;358.3830796;4.03;2296;784.0187459;763.4;260.6794036;10092.50843;2951.650447;2;OR_N1;989;13.58;1074;3.73;989;13.58;1650;5.12;;0
8eg9hd9mfm7r;225;4;1;15;1016072;5984;3;1016;106;Powiat tomaszowski;1023.091277;198.4567764;19.39775862;7.99;616;60.20968156;975.8;95.3776092;3425.027828;71.45405789;0;OR_N1;382;5.35;382;1.13;382;5.35;382;0.55;0;0
8fj2yja69ug7;226;4;1;18;1061011;645693;1;1061;2182.1;Powiat m. £Ûdü;292.8501406;1049.525352;358.3830796;4.03;2296;784.0187459;763.4;260.6794036;9670.024441;6119.346317;19;OR_N1;623;8.28;626;1.65;623;8.28;876;3.72;;0
8he7ybk732j4;227;4;0;18;1013011;15783;2;1013;70;Powiat rawski;645.5332469;90.80383441;14.06648455;4.73;252;39.03749361;647.5;100.3046711;6341.743212;0;0;OR_N1;1128;15.1;1128;3.35;1128;15.1;1224;2.25;1;0
8j23srv6j7e6;228;4;0;18;1012011;42412;2;1012;72.5;Powiat radomszczaÒski;1441.229323;125.7545581;8.725506492;2.07;833;57.79788039;1190.9;82.63084725;11017.09857;2348.609729;7;OR_N1;664;9.57;664;2.67;664;9.57;664;1.78;1;0
8ru6zac4h6bz;229;4;1;14;1008011;19276;2;1008;240.6;Powiat pabianicki;491.5247438;135.3532664;27.53742677;4.91;456;92.77254212;567.3;115.4163665;5595.456756;0;0;OR_N1;692;9.37;692;2.03;692;9.37;692;2.45;1;0
8rx4hrv2hl66;230;4;0;15;1063011;45121;2;1063;1295.2;Powiat m. Skierniewice;34.55875472;71.15621041;205.8992316;6.85;187;541.1074604;143;413.788058;10406.2918;3718.434591;7;OR_N1;694;9.55;1019;4.25;694;9.55;1063;3.57;;0
8ut24lsg7sat;231;4;0;7;1061011;645693;1;1061;2182.1;Powiat m. £Ûdü;292.8501406;1049.525352;358.3830796;4.03;2296;784.0187459;763.4;260.6794036;8163.53138;9021.815222;2;OR_N1;485;6.4;509;1.35;485;6.4;1648;4.85;;0
93buz4udu9m7;232;4;1;16;1020031;52938;2;1020;193.4;Powiat zgierski;853.9990645;182.2143352;21.33659658;2.18;888;103.9813785;1106.6;129.5785963;9119.727001;1304.081742;6;OR_N1;10869;149.9;11227;39.63;13256;42.42;11467;25.67;1;0
94ggd4iiy8f7;233;4;0;15;1012011;42412;2;1012;72.5;Powiat radomszczaÒski;1441.229323;125.7545581;8.725506492;2.07;833;57.79788039;1190.9;82.63084725;6643.388115;0;4;OR_N1;232;3.22;232;1.02;232;3.22;232;0.63;1;0
94jeu24oxi69;234;4;1;17;1012132;4243;3;1012;72.5;Powiat radomszczaÒski;1441.229323;125.7545581;8.725506492;2.07;833;57.79788039;1190.9;82.63084725;5352.295104;0;0;OR_N1;16510;220.57;16510;48.95;;;16510;18.52;0;0
96h7o9if2jh8;235;4;1;18;1061011;645693;1;1061;2182.1;Powiat m. £Ûdü;292.8501406;1049.525352;358.3830796;4.03;2296;784.0187459;763.4;260.6794036;13316.58839;9242.969011;13;OR_N1;1079;14.38;1143;4.93;1840;12.87;2864;8.07;0;0
9mm26obd4ci7;236;4;1;18;1061011;645693;1;1061;2182.1;Powiat m. £Ûdü;292.8501406;1049.525352;358.3830796;4.03;2296;784.0187459;763.4;260.6794036;8123.983199;16783.94954;6;OR_N1;456;6.13;501;1.82;456;6.13;539;2.32;0;0
9yl3yai8bbi4;237;4;0;16;1012011;42412;2;1012;72.5;Powiat radomszczaÒski;1441.229323;125.7545581;8.725506492;2.07;833;57.79788039;1190.9;82.63084725;3942.602815;0;3;OR_N1;611;8.27;627;2.15;611;8.27;611;1.33;0;0
9zf39gaa3ay3;238;4;1;18;1017094;20141;2;1017;77.1;Powiat wieluÒski;924.9576466;121.9433161;13.18366485;5.58;548;59.24595597;873.6;94.44756776;9806.575436;6036.921912;5;OR_N1;3678;50.53;4006;12.75;3678;50.53;4075;8.28;;0
4myc3jiy9zca;239;4;0;11;1061011;645693;1;1061;2182.1;Powiat m. £Ûdü;292.8501406;1049.525352;358.3830796;4.03;2296;784.0187459;763.4;260.6794036;12229.60146;10164.31605;10;OR_N1;402;5.32;413;3.32;402;5.32;1657;5.57;;0
4sw4bul2pmj9;240;4;0;16;1016062;7146;3;1016;106;Powiat tomaszowski;1023.091277;198.4567764;19.39775862;7.99;616;60.20968156;975.8;95.3776092;4404.877821;0;1;OR_N1;7549;100.9;7637;22.63;22655;81.52;8064;11.5;0;0
3839epo2inw7;241;4;1;16;1016011;56681;2;1016;106;Powiat tomaszowski;1023.091277;198.4567764;19.39775862;7.99;616;60.20968156;975.8;95.3776092;10761.08346;7275.610273;6;OR_N1;1535;20.42;1565;5.02;3052;15.27;2613;6.55;1;0
9pb7nn2x6od4;242;4;1;16;1016042;4790;3;1016;106;Powiat tomaszowski;1023.091277;198.4567764;19.39775862;7.99;616;60.20968156;975.8;95.3776092;15216.95673;523.7336828;3;OR_N1;18435;247.75;22108;66.43;;;20606;15.98;;0
72gyl9oi8zxu;243;4;1;17;1010022;4026;3;1010;62.4;Powiat piotrkowski;1426.409646;162.5195004;11.39360638;2.45;896;62.81505476;1306.2;91.57257202;6265.331198;1317.35868;1;OR_N1;690;9.02;851;2.07;690;9.02;665;0.65;1;0
4r7j47izd969;244;4;1;17;1061011;645693;1;1061;2182.1;Powiat m. £Ûdü;292.8501406;1049.525352;358.3830796;4.03;2296;784.0187459;763.4;260.6794036;6807.680437;2762.822206;4;OR_N1;1635;22.52;1635;5.17;1852;10.42;1648;3.9;1;0
7j3hiw696yp3;245;4;1;16;1061011;645693;1;1061;2182.1;Powiat m. £Ûdü;292.8501406;1049.525352;358.3830796;4.03;2296;784.0187459;763.4;260.6794036;9947.246742;1459.989709;9;OR_N1;3793;52.17;4230;14.25;4876;27.97;4170;8;1;0
7jo77gnl2d88;246;4;1;17;1016011;56681;2;1016;106;Powiat tomaszowski;1023.091277;198.4567764;19.39775862;7.99;616;60.20968156;975.8;95.3776092;9199.945896;639.6576569;5;OR_N1;61;0.78;61;0.15;61;0.78;61;0.12;;0
8lx4tsy6dpc6;247;4;0;16;1016092;11492;2;1016;106;Powiat tomaszowski;1023.091277;198.4567764;19.39775862;7.99;616;60.20968156;975.8;95.3776092;7614.934333;0;2;OR_N1;3737;50.77;3911;13.38;5425;24.95;3820;9.62;;0
2xu3u9cmz6o6;248;4;0;16;1016011;56681;2;1016;106;Powiat tomaszowski;1023.091277;198.4567764;19.39775862;7.99;616;60.20968156;975.8;95.3776092;9259.709222;4805.456299;8;OR_N1;2245;31.12;2615;7.75;2966;17.07;3022;7.22;;0
34jc9fgd9ex6;249;4;0;17;1016062;7146;3;1016;106;Powiat tomaszowski;1023.091277;198.4567764;19.39775862;7.99;616;60.20968156;975.8;95.3776092;5718.773912;1036.791101;2;OR_N1;564;7.75;564;2.07;564;7.75;564;1.73;;0
9czr7rfk9cz3;250;4;0;16;1016011;56681;2;1016;106;Powiat tomaszowski;1023.091277;198.4567764;19.39775862;7.99;616;60.20968156;975.8;95.3776092;11104.62735;8177.646311;7;OR_N1;1461;19.83;1614;5.15;2985;14.37;1574;4.35;0;0
49os8xsx7oi4;251;4;0;16;1016011;56681;2;1016;106;Powiat tomaszowski;1023.091277;198.4567764;19.39775862;7.99;616;60.20968156;975.8;95.3776092;10570.65097;10739.6991;6;OR_N1;2211;29.63;2411;7.43;2357;24.43;2296;5.78;1;0
498tfd8lj6t3;252;4;0;16;1016011;56681;2;1016;106;Powiat tomaszowski;1023.091277;198.4567764;19.39775862;7.99;616;60.20968156;975.8;95.3776092;6696.687995;7700.19261;8;OR_N1;1966;26.28;2253;6.3;1966;26.28;2253;4.47;;0
77l6ahj37zi9;253;4;0;16;1061011;645693;1;1061;2182.1;Powiat m. £Ûdü;292.8501406;1049.525352;358.3830796;4.03;2296;784.0187459;763.4;260.6794036;11707.19358;6415.980739;24;OR_N1;2462;33.07;2462;7.98;2987;16.33;2462;5.72;0;0
7fh22r6wkh7a;254;4;1;16;1006022;14838;2;1006;151;Powiat ≥Ûdzki wschodni;499.1387193;129.2560513;25.89581739;10.7;448;89.75460783;667;133.6301862;7357.584558;0;1;OR_N1;14107;194.48;14878;46.87;22742;68.67;16017;25.28;;0
7atu6vk3oj64;255;4;0;16;1061011;645693;1;1061;2182.1;Powiat m. £Ûdü;292.8501406;1049.525352;358.3830796;4.03;2296;784.0187459;763.4;260.6794036;6433.246761;0;2;OR_N1;9325;129.27;13264;42.75;12775;42.97;10201;15.33;;0
828ura4v8gk3;256;4;0;16;1006022;14838;2;1006;151;Powiat ≥Ûdzki wschodni;499.1387193;129.2560513;25.89581739;10.7;448;89.75460783;667;133.6301862;9062.169803;3838.803007;4;OR_N1;860;11.6;893;2.45;860;11.6;901;2.5;;0
48ek47wgz9b6;257;4;0;16;1061011;645693;1;1061;2182.1;Powiat m. £Ûdü;292.8501406;1049.525352;358.3830796;4.03;2296;784.0187459;763.4;260.6794036;5028.78006;13654.93176;1;OR_N1;7387;99.82;8200;28.78;8470;56.27;8333;18.32;;0
8jg9mse6chz8;258;4;;16;1061011;645693;1;1061;2182.1;Powiat m. £Ûdü;292.8501406;1049.525352;358.3830796;4.03;2296;784.0187459;763.4;260.6794036;7580.38773;12510.51797;0;OR_N1;68;0.87;68;0.15;68;0.87;517;2.02;;0
8akx9i9grz64;259;4;1;16;1016104;1499;3;1016;106;Powiat tomaszowski;1023.091277;198.4567764;19.39775862;7.99;616;60.20968156;975.8;95.3776092;5176.529467;1169.548601;2;OR_N1;1880;26.62;1880;7.03;2622;15.73;1880;2.87;0;0
8yu7u9dsg3r9;260;4;0;16;1016092;11492;2;1016;106;Powiat tomaszowski;1023.091277;198.4567764;19.39775862;7.99;616;60.20968156;975.8;95.3776092;7265.93248;0;2;OR_N1;3499;47.58;3673;12.2;5142;20.95;3582;8.23;;0
233k2pxo3ju3;261;4;1;9;1061011;645693;1;1061;2182.1;Powiat m. £Ûdü;292.8501406;1049.525352;358.3830796;4.03;2296;784.0187459;763.4;260.6794036;12439.86945;2324.039028;14;OR_N2;1172;16.72;1462;6.53;2011;16.67;1499;6.3;1;0
26xip874hvx8;262;4;1;18;1061011;645693;1;1061;2182.1;Powiat m. £Ûdü;292.8501406;1049.525352;358.3830796;4.03;2296;784.0187459;763.4;260.6794036;8906.049073;5924.610432;12;OR_N2;1233;17.15;1265;5.13;1436;13.18;1283;4.22;;0
27zbi9vpg3z6;263;4;1;12;1008011;19276;2;1008;240.6;Powiat pabianicki;491.5247438;135.3532664;27.53742677;4.91;456;92.77254212;567.3;115.4163665;5134.879163;0;0;OR_N2;177;2.38;177;0.47;177;2.38;177;0.67;1;0
2du2axj46el8;264;4;1;16;1016011;56681;2;1016;106;Powiat tomaszowski;1023.091277;198.4567764;19.39775862;7.99;616;60.20968156;975.8;95.3776092;9642.72979;2190.58007;7;OR_N2;1383;18.87;1750;5.73;1383;18.87;937;3.52;1;0
2dx8ntr6u3p7;265;4;1;9;1061011;645693;1;1061;2182.1;Powiat m. £Ûdü;292.8501406;1049.525352;358.3830796;4.03;2296;784.0187459;763.4;260.6794036;8275.309989;2702.630823;16;OR_N2;1951;26.67;2125;8.27;2096;22.75;3141;9.63;1;0
2ej7uw8v6437;266;4;1;18;1061011;645693;1;1061;2182.1;Powiat m. £Ûdü;292.8501406;1049.525352;358.3830796;4.03;2296;784.0187459;763.4;260.6794036;8190.114064;1661.024169;23;OR_N2;344;5.18;344;3.02;344;5.18;591;2.83;0;0
2n3k6ghy89c7;267;4;0;12;1061011;645693;1;1061;2182.1;Powiat m. £Ûdü;292.8501406;1049.525352;358.3830796;4.03;2296;784.0187459;763.4;260.6794036;9056.95102;2469.217016;16;OR_N2;6904;95.05;7624;23.82;7391;34.12;7297;15.82;1;0
2o8xhr7k6nrv;268;4;1;14;1061011;645693;1;1061;2182.1;Powiat m. £Ûdü;292.8501406;1049.525352;358.3830796;4.03;2296;784.0187459;763.4;260.6794036;11773.74209;3707.15273;20;OR_N2;1727;24.05;2154;8.5;2650;21.18;1959;6.92;;0
2rc8zdf4gle9;269;4;0;16;1016112;3065;3;1016;106;Powiat tomaszowski;1023.091277;198.4567764;19.39775862;7.99;616;60.20968156;975.8;95.3776092;5412.936538;0;1;OR_N2;1013;14;1013;4.2;1013;14;1439;1.77;1;0
2xe7r3dr364v;270;4;0;11;1010022;4026;3;1010;62.4;Powiat piotrkowski;1426.409646;162.5195004;11.39360638;2.45;896;62.81505476;1306.2;91.57257202;5822.150752;0;1;OR_N2;2125;28.35;2188;6.57;2125;28.35;2125;2.48;1;0
2xk4nas4k249;271;4;1;17;1061011;645693;1;1061;2182.1;Powiat m. £Ûdü;292.8501406;1049.525352;358.3830796;4.03;2296;784.0187459;763.4;260.6794036;10934.81723;5786.509206;12;OR_N2;2055;28.07;2055;7.38;3316;22.73;2228;6.5;1;1
2zir9dn2hgr4;272;4;1;16;1016092;11492;2;1016;106;Powiat tomaszowski;1023.091277;198.4567764;19.39775862;7.99;616;60.20968156;975.8;95.3776092;5066.386004;144.8328213;2;OR_N2;260;3.48;260;0.77;260;3.48;260;0.3;0;0
36f82lsz2mr6;273;4;1;17;1061011;645693;1;1061;2182.1;Powiat m. £Ûdü;292.8501406;1049.525352;358.3830796;4.03;2296;784.0187459;763.4;260.6794036;10364.50176;2286.406817;6;OR_N2;8111;110.58;8783;27.62;13404;64.9;11309;18.83;0;0
3au8rjg8kra3;274;4;0;16;1020045;13380;2;1020;193.4;Powiat zgierski;853.9990645;182.2143352;21.33659658;2.18;888;103.9813785;1106.6;129.5785963;11606.15205;0;1;OR_N2;646;9.18;661;2.58;646;9.18;661;1.78;1;0
3cp9rp47jfb6;275;4;0;13;1061011;645693;1;1061;2182.1;Powiat m. £Ûdü;292.8501406;1049.525352;358.3830796;4.03;2296;784.0187459;763.4;260.6794036;10185.85035;3326.207838;14;OR_N2;3649;50.17;3940;17.22;4585;29.97;3902;11.43;1;1
3gb3vwm8hlb3;276;4;1;16;1061011;645693;1;1061;2182.1;Powiat m. £Ûdü;292.8501406;1049.525352;358.3830796;4.03;2296;784.0187459;763.4;260.6794036;9834.35267;8148.652897;6;OR_N2;3470;48.45;3667;13.17;4207;25.68;4573;10.98;1;0
3go4fki2ue29;277;4;1;16;1061011;645693;1;1061;2182.1;Powiat m. £Ûdü;292.8501406;1049.525352;358.3830796;4.03;2296;784.0187459;763.4;260.6794036;11344.58041;3413.189673;14;OR_N2;1151;15.88;1269;4.83;1413;12.12;2554;9.27;1;0
3ht6stl64x34;278;4;1;17;1016011;56681;2;1016;106;Powiat tomaszowski;1023.091277;198.4567764;19.39775862;7.99;616;60.20968156;975.8;95.3776092;9051.691328;5190.352661;9;OR_N2;577;7.65;577;1.53;577;7.65;881;2.37;1;0
3on3hvn42jv3;279;4;0;18;1013011;15783;2;1013;70;Powiat rawski;645.5332469;90.80383441;14.06648455;4.73;252;39.03749361;647.5;100.3046711;9356.730973;0;0;OR_N2;3768;51.55;3753;12.1;3768;51.55;3761;6.53;1;0
3tg3ibp6zxf3;280;4;1;18;1061011;645693;1;1061;2182.1;Powiat m. £Ûdü;292.8501406;1049.525352;358.3830796;4.03;2296;784.0187459;763.4;260.6794036;8644.531516;9096.997373;2;OR_N2;2667;36.85;3623;11.53;3385;18.57;3079;8.05;0;0
3x6k8mg2fvh6;281;4;0;16;1016092;11492;2;1016;106;Powiat tomaszowski;1023.091277;198.4567764;19.39775862;7.99;616;60.20968156;975.8;95.3776092;6026.822418;0;0;OR_N2;3577;47.68;3776;10.78;4524;28.57;4107;6.98;0;0
3xbe9s3xy8o4;282;4;1;10;1061011;645693;1;1061;2182.1;Powiat m. £Ûdü;292.8501406;1049.525352;358.3830796;4.03;2296;784.0187459;763.4;260.6794036;8576.899613;3397.02132;16;OR_N2;800;10.97;820;2.82;800;10.97;2723;9.55;;0
3y2lsk8l49b4;283;4;0;7;1061011;645693;1;1061;2182.1;Powiat m. £Ûdü;292.8501406;1049.525352;358.3830796;4.03;2296;784.0187459;763.4;260.6794036;10223.57553;11311.05842;6;OR_N2;1047;14.35;1068;3.55;1047;14.35;5511;12.2;0;0
42srw7uo87m7;284;4;1;17;1009052;4876;3;1009;59.1;Powiat pajÍczaÒski;803.0385073;66.0912157;8.230142776;16.28;280;34.8675683;627.1;78.09090029;3590.790245;0;3;OR_N2;4017;55;4035;12.48;4017;55;4035;4.55;0;0
4a9gl6njo9uk;285;4;0;18;1020011;12956;2;1020;193.4;Powiat zgierski;853.9990645;182.2143352;21.33659658;2.18;888;103.9813785;1106.6;129.5785963;4850.81326;62.99420572;0;OR_N2;1652;21.97;1739;5.87;1652;21.97;1694;3.77;;0
4af9frv8ctg9;286;4;1;18;1061011;645693;1;1061;2182.1;Powiat m. £Ûdü;292.8501406;1049.525352;358.3830796;4.03;2296;784.0187459;763.4;260.6794036;12495.11962;10407.26663;4;OR_N2;2431;32.38;2541;7.13;2685;24.48;3213;7.22;1;0
4bu4ne3uhm37;287;4;1;17;1001072;8116;3;1001;110.8;Powiat be≥chatowski;966.2626658;198.2751399;20.51979724;14.05;961;99.45535868;943.4;97.63390778;5919.398048;1192.876914;0;OR_N2;9973;134.1;11438;35.05;97038;731.88;10119;11.07;1;0
4jg2zp2rmh47;288;4;1;16;1061011;645693;1;1061;2182.1;Powiat m. £Ûdü;292.8501406;1049.525352;358.3830796;4.03;2296;784.0187459;763.4;260.6794036;7407.928761;9896.721601;9;OR_N2;9931;138.28;11333;40.72;11590;57.63;12643;27.07;0;0
4xx4s7jse6n4;290;4;1;16;1020085;9675;3;1020;193.4;Powiat zgierski;853.9990645;182.2143352;21.33659658;2.18;888;103.9813785;1106.6;129.5785963;3359.823334;0;0;OR_N2;45;0.58;45;0.08;45;0.58;45;0.23;;0
4zm8obt2xcd4;291;4;1;17;1016011;56681;2;1016;106;Powiat tomaszowski;1023.091277;198.4567764;19.39775862;7.99;616;60.20968156;975.8;95.3776092;6864.022174;46.23310951;4;OR_N2;3584;48.27;3606;11.75;5219;16.25;3876;6.48;;0
62pbm94hiy37;292;4;1;16;1016062;7146;3;1016;106;Powiat tomaszowski;1023.091277;198.4567764;19.39775862;7.99;616;60.20968156;975.8;95.3776092;6859.291174;0;4;OR_N2;5119;68.63;5499;17.78;10476;52.87;5587;10.63;0;0
68uzd7gvw2o4;293;4;1;14;1061011;645693;1;1061;2182.1;Powiat m. £Ûdü;292.8501406;1049.525352;358.3830796;4.03;2296;784.0187459;763.4;260.6794036;11849.6004;3619.541545;19;OR_N2;828;10.95;935;3.75;828;10.95;1624;6.03;0;0
6d36nm7pzj86;294;4;1;16;1016032;2069;3;1016;106;Powiat tomaszowski;1023.091277;198.4567764;19.39775862;7.99;616;60.20968156;975.8;95.3776092;4758.173036;0;1;OR_N2;18430;246.93;18430;55;;;20755;21.88;1;0
6gl2wtt6zef9;295;4;1;16;1016011;56681;2;1016;106;Powiat tomaszowski;1023.091277;198.4567764;19.39775862;7.99;616;60.20968156;975.8;95.3776092;11960.16849;11001.19645;8;OR_N2;10573;142.53;10639;31.98;16298;70.05;10520;13.77;1;0
6k499kz2gx99;296;4;1;18;1016072;5984;3;1016;106;Powiat tomaszowski;1023.091277;198.4567764;19.39775862;7.99;616;60.20968156;975.8;95.3776092;4807.81025;1101.43564;4;OR_N2;2083;28.07;2083;6.38;2083;28.07;2083;3.02;1;0
6pz7mb6nrp99;297;4;1;18;1061011;645693;1;1061;2182.1;Powiat m. £Ûdü;292.8501406;1049.525352;358.3830796;4.03;2296;784.0187459;763.4;260.6794036;12272.17438;10852.56545;6;OR_N2;1922;25.45;1975;5.65;2374;20.48;2949;6.08;1;0
6to2po2ecb69;298;4;0;18;1061011;645693;1;1061;2182.1;Powiat m. £Ûdü;292.8501406;1049.525352;358.3830796;4.03;2296;784.0187459;763.4;260.6794036;8121.147336;10132.2345;9;OR_N2;1992;27.18;1992;6.68;1992;27.18;4916;8.62;1;0
6vd6nsa7bo43;299;4;0;11;1061011;645693;1;1061;2182.1;Powiat m. £Ûdü;292.8501406;1049.525352;358.3830796;4.03;2296;784.0187459;763.4;260.6794036;10334.07983;10701.68234;6;OR_N2;1607;21.3;1810;5.6;2193;17.72;1834;5.67;1;0
6vw884jia7vs;300;4;1;9;1061011;645693;1;1061;2182.1;Powiat m. £Ûdü;292.8501406;1049.525352;358.3830796;4.03;2296;784.0187459;763.4;260.6794036;12680.22482;3722.511044;11;OR_N2;1122;14.9;1425;5.78;1122;14.9;1425;4.92;1;0
722wv6i8eza8;301;4;1;12;1006082;5811;3;1006;151;Powiat ≥Ûdzki wschodni;499.1387193;129.2560513;25.89581739;10.7;448;89.75460783;667;133.6301862;5748.39385;264.4064392;4;OR_N2;13;0.15;13;0.03;13;0.15;13;0.02;0;0
72hi2n74vau7;302;4;0;13;1061011;645693;1;1061;2182.1;Powiat m. £Ûdü;292.8501406;1049.525352;358.3830796;4.03;2296;784.0187459;763.4;260.6794036;14949.96648;1511.054291;15;OR_N2;650;9.12;762;2.6;650;9.12;758;1.77;;0
73ayd2h7seb3;303;4;1;16;1012042;5606;3;1012;72.5;Powiat radomszczaÒski;1441.229323;125.7545581;8.725506492;2.07;833;57.79788039;1190.9;82.63084725;5958.68693;2184.950857;1;OR_N2;12847;174.03;15435;49.68;13567;40.07;13142;17.12;1;1
74wis3tyl8y6;304;4;1;15;1061011;645693;1;1061;2182.1;Powiat m. £Ûdü;292.8501406;1049.525352;358.3830796;4.03;2296;784.0187459;763.4;260.6794036;8339.263574;5184.172472;9;OR_N2;1110;15.38;1148;4.23;1651;10.6;2483;5.78;1;0
7c94t9elp9c3;305;4;1;12;1061011;645693;1;1061;2182.1;Powiat m. £Ûdü;292.8501406;1049.525352;358.3830796;4.03;2296;784.0187459;763.4;260.6794036;11060.95797;6826.706303;12;OR_N2;1588;21.22;1591;4.88;2019;19.37;1732;5.5;;0
7de2vma2xvh3;306;4;1;17;1012142;4735;3;1012;72.5;Powiat radomszczaÒski;1441.229323;125.7545581;8.725506492;2.07;833;57.79788039;1190.9;82.63084725;5155.598929;351.9768498;1;OR_N2;1416;19.38;1416;4.5;1416;19.38;1416;1.75;1;0
7dv6llr6zbx3;307;4;1;16;1061011;645693;1;1061;2182.1;Powiat m. £Ûdü;292.8501406;1049.525352;358.3830796;4.03;2296;784.0187459;763.4;260.6794036;6825.153418;2325.589667;2;OR_N2;1383;19.48;1415;5.1;1383;19.48;1313;4.18;1;0
7hu39ehn8dx8;308;4;0;14;1063011;45121;2;1063;1295.2;Powiat m. Skierniewice;34.55875472;71.15621041;205.8992316;6.85;187;541.1074604;143;413.788058;12663.86334;4668.23965;5;OR_N2;144;2.07;890;3.03;144;2.07;890;2.22;1;1
7kx8gnn6gku6;309;4;0;15;1020044;22023;2;1020;193.4;Powiat zgierski;853.9990645;182.2143352;21.33659658;2.18;888;103.9813785;1106.6;129.5785963;7723.5086;0;0;OR_N2;11705;163.07;12361;42.07;12692;66.98;15469;31.28;1;0
7lv8b2pgg6s6;310;4;0;13;1061011;645693;1;1061;2182.1;Powiat m. £Ûdü;292.8501406;1049.525352;358.3830796;4.03;2296;784.0187459;763.4;260.6794036;8931.032738;8699.408424;4;OR_N2;355;4.72;482;1.28;355;4.72;576;3.03;;0
7o2dmi4lho6a;311;4;1;17;1016092;11492;2;1016;106;Powiat tomaszowski;1023.091277;198.4567764;19.39775862;7.99;616;60.20968156;975.8;95.3776092;4970.05896;144.8328213;3;OR_N2;6736;92.23;7210;22.03;11690;369;6544;9.43;;0
7o9p4n8nzh93;312;4;1;10;1008052;7656;3;1008;240.6;Powiat pabianicki;491.5247438;135.3532664;27.53742677;4.91;456;92.77254212;567.3;115.4163665;5797.552486;752.7879757;4;OR_N2;1392;19.32;1616;5.88;1392;19.32;1616;3.17;1;0
7p27gdp9zj97;313;4;1;18;1061011;645693;1;1061;2182.1;Powiat m. £Ûdü;292.8501406;1049.525352;358.3830796;4.03;2296;784.0187459;763.4;260.6794036;11532.87888;3506.918817;7;OR_N2;5113;72.05;5300;19.9;5674;30.85;6641;14.13;0;0
7rm48jw6w766;314;4;1;18;1061011;645693;1;1061;2182.1;Powiat m. £Ûdü;292.8501406;1049.525352;358.3830796;4.03;2296;784.0187459;763.4;260.6794036;11604.71875;10827.98871;6;OR_N2;74;1.25;74;1.02;74;1.25;211;2.32;1;0
7wc7fma2ag77;315;4;1;17;1016062;7146;3;1016;106;Powiat tomaszowski;1023.091277;198.4567764;19.39775862;7.99;616;60.20968156;975.8;95.3776092;4068.116669;73.5026774;1;OR_N2;2247;30.22;2248;7.07;2247;30.22;2248;2.68;1;0
879oxx6war8a;316;4;0;18;1061011;645693;1;1061;2182.1;Powiat m. £Ûdü;292.8501406;1049.525352;358.3830796;4.03;2296;784.0187459;763.4;260.6794036;6844.032282;14190.66673;0;OR_N2;487;6.28;793;2.68;487;6.28;1824;4.85;;0
8eg9hd9mfm7r;317;4;1;15;1016072;5984;3;1016;106;Powiat tomaszowski;1023.091277;198.4567764;19.39775862;7.99;616;60.20968156;975.8;95.3776092;3425.027828;71.45405789;0;OR_N2;421;5.47;421;0.93;421;5.47;421;0.55;0;0
8he7ybk732j4;318;4;0;18;1013011;15783;2;1013;70;Powiat rawski;645.5332469;90.80383441;14.06648455;4.73;252;39.03749361;647.5;100.3046711;6341.743212;0;0;OR_N2;2703;36.3;2703;8.08;2703;36.3;3018;5.88;1;0
8j23srv6j7e6;319;4;0;18;1012011;42412;2;1012;72.5;Powiat radomszczaÒski;1441.229323;125.7545581;8.725506492;2.07;833;57.79788039;1190.9;82.63084725;11017.09857;2348.609729;7;OR_N2;1963;27.82;1992;7.93;1963;27.82;2706;6.05;1;0
8ru6zac4h6bz;320;4;1;14;1008011;19276;2;1008;240.6;Powiat pabianicki;491.5247438;135.3532664;27.53742677;4.91;456;92.77254212;567.3;115.4163665;5595.456756;0;0;OR_N2;3450;47.65;3450;11.17;5401;39.93;5584;10.85;1;0
8ut24lsg7sat;321;4;0;7;1061011;645693;1;1061;2182.1;Powiat m. £Ûdü;292.8501406;1049.525352;358.3830796;4.03;2296;784.0187459;763.4;260.6794036;8163.53138;9021.815222;2;OR_N2;11;0.15;11;0.03;11;0.15;11;0.05;;0
93buz4udu9m7;322;4;1;16;1020031;52938;2;1020;193.4;Powiat zgierski;853.9990645;182.2143352;21.33659658;2.18;888;103.9813785;1106.6;129.5785963;9119.727001;1304.081742;6;OR_N2;11382;157.67;11808;42.52;13774;42.78;12026;28.08;1;0
94ggd4iiy8f7;323;4;0;15;1012011;42412;2;1012;72.5;Powiat radomszczaÒski;1441.229323;125.7545581;8.725506492;2.07;833;57.79788039;1190.9;82.63084725;6643.388115;0;4;OR_N2;855;11.43;855;2.67;855;11.43;1110;1.9;1;0
94jeu24oxi69;324;4;1;17;1012132;4243;3;1012;72.5;Powiat radomszczaÒski;1441.229323;125.7545581;8.725506492;2.07;833;57.79788039;1190.9;82.63084725;5352.295104;0;0;OR_N2;5178;68.98;5279;15.67;;;5178;5.73;0;0
96h7o9if2jh8;325;4;1;18;1061011;645693;1;1061;2182.1;Powiat m. £Ûdü;292.8501406;1049.525352;358.3830796;4.03;2296;784.0187459;763.4;260.6794036;13316.58839;9242.969011;13;OR_N2;3177;44.08;3592;13.37;3286;16.03;4954;10.97;0;0
9mm26obd4ci7;326;4;1;18;1061011;645693;1;1061;2182.1;Powiat m. £Ûdü;292.8501406;1049.525352;358.3830796;4.03;2296;784.0187459;763.4;260.6794036;8123.983199;16783.94954;6;OR_N2;6382;86.83;7052;25.83;7415;45.38;8278;18.27;0;0
4myc3jiy9zca;327;4;0;11;1061011;645693;1;1061;2182.1;Powiat m. £Ûdü;292.8501406;1049.525352;358.3830796;4.03;2296;784.0187459;763.4;260.6794036;12229.60146;10164.31605;10;OR_N2;366;4.75;366;2.62;366;4.75;1816;5.1;1;0
4sw4bul2pmj9;328;4;0;16;1016062;7146;3;1016;106;Powiat tomaszowski;1023.091277;198.4567764;19.39775862;7.99;616;60.20968156;975.8;95.3776092;4404.877821;0;1;OR_N2;8138;109.35;8714;27.03;22628;81.63;8756;12.83;;0
3839epo2inw7;329;4;1;16;1016011;56681;2;1016;106;Powiat tomaszowski;1023.091277;198.4567764;19.39775862;7.99;616;60.20968156;975.8;95.3776092;10761.08346;7275.610273;6;OR_N2;4121;56.68;4885;15.5;8011;29.87;6356;9.72;1;0
9pb7nn2x6od4;330;4;1;16;1016042;4790;3;1016;106;Powiat tomaszowski;1023.091277;198.4567764;19.39775862;7.99;616;60.20968156;975.8;95.3776092;15216.95673;523.7336828;3;OR_N2;18267;245.75;21666;65.32;;;20960;16.77;;0
72gyl9oi8zxu;331;4;1;17;1010022;4026;3;1010;62.4;Powiat piotrkowski;1426.409646;162.5195004;11.39360638;2.45;896;62.81505476;1306.2;91.57257202;6265.331198;1317.35868;1;OR_N2;4577;61.57;4577;13.2;4620;10.95;4577;5.2;1;0
4r7j47izd969;332;4;1;17;1061011;645693;1;1061;2182.1;Powiat m. £Ûdü;292.8501406;1049.525352;358.3830796;4.03;2296;784.0187459;763.4;260.6794036;6807.680437;2762.822206;4;OR_N2;1084;14.55;1084;2.85;1640;14.53;944;2.53;;0
7j3hiw696yp3;333;4;1;16;1061011;645693;1;1061;2182.1;Powiat m. £Ûdü;292.8501406;1049.525352;358.3830796;4.03;2296;784.0187459;763.4;260.6794036;9947.246742;1459.989709;9;OR_N2;2443;33.05;2443;6.9;3867;29.02;2443;4.43;0;0
2xu3u9cmz6o6;334;4;0;16;1016011;56681;2;1016;106;Powiat tomaszowski;1023.091277;198.4567764;19.39775862;7.99;616;60.20968156;975.8;95.3776092;9259.709222;4805.456299;8;OR_N2;1477;19.85;1539;4.45;1664;13.15;1515;3.62;;0
3h9whv6hwy29;335;4;1;16;1061011;645693;1;1061;2182.1;Powiat m. £Ûdü;292.8501406;1049.525352;358.3830796;4.03;2296;784.0187459;763.4;260.6794036;9182.411974;10922.56924;10;OR_N2;419;5.62;419;1.87;419;5.62;502;1.57;0;0
49os8xsx7oi4;336;4;0;16;1016011;56681;2;1016;106;Powiat tomaszowski;1023.091277;198.4567764;19.39775862;7.99;616;60.20968156;975.8;95.3776092;10570.65097;10739.6991;6;OR_N2;1511;20.67;1564;5;2873;18.47;2743;7.9;0;0
7fh22r6wkh7a;337;4;1;16;1006022;14838;2;1006;151;Powiat ≥Ûdzki wschodni;499.1387193;129.2560513;25.89581739;10.7;448;89.75460783;667;133.6301862;7357.584558;0;1;OR_N2;45290;606.87;47835;140.62;;;46694;46.1;;0
7atu6vk3oj64;338;4;0;16;1061011;645693;1;1061;2182.1;Powiat m. £Ûdü;292.8501406;1049.525352;358.3830796;4.03;2296;784.0187459;763.4;260.6794036;6433.246761;0;2;OR_N2;3890;53.08;3890;11.55;4166;9.85;3890;5.38;;0
4s77njg9r64i;339;4;0;16;1061011;645693;1;1061;2182.1;Powiat m. £Ûdü;292.8501406;1049.525352;358.3830796;4.03;2296;784.0187459;763.4;260.6794036;15606.31315;10705.90057;11;OR_N2;672;9.17;736;2;672;9.17;1057;3.72;0;0
6gd6vfw4r7i4;340;4;0;17;1061011;645693;1;1061;2182.1;Powiat m. £Ûdü;292.8501406;1049.525352;358.3830796;4.03;2296;784.0187459;763.4;260.6794036;9966.539379;11603.25347;0;OR_N2;259;3.6;259;0.82;259;3.6;54;0.2;;0
8jg9mse6chz8;341;4;;16;1061011;645693;1;1061;2182.1;Powiat m. £Ûdü;292.8501406;1049.525352;358.3830796;4.03;2296;784.0187459;763.4;260.6794036;7580.38773;12510.51797;0;OR_N2;262;3.43;262;1.3;262;3.43;598;2.58;;0
8akx9i9grz64;342;4;1;16;1016104;1499;3;1016;106;Powiat tomaszowski;1023.091277;198.4567764;19.39775862;7.99;616;60.20968156;975.8;95.3776092;5176.529467;1169.548601;2;OR_N2;2149;30.28;2149;7.78;2891;19.4;2149;3.87;1;0
8yu7u9dsg3r9;343;4;0;16;1016092;11492;2;1016;106;Powiat tomaszowski;1023.091277;198.4567764;19.39775862;7.99;616;60.20968156;975.8;95.3776092;7265.93248;0;2;OR_N2;4494;60.75;4503;12.85;7355;29.67;4521;7.82;;0
233k2pxo3ju3;344;4;1;9;1061011;645693;1;1061;2182.1;Powiat m. £Ûdü;292.8501406;1049.525352;358.3830796;4.03;2296;784.0187459;763.4;260.6794036;12439.86945;2324.039028;14;OR_C1;4618;62.92;5243;21.62;5192;33.02;5184;10.92;1;0
26xip874hvx8;345;4;1;18;1061011;645693;1;1061;2182.1;Powiat m. £Ûdü;292.8501406;1049.525352;358.3830796;4.03;2296;784.0187459;763.4;260.6794036;8906.049073;5924.610432;12;OR_C1;2449;32.97;2526;7.63;2731;15.3;3377;12.38;;0
27zbi9vpg3z6;346;4;1;12;1008011;19276;2;1008;240.6;Powiat pabianicki;491.5247438;135.3532664;27.53742677;4.91;456;92.77254212;567.3;115.4163665;5134.879163;0;0;OR_C1;28;0.4;28;0.08;28;0.4;28;0.18;0;0
2du2axj46el8;347;4;1;16;1016011;56681;2;1016;106;Powiat tomaszowski;1023.091277;198.4567764;19.39775862;7.99;616;60.20968156;975.8;95.3776092;9642.72979;2190.58007;7;OR_C1;8977;122.85;9118;29.45;13136;33.47;9513;12.42;1;0
2dx8ntr6u3p7;348;4;1;9;1061011;645693;1;1061;2182.1;Powiat m. £Ûdü;292.8501406;1049.525352;358.3830796;4.03;2296;784.0187459;763.4;260.6794036;8275.309989;2702.630823;16;OR_C1;2548;35.97;2906;11.13;4684;25.92;2771;10.07;1;0
2ej7uw8v6437;349;4;1;18;1061011;645693;1;1061;2182.1;Powiat m. £Ûdü;292.8501406;1049.525352;358.3830796;4.03;2296;784.0187459;763.4;260.6794036;8190.114064;1661.024169;23;OR_C1;1927;27.07;2013;8.43;1994;11.37;1938;6.47;0;0
2o8xhr7k6nrv;350;4;1;14;1061011;645693;1;1061;2182.1;Powiat m. £Ûdü;292.8501406;1049.525352;358.3830796;4.03;2296;784.0187459;763.4;260.6794036;11773.74209;3707.15273;20;OR_C1;7267;102.28;7356;27.3;8393;48.53;7659;15.03;;0
2rc8zdf4gle9;351;4;0;16;1016112;3065;3;1016;106;Powiat tomaszowski;1023.091277;198.4567764;19.39775862;7.99;616;60.20968156;975.8;95.3776092;5412.936538;0;1;OR_C1;23876;321.25;24143;74.33;;;25870;25.27;0;0
2xk4nas4k249;352;4;1;17;1061011;645693;1;1061;2182.1;Powiat m. £Ûdü;292.8501406;1049.525352;358.3830796;4.03;2296;784.0187459;763.4;260.6794036;10934.81723;5786.509206;12;OR_C1;3211;44.05;3500;12.33;3365;25.27;3282;11.1;1;1
2zir9dn2hgr4;353;4;1;16;1016092;11492;2;1016;106;Powiat tomaszowski;1023.091277;198.4567764;19.39775862;7.99;616;60.20968156;975.8;95.3776092;5066.386004;144.8328213;2;OR_C1;6648;91.03;7062;21.62;11601;367.8;6456;9.37;0;0
36f82lsz2mr6;354;4;1;17;1061011;645693;1;1061;2182.1;Powiat m. £Ûdü;292.8501406;1049.525352;358.3830796;4.03;2296;784.0187459;763.4;260.6794036;10364.50176;2286.406817;6;OR_C1;2393;33.38;2404;9.82;2425;20;2814;9.83;0;0
3au8rjg8kra3;355;4;0;16;1020045;13380;2;1020;193.4;Powiat zgierski;853.9990645;182.2143352;21.33659658;2.18;888;103.9813785;1106.6;129.5785963;11606.15205;0;1;OR_C1;10361;146.38;12213;40.97;12442;58.8;10573;22.08;1;0
3cp9rp47jfb6;356;4;0;13;1061011;645693;1;1061;2182.1;Powiat m. £Ûdü;292.8501406;1049.525352;358.3830796;4.03;2296;784.0187459;763.4;260.6794036;10185.85035;3326.207838;14;OR_C1;3652;50.2;3942;17.23;4582;29.92;3902;11.43;1;1
3gb3vwm8hlb3;357;4;1;16;1061011;645693;1;1061;2182.1;Powiat m. £Ûdü;292.8501406;1049.525352;358.3830796;4.03;2296;784.0187459;763.4;260.6794036;9834.35267;8148.652897;6;OR_C1;14801;199.8;15126;47.95;17165;60.02;16950;23.35;0;0
3go4fki2ue29;358;4;1;16;1061011;645693;1;1061;2182.1;Powiat m. £Ûdü;292.8501406;1049.525352;358.3830796;4.03;2296;784.0187459;763.4;260.6794036;11344.58041;3413.189673;14;OR_C1;2424;33.75;2640;8.78;3167;19.93;3405;6.77;1;0
3ht6stl64x34;359;4;1;17;1016011;56681;2;1016;106;Powiat tomaszowski;1023.091277;198.4567764;19.39775862;7.99;616;60.20968156;975.8;95.3776092;9051.691328;5190.352661;9;OR_C1;2910;39.2;2910;8.87;2910;39.2;2910;5.98;1;0
3on3hvn42jv3;360;4;0;18;1013011;15783;2;1013;70;Powiat rawski;645.5332469;90.80383441;14.06648455;4.73;252;39.03749361;647.5;100.3046711;9356.730973;0;0;OR_C1;1878;26.7;1878;6.83;1878;26.7;1878;3.15;1;0
3tg3ibp6zxf3;361;4;1;18;1061011;645693;1;1061;2182.1;Powiat m. £Ûdü;292.8501406;1049.525352;358.3830796;4.03;2296;784.0187459;763.4;260.6794036;8644.531516;9096.997373;2;OR_C1;6369;87.82;7497;25.52;6981;38.03;8045;18.6;0;0
3x6k8mg2fvh6;362;4;0;16;1016092;11492;2;1016;106;Powiat tomaszowski;1023.091277;198.4567764;19.39775862;7.99;616;60.20968156;975.8;95.3776092;6026.822418;0;0;OR_C1;4352;59.32;4562;14.58;4999;31.77;4789;8.8;0;0
3xbe9s3xy8o4;363;4;1;10;1061011;645693;1;1061;2182.1;Powiat m. £Ûdü;292.8501406;1049.525352;358.3830796;4.03;2296;784.0187459;763.4;260.6794036;8576.899613;3397.02132;16;OR_C1;1817;24.73;1907;6.52;2139;13.77;2521;10.3;;0
3y2lsk8l49b4;364;4;0;7;1061011;645693;1;1061;2182.1;Powiat m. £Ûdü;292.8501406;1049.525352;358.3830796;4.03;2296;784.0187459;763.4;260.6794036;10223.57553;11311.05842;6;OR_C1;13842;188.75;14779;50.3;16662;60.02;15598;27.07;1;0
42srw7uo87m7;365;4;1;17;1009052;4876;3;1009;59.1;Powiat pajÍczaÒski;803.0385073;66.0912157;8.230142776;16.28;280;34.8675683;627.1;78.09090029;3590.790245;0;3;OR_C1;13964;186.9;14495;43.32;24227;45.17;13959;13.32;1;0
42tsi2klr8a9;366;4;0;12;1061011;645693;1;1061;2182.1;Powiat m. £Ûdü;292.8501406;1049.525352;358.3830796;4.03;2296;784.0187459;763.4;260.6794036;11739.31906;4261.189338;6;OR_C1;7169;98.92;7982;27.45;8593;45.83;8023;21.1;0;0
4af9frv8ctg9;367;4;1;18;1061011;645693;1;1061;2182.1;Powiat m. £Ûdü;292.8501406;1049.525352;358.3830796;4.03;2296;784.0187459;763.4;260.6794036;12495.11962;10407.26663;4;OR_C1;5789;81.68;6345;26.23;6429;26.02;6856;16.25;1;0
4jg2zp2rmh47;368;4;1;16;1061011;645693;1;1061;2182.1;Powiat m. £Ûdü;292.8501406;1049.525352;358.3830796;4.03;2296;784.0187459;763.4;260.6794036;7407.928761;9896.721601;9;OR_C1;11518;159.5;12609;44.32;13575;63.5;13608;27;0;0
4tc49psw89d4;370;4;1;17;1001072;8116;3;1001;110.8;Powiat be≥chatowski;966.2626658;198.2751399;20.51979724;14.05;961;99.45535868;943.4;97.63390778;3843.194407;0;2;OR_C1;23271;315.23;23276;71.38;27231;55.98;23927;22.3;0;0
6d36nm7pzj86;371;4;1;16;1016032;2069;3;1016;106;Powiat tomaszowski;1023.091277;198.4567764;19.39775862;7.99;616;60.20968156;975.8;95.3776092;4758.173036;0;1;OR_C1;20548;276.63;21744;64.73;;;20776;24.9;1;0
6gl2wtt6zef9;372;4;1;16;1016011;56681;2;1016;106;Powiat tomaszowski;1023.091277;198.4567764;19.39775862;7.99;616;60.20968156;975.8;95.3776092;11960.16849;11001.19645;8;OR_C1;3975;54.43;4078;14.48;4808;25.33;4789;9.32;1;0
6hx2yg9sv774;373;4;1;13;1061011;645693;1;1061;2182.1;Powiat m. £Ûdü;292.8501406;1049.525352;358.3830796;4.03;2296;784.0187459;763.4;260.6794036;12274.89621;7306.47684;8;OR_C1;689;9.27;701;2;689;9.27;692;2.52;0;0
6k499kz2gx99;374;4;1;18;1016072;5984;3;1016;106;Powiat tomaszowski;1023.091277;198.4567764;19.39775862;7.99;616;60.20968156;975.8;95.3776092;4807.81025;1101.43564;4;OR_C1;31401;426.98;33309;102.32;39630;113.13;35711;43.4;0;0
6pz7mb6nrp99;375;4;1;18;1061011;645693;1;1061;2182.1;Powiat m. £Ûdü;292.8501406;1049.525352;358.3830796;4.03;2296;784.0187459;763.4;260.6794036;12272.17438;10852.56545;6;OR_C1;12082;169.88;13615;45.03;15172;76.02;13414;28.45;0;0
6to2po2ecb69;376;4;0;18;1061011;645693;1;1061;2182.1;Powiat m. £Ûdü;292.8501406;1049.525352;358.3830796;4.03;2296;784.0187459;763.4;260.6794036;8121.147336;10132.2345;9;OR_C1;15394;216.2;17143;57.73;20494;84.07;25697;28.63;1;0
6vd6nsa7bo43;377;4;0;11;1061011;645693;1;1061;2182.1;Powiat m. £Ûdü;292.8501406;1049.525352;358.3830796;4.03;2296;784.0187459;763.4;260.6794036;10334.07983;10701.68234;6;OR_C1;3350;46.22;3459;12.18;3826;30.73;4895;11.17;1;0
6vw884jia7vs;378;4;1;9;1061011;645693;1;1061;2182.1;Powiat m. £Ûdü;292.8501406;1049.525352;358.3830796;4.03;2296;784.0187459;763.4;260.6794036;12680.22482;3722.511044;11;OR_C1;1461;19.48;1737;6.63;1772;14.4;1729;5.48;1;0
722wv6i8eza8;379;4;1;12;1006082;5811;3;1006;151;Powiat ≥Ûdzki wschodni;499.1387193;129.2560513;25.89581739;10.7;448;89.75460783;667;133.6301862;5748.39385;264.4064392;4;OR_C1;13797;187.57;14427;46.12;17457;71.95;16494;28.08;0;0
7c94t9elp9c3;380;4;1;12;1061011;645693;1;1061;2182.1;Powiat m. £Ûdü;292.8501406;1049.525352;358.3830796;4.03;2296;784.0187459;763.4;260.6794036;11060.95797;6826.706303;12;OR_C1;4911;67.22;5705;18.27;6417;37.22;5866;17.82;;0
7de2vma2xvh3;381;4;1;17;1012142;4735;3;1012;72.5;Powiat radomszczaÒski;1441.229323;125.7545581;8.725506492;2.07;833;57.79788039;1190.9;82.63084725;5155.598929;351.9768498;1;OR_C1;22942;310.28;24871;74.63;;;26370;26.15;1;0
7dv6llr6zbx3;382;4;1;16;1061011;645693;1;1061;2182.1;Powiat m. £Ûdü;292.8501406;1049.525352;358.3830796;4.03;2296;784.0187459;763.4;260.6794036;6825.153418;2325.589667;2;OR_C1;5487;74.37;5609;18.7;7250;49.25;8467;15.25;1;0
7hr22ben944c;383;4;0;16;1006082;5811;3;1006;151;Powiat ≥Ûdzki wschodni;499.1387193;129.2560513;25.89581739;10.7;448;89.75460783;667;133.6301862;5748.39385;264.4064392;4;OR_C1;7331;99.63;7967;26.45;11258;50.18;7312;11.25;;0
7hu39ehn8dx8;384;4;0;14;1063011;45121;2;1063;1295.2;Powiat m. Skierniewice;34.55875472;71.15621041;205.8992316;6.85;187;541.1074604;143;413.788058;12663.86334;4668.23965;5;OR_C1;293;4.27;1039;3.5;293;4.27;1039;2.72;1;1
7kx8gnn6gku6;385;4;0;15;1020044;22023;2;1020;193.4;Powiat zgierski;853.9990645;182.2143352;21.33659658;2.18;888;103.9813785;1106.6;129.5785963;7723.5086;0;0;OR_C1;9654;131.83;11765;36.6;13894;55.98;11018;19.45;0;0
7o2dmi4lho6a;386;4;1;17;1016092;11492;2;1016;106;Powiat tomaszowski;1023.091277;198.4567764;19.39775862;7.99;616;60.20968156;975.8;95.3776092;4970.05896;144.8328213;3;OR_C1;13442;182.03;13318;40.97;20405;548.08;13857;15.72;;0
7o9p4n8nzh93;387;4;1;10;1008052;7656;3;1008;240.6;Powiat pabianicki;491.5247438;135.3532664;27.53742677;4.91;456;92.77254212;567.3;115.4163665;5797.552486;752.7879757;4;OR_C1;6221;85.43;6402;19.33;9615;54.68;5881;10.18;0;0
7p27gdp9zj97;388;4;1;18;1061011;645693;1;1061;2182.1;Powiat m. £Ûdü;292.8501406;1049.525352;358.3830796;4.03;2296;784.0187459;763.4;260.6794036;11532.87888;3506.918817;7;OR_C1;17267;236.23;20643;63.33;;;17139;31.03;;0
7rm48jw6w766;389;4;1;18;1061011;645693;1;1061;2182.1;Powiat m. £Ûdü;292.8501406;1049.525352;358.3830796;4.03;2296;784.0187459;763.4;260.6794036;11604.71875;10827.98871;6;OR_C1;1943;27.27;1981;6.92;2279;15.85;2611;6.9;1;0
7wc7fma2ag77;390;4;1;17;1016062;7146;3;1016;106;Powiat tomaszowski;1023.091277;198.4567764;19.39775862;7.99;616;60.20968156;975.8;95.3776092;4068.116669;73.5026774;1;OR_C1;9770;131.48;10641;32.65;20476;61.3;10438;16.48;1;0
879oxx6war8a;391;4;0;18;1061011;645693;1;1061;2182.1;Powiat m. £Ûdü;292.8501406;1049.525352;358.3830796;4.03;2296;784.0187459;763.4;260.6794036;6844.032282;14190.66673;0;OR_C1;8516;116.38;9079;28.65;10810;70.85;11009;23.05;0;0
8eg9hd9mfm7r;392;4;1;15;1016072;5984;3;1016;106;Powiat tomaszowski;1023.091277;198.4567764;19.39775862;7.99;616;60.20968156;975.8;95.3776092;3425.027828;71.45405789;0;OR_C1;20518;275.92;20610;59.75;60598;110.67;20885;23.48;0;0
8he7ybk732j4;393;4;0;18;1013011;15783;2;1013;70;Powiat rawski;645.5332469;90.80383441;14.06648455;4.73;252;39.03749361;647.5;100.3046711;6341.743212;0;0;OR_C1;5113;69.73;5387;17.65;;;7208;7.8;1;0
8j23srv6j7e6;394;4;0;18;1012011;42412;2;1012;72.5;Powiat radomszczaÒski;1441.229323;125.7545581;8.725506492;2.07;833;57.79788039;1190.9;82.63084725;11017.09857;2348.609729;7;OR_C1;4919;67.8;4923;16.08;9261;56;5132;8.23;0;0
8ru6zac4h6bz;395;4;1;14;1008011;19276;2;1008;240.6;Powiat pabianicki;491.5247438;135.3532664;27.53742677;4.91;456;92.77254212;567.3;115.4163665;5595.456756;0;0;OR_C1;7981;109.32;8644;26.15;10183;59.87;9540;19.33;0;0
8ut24lsg7sat;396;4;0;7;1061011;645693;1;1061;2182.1;Powiat m. £Ûdü;292.8501406;1049.525352;358.3830796;4.03;2296;784.0187459;763.4;260.6794036;8163.53138;9021.815222;2;OR_C1;2064;27.8;2210;7.5;2868;18.9;2275;5.05;;0
93buz4udu9m7;397;4;1;16;1020031;52938;2;1020;193.4;Powiat zgierski;853.9990645;182.2143352;21.33659658;2.18;888;103.9813785;1106.6;129.5785963;9119.727001;1304.081742;6;OR_C1;1343;17.83;1343;4.4;1343;17.83;1875;4.23;;0
94ggd4iiy8f7;398;4;0;15;1012011;42412;2;1012;72.5;Powiat radomszczaÒski;1441.229323;125.7545581;8.725506492;2.07;833;57.79788039;1190.9;82.63084725;6643.388115;0;4;OR_C1;2189;29.65;2189;6.32;2189;29.65;2189;4.18;1;0
94jeu24oxi69;399;4;1;17;1012132;4243;3;1012;72.5;Powiat radomszczaÒski;1441.229323;125.7545581;8.725506492;2.07;833;57.79788039;1190.9;82.63084725;5352.295104;0;0;OR_C1;7647;103.98;7647;24.9;;;7647;7.82;0;0
96h7o9if2jh8;400;4;1;18;1061011;645693;1;1061;2182.1;Powiat m. £Ûdü;292.8501406;1049.525352;358.3830796;4.03;2296;784.0187459;763.4;260.6794036;13316.58839;9242.969011;13;OR_C1;4174;58.03;4295;14.9;4280;20.95;4490;15.73;0;0
9mm26obd4ci7;401;4;1;18;1061011;645693;1;1061;2182.1;Powiat m. £Ûdü;292.8501406;1049.525352;358.3830796;4.03;2296;784.0187459;763.4;260.6794036;8123.983199;16783.94954;6;OR_C1;3701;50.18;4101;13.87;3928;22.47;4084;13.33;0;0
4myc3jiy9zca;402;4;0;11;1061011;645693;1;1061;2182.1;Powiat m. £Ûdü;292.8501406;1049.525352;358.3830796;4.03;2296;784.0187459;763.4;260.6794036;12229.60146;10164.31605;10;OR_C1;2224;30.95;2244;8.57;2884;14.25;3749;9.52;1;0
3839epo2inw7;403;4;1;16;1016011;56681;2;1016;106;Powiat tomaszowski;1023.091277;198.4567764;19.39775862;7.99;616;60.20968156;975.8;95.3776092;10761.08346;7275.610273;6;OR_C1;3887;53.55;4651;14.88;8104;31.23;4769;9.5;1;0
72gyl9oi8zxu;404;4;1;17;1010022;4026;3;1010;62.4;Powiat piotrkowski;1426.409646;162.5195004;11.39360638;2.45;896;62.81505476;1306.2;91.57257202;6265.331198;1317.35868;1;OR_C1;9827;133.53;9827;29.73;10452;20.92;9827;9.88;1;0
4r7j47izd969;405;4;1;17;1061011;645693;1;1061;2182.1;Powiat m. £Ûdü;292.8501406;1049.525352;358.3830796;4.03;2296;784.0187459;763.4;260.6794036;6807.680437;2762.822206;4;OR_C1;450;6.27;450;1.68;450;6.27;450;1.6;;0
7j3hiw696yp3;406;4;1;16;1061011;645693;1;1061;2182.1;Powiat m. £Ûdü;292.8501406;1049.525352;358.3830796;4.03;2296;784.0187459;763.4;260.6794036;9947.246742;1459.989709;9;OR_C1;14145;199.83;14872;53.65;15378;74.98;15724;29.37;0;1
2xu3u9cmz6o6;407;4;0;16;1016011;56681;2;1016;106;Powiat tomaszowski;1023.091277;198.4567764;19.39775862;7.99;616;60.20968156;975.8;95.3776092;9259.709222;4805.456299;8;OR_C1;1693;23.48;1701;5.98;1697;13.8;3496;8.47;;0
3h9whv6hwy29;408;4;1;16;1061011;645693;1;1061;2182.1;Powiat m. £Ûdü;292.8501406;1049.525352;358.3830796;4.03;2296;784.0187459;763.4;260.6794036;9182.411974;10922.56924;10;OR_C1;7736;106.28;8017;31.02;9961;52.88;8398;18.48;;0
49os8xsx7oi4;409;4;0;16;1016011;56681;2;1016;106;Powiat tomaszowski;1023.091277;198.4567764;19.39775862;7.99;616;60.20968156;975.8;95.3776092;10570.65097;10739.6991;6;OR_C1;1516;20.73;1568;5.02;2868;18.4;2748;7.92;;0
77l6ahj37zi9;410;4;0;16;1061011;645693;1;1061;2182.1;Powiat m. £Ûdü;292.8501406;1049.525352;358.3830796;4.03;2296;784.0187459;763.4;260.6794036;11707.19358;6415.980739;24;OR_C1;6082;82.58;6676;23.87;6723;37.48;6644;12.55;;0
7atu6vk3oj64;411;4;0;16;1061011;645693;1;1061;2182.1;Powiat m. £Ûdü;292.8501406;1049.525352;358.3830796;4.03;2296;784.0187459;763.4;260.6794036;6433.246761;0;2;OR_C1;15485;212.5;20937;65.73;16634;61.78;18884;29.88;;0
4s77njg9r64i;412;4;0;16;1061011;645693;1;1061;2182.1;Powiat m. £Ûdü;292.8501406;1049.525352;358.3830796;4.03;2296;784.0187459;763.4;260.6794036;15606.31315;10705.90057;11;OR_C1;5721;76.93;6032;23.48;5872;25.28;6463;13.8;0;0
6gd6vfw4r7i4;413;4;0;17;1061011;645693;1;1061;2182.1;Powiat m. £Ûdü;292.8501406;1049.525352;358.3830796;4.03;2296;784.0187459;763.4;260.6794036;9966.539379;11603.25347;0;OR_C1;823;11.82;1018;4;858;9.47;1793;8.4;;0
8akx9i9grz64;414;4;1;16;1016104;1499;3;1016;106;Powiat tomaszowski;1023.091277;198.4567764;19.39775862;7.99;616;60.20968156;975.8;95.3776092;5176.529467;1169.548601;2;OR_C1;10786;146.45;11109;33.67;14333;34.28;11903;14.13;0;0
233k2pxo3ju3;415;4;1;9;1061011;645693;1;1061;2182.1;Powiat m. £Ûdü;292.8501406;1049.525352;358.3830796;4.03;2296;784.0187459;763.4;260.6794036;12439.86945;2324.039028;14;OR_C2;8294;115.62;8611;30.48;9104;47.72;11181;21.62;1;0
26xip874hvx8;416;4;1;18;1061011;645693;1;1061;2182.1;Powiat m. £Ûdü;292.8501406;1049.525352;358.3830796;4.03;2296;784.0187459;763.4;260.6794036;8906.049073;5924.610432;12;OR_C2;2377;31.9;2430;7.62;3096;20.18;2737;9.87;;0
27zbi9vpg3z6;417;4;1;12;1008011;19276;2;1008;240.6;Powiat pabianicki;491.5247438;135.3532664;27.53742677;4.91;456;92.77254212;567.3;115.4163665;5134.879163;0;0;OR_C2;3495;47.58;3536;11.1;3985;25.83;3536;7.37;0;0
2du2axj46el8;418;4;1;16;1016011;56681;2;1016;106;Powiat tomaszowski;1023.091277;198.4567764;19.39775862;7.99;616;60.20968156;975.8;95.3776092;9642.72979;2190.58007;7;OR_C2;18017;244.18;23225;70.28;;;17599;15.1;1;0
2dx8ntr6u3p7;419;4;1;9;1061011;645693;1;1061;2182.1;Powiat m. £Ûdü;292.8501406;1049.525352;358.3830796;4.03;2296;784.0187459;763.4;260.6794036;8275.309989;2702.630823;16;OR_C2;1948;26.88;1947;6.92;2979;17.15;2423;7.37;1;0
2ej7uw8v6437;420;4;1;18;1061011;645693;1;1061;2182.1;Powiat m. £Ûdü;292.8501406;1049.525352;358.3830796;4.03;2296;784.0187459;763.4;260.6794036;8190.114064;1661.024169;23;OR_C2;8049;113.8;8206;30.8;9461;48.38;8208;16.8;1;0
2ko2rum9mxy8;421;4;1;18;1061011;645693;1;1061;2182.1;Powiat m. £Ûdü;292.8501406;1049.525352;358.3830796;4.03;2296;784.0187459;763.4;260.6794036;12417.70073;6971.853989;10;OR_C2;18265;244.93;19346;58.42;19785;45.1;22577;26.07;;0
2o8xhr7k6nrv;422;4;1;14;1061011;645693;1;1061;2182.1;Powiat m. £Ûdü;292.8501406;1049.525352;358.3830796;4.03;2296;784.0187459;763.4;260.6794036;11773.74209;3707.15273;20;OR_C2;1910;26.85;1986;7.57;2114;12.37;2225;9.3;0;0
2rc8zdf4gle9;423;4;0;16;1016112;3065;3;1016;106;Powiat tomaszowski;1023.091277;198.4567764;19.39775862;7.99;616;60.20968156;975.8;95.3776092;5412.936538;0;1;OR_C2;24742;334.27;25008;78.43;;;26916;28.33;0;0
2xk4nas4k249;424;4;1;17;1061011;645693;1;1061;2182.1;Powiat m. £Ûdü;292.8501406;1049.525352;358.3830796;4.03;2296;784.0187459;763.4;260.6794036;10934.81723;5786.509206;12;OR_C2;4587;61.82;4605;15.02;4870;27.55;5625;14.35;1;1
2zir9dn2hgr4;425;4;1;16;1016092;11492;2;1016;106;Powiat tomaszowski;1023.091277;198.4567764;19.39775862;7.99;616;60.20968156;975.8;95.3776092;5066.386004;144.8328213;2;OR_C2;8198;111.7;8521;26.42;13916;383.3;8233;11.52;1;0
36f82lsz2mr6;426;4;1;17;1061011;645693;1;1061;2182.1;Powiat m. £Ûdü;292.8501406;1049.525352;358.3830796;4.03;2296;784.0187459;763.4;260.6794036;10364.50176;2286.406817;6;OR_C2;471;6.32;680;1.95;471;6.32;976;4.5;0;0
3au8rjg8kra3;427;4;0;16;1020045;13380;2;1020;193.4;Powiat zgierski;853.9990645;182.2143352;21.33659658;2.18;888;103.9813785;1106.6;129.5785963;11606.15205;0;1;OR_C2;10060;139.95;10504;33.97;11286;34.75;10498;19.25;0;0
3cp9rp47jfb6;428;4;0;13;1061011;645693;1;1061;2182.1;Powiat m. £Ûdü;292.8501406;1049.525352;358.3830796;4.03;2296;784.0187459;763.4;260.6794036;10185.85035;3326.207838;14;OR_C2;3514;48.17;3998;13.68;3902;25.43;3546;13.4;1;1
3gb3vwm8hlb3;429;4;1;16;1061011;645693;1;1061;2182.1;Powiat m. £Ûdü;292.8501406;1049.525352;358.3830796;4.03;2296;784.0187459;763.4;260.6794036;9834.35267;8148.652897;6;OR_C2;13020;178.07;14053;46.05;14736;69.67;16014;30.57;0;0
3go4fki2ue29;430;4;1;16;1061011;645693;1;1061;2182.1;Powiat m. £Ûdü;292.8501406;1049.525352;358.3830796;4.03;2296;784.0187459;763.4;260.6794036;11344.58041;3413.189673;14;OR_C2;2077;29.03;2435;9.02;2531;19.12;2631;8.17;1;0
3on3hvn42jv3;431;4;0;18;1013011;15783;2;1013;70;Powiat rawski;645.5332469;90.80383441;14.06648455;4.73;252;39.03749361;647.5;100.3046711;9356.730973;0;0;OR_C2;5506;76.2;5454;18.83;;;5812;10.33;1;0
3tg3ibp6zxf3;432;4;1;18;1061011;645693;1;1061;2182.1;Powiat m. £Ûdü;292.8501406;1049.525352;358.3830796;4.03;2296;784.0187459;763.4;260.6794036;8644.531516;9096.997373;2;OR_C2;5098;71.48;5684;18.82;6226;36.23;5825;14.22;0;0
3x6k8mg2fvh6;433;4;0;16;1016092;11492;2;1016;106;Powiat tomaszowski;1023.091277;198.4567764;19.39775862;7.99;616;60.20968156;975.8;95.3776092;6026.822418;0;0;OR_C2;5285;72.45;5427;17.68;6570;28.63;5427;10.9;0;0
3xbe9s3xy8o4;434;4;1;10;1061011;645693;1;1061;2182.1;Powiat m. £Ûdü;292.8501406;1049.525352;358.3830796;4.03;2296;784.0187459;763.4;260.6794036;8576.899613;3397.02132;16;OR_C2;3548;48.88;3790;14.77;4207;29.35;3607;13.02;;0
3y2lsk8l49b4;435;4;0;7;1061011;645693;1;1061;2182.1;Powiat m. £Ûdü;292.8501406;1049.525352;358.3830796;4.03;2296;784.0187459;763.4;260.6794036;10223.57553;11311.05842;6;OR_C2;16165;222.1;17872;57.52;19812;79.17;17814;30.07;0;0
42tsi2klr8a9;436;4;0;12;1061011;645693;1;1061;2182.1;Powiat m. £Ûdü;292.8501406;1049.525352;358.3830796;4.03;2296;784.0187459;763.4;260.6794036;11739.31906;4261.189338;6;OR_C2;4632;64.05;4831;19.83;5374;29.45;4892;13.25;0;0
4af9frv8ctg9;437;4;1;18;1061011;645693;1;1061;2182.1;Powiat m. £Ûdü;292.8501406;1049.525352;358.3830796;4.03;2296;784.0187459;763.4;260.6794036;12495.11962;10407.26663;4;OR_C2;8729;123.75;9174;34.85;9946;40.55;10063;20.88;0;0
4jg2zp2rmh47;438;4;1;16;1061011;645693;1;1061;2182.1;Powiat m. £Ûdü;292.8501406;1049.525352;358.3830796;4.03;2296;784.0187459;763.4;260.6794036;7407.928761;9896.721601;9;OR_C2;12616;173.8;13954;47.23;15470;79.07;16546;28.25;0;0
4tc49psw89d4;440;4;1;17;1001072;8116;3;1001;110.8;Powiat be≥chatowski;966.2626658;198.2751399;20.51979724;14.05;961;99.45535868;943.4;97.63390778;3843.194407;0;2;OR_C2;13786;186.17;14504;44.37;15569;50.75;13846;13.35;;0
4xx4s7jse6n4;441;4;1;16;1020085;9675;3;1020;193.4;Powiat zgierski;853.9990645;182.2143352;21.33659658;2.18;888;103.9813785;1106.6;129.5785963;3359.823334;0;0;OR_C2;16936;232.45;17513;58.83;22322;83.67;19515;29;1;0
6d36nm7pzj86;442;4;1;16;1016032;2069;3;1016;106;Powiat tomaszowski;1023.091277;198.4567764;19.39775862;7.99;616;60.20968156;975.8;95.3776092;4758.173036;0;1;OR_C2;21508;290.13;23485;71.07;;;21823;26.15;1;0
6gl2wtt6zef9;443;4;1;16;1016011;56681;2;1016;106;Powiat tomaszowski;1023.091277;198.4567764;19.39775862;7.99;616;60.20968156;975.8;95.3776092;11960.16849;11001.19645;8;OR_C2;769;9.85;774;1.87;769;9.85;774;1.85;1;0
6pz7mb6nrp99;444;4;1;18;1061011;645693;1;1061;2182.1;Powiat m. £Ûdü;292.8501406;1049.525352;358.3830796;4.03;2296;784.0187459;763.4;260.6794036;12272.17438;10852.56545;6;OR_C2;3454;47.92;3657;12.57;3858;25.78;5229;9.7;1;0
6to2po2ecb69;445;4;0;18;1061011;645693;1;1061;2182.1;Powiat m. £Ûdü;292.8501406;1049.525352;358.3830796;4.03;2296;784.0187459;763.4;260.6794036;8121.147336;10132.2345;9;OR_C2;5012;70.18;5478;19.92;5353;24.82;5141;10.93;0;1
6vd6nsa7bo43;446;4;0;11;1061011;645693;1;1061;2182.1;Powiat m. £Ûdü;292.8501406;1049.525352;358.3830796;4.03;2296;784.0187459;763.4;260.6794036;10334.07983;10701.68234;6;OR_C2;2373;31.42;2407;7.45;2790;26.2;3210;7.5;1;0
6vw884jia7vs;447;4;1;9;1061011;645693;1;1061;2182.1;Powiat m. £Ûdü;292.8501406;1049.525352;358.3830796;4.03;2296;784.0187459;763.4;260.6794036;12680.22482;3722.511044;11;OR_C2;652;8.9;2008;6.87;652;8.9;2551;6.47;0;0
722wv6i8eza8;448;4;1;12;1006082;5811;3;1006;151;Powiat ≥Ûdzki wschodni;499.1387193;129.2560513;25.89581739;10.7;448;89.75460783;667;133.6301862;5748.39385;264.4064392;4;OR_C2;14003;190.9;14768;47.67;18277;75.77;14709;27.07;0;0
72hi2n74vau7;449;4;0;13;1061011;645693;1;1061;2182.1;Powiat m. £Ûdü;292.8501406;1049.525352;358.3830796;4.03;2296;784.0187459;763.4;260.6794036;14949.96648;1511.054291;15;OR_C2;2527;33.93;2980;8.97;2544;16.45;2954;6.48;1;0
7c94t9elp9c3;450;4;1;12;1061011;645693;1;1061;2182.1;Powiat m. £Ûdü;292.8501406;1049.525352;358.3830796;4.03;2296;784.0187459;763.4;260.6794036;11060.95797;6826.706303;12;OR_C2;1345;19.07;1743;6.53;1345;19.07;1721;5.48;;0
7de2vma2xvh3;451;4;1;17;1012142;4735;3;1012;72.5;Powiat radomszczaÒski;1441.229323;125.7545581;8.725506492;2.07;833;57.79788039;1190.9;82.63084725;5155.598929;351.9768498;1;OR_C2;15774;210.58;15774;46.45;;;15774;15.17;1;0
7dv6llr6zbx3;452;4;1;16;1061011;645693;1;1061;2182.1;Powiat m. £Ûdü;292.8501406;1049.525352;358.3830796;4.03;2296;784.0187459;763.4;260.6794036;6825.153418;2325.589667;2;OR_C2;9512;132.95;10436;34.77;15436;80.65;10628;23.7;0;0
7hu39ehn8dx8;453;4;0;14;1063011;45121;2;1063;1295.2;Powiat m. Skierniewice;34.55875472;71.15621041;205.8992316;6.85;187;541.1074604;143;413.788058;12663.86334;4668.23965;5;OR_C2;295;4.28;1042;3.52;295;4.28;1042;2.72;1;1
7kx8gnn6gku6;454;4;0;15;1020044;22023;2;1020;193.4;Powiat zgierski;853.9990645;182.2143352;21.33659658;2.18;888;103.9813785;1106.6;129.5785963;7723.5086;0;0;OR_C2;10658;145.57;13176;42.12;11856;60.12;12520;22.58;0;0
7lv8b2pgg6s6;455;4;0;13;1061011;645693;1;1061;2182.1;Powiat m. £Ûdü;292.8501406;1049.525352;358.3830796;4.03;2296;784.0187459;763.4;260.6794036;8931.032738;8699.408424;4;OR_C2;10976;153.65;12685;42.47;16842;89.67;12080;30.73;1;1
7o2dmi4lho6a;456;4;1;17;1016092;11492;2;1016;106;Powiat tomaszowski;1023.091277;198.4567764;19.39775862;7.99;616;60.20968156;975.8;95.3776092;4970.05896;144.8328213;3;OR_C2;6336;86.02;6336;19.87;10703;366.32;8030;8.13;;0
7o9p4n8nzh93;457;4;1;10;1008052;7656;3;1008;240.6;Powiat pabianicki;491.5247438;135.3532664;27.53742677;4.91;456;92.77254212;567.3;115.4163665;5797.552486;752.7879757;4;OR_C2;3172;43.77;3335;11;3773;24.73;3318;5.55;0;0
7p27gdp9zj97;458;4;1;18;1061011;645693;1;1061;2182.1;Powiat m. £Ûdü;292.8501406;1049.525352;358.3830796;4.03;2296;784.0187459;763.4;260.6794036;11532.87888;3506.918817;7;OR_C2;7604;106.58;8172;28.18;10512;50.85;10298;25.18;0;0
7rm48jw6w766;459;4;1;18;1061011;645693;1;1061;2182.1;Powiat m. £Ûdü;292.8501406;1049.525352;358.3830796;4.03;2296;784.0187459;763.4;260.6794036;11604.71875;10827.98871;6;OR_C2;4025;56.5;4362;15.47;4718;25.38;4496;10.38;0;0
7wc7fma2ag77;460;4;1;17;1016062;7146;3;1016;106;Powiat tomaszowski;1023.091277;198.4567764;19.39775862;7.99;616;60.20968156;975.8;95.3776092;4068.116669;73.5026774;1;OR_C2;9093;122.45;9733;29.32;21202;67.42;9415;13.45;1;0
879oxx6war8a;461;4;0;18;1061011;645693;1;1061;2182.1;Powiat m. £Ûdü;292.8501406;1049.525352;358.3830796;4.03;2296;784.0187459;763.4;260.6794036;6844.032282;14190.66673;0;OR_C2;7602;104.2;8246;27.7;9391;47.58;8866;23.82;0;0
8eg9hd9mfm7r;462;4;1;15;1016072;5984;3;1016;106;Powiat tomaszowski;1023.091277;198.4567764;19.39775862;7.99;616;60.20968156;975.8;95.3776092;3425.027828;71.45405789;0;OR_C2;23469;317.67;23875;70.87;67050;124.87;24250;29.22;0;0
8he7ybk732j4;463;4;0;18;1013011;15783;2;1013;70;Powiat rawski;645.5332469;90.80383441;14.06648455;4.73;252;39.03749361;647.5;100.3046711;6341.743212;0;0;OR_C2;4176;57.43;4479;15.65;4176;57.43;7230;8.23;0;0
8j23srv6j7e6;464;4;0;18;1012011;42412;2;1012;72.5;Powiat radomszczaÒski;1441.229323;125.7545581;8.725506492;2.07;833;57.79788039;1190.9;82.63084725;11017.09857;2348.609729;7;OR_C2;1329;17.87;1445;4.65;1329;17.87;1946;4.23;1;0
8ru6zac4h6bz;465;4;1;14;1008011;19276;2;1008;240.6;Powiat pabianicki;491.5247438;135.3532664;27.53742677;4.91;456;92.77254212;567.3;115.4163665;5595.456756;0;0;OR_C2;3;0.03;3;0;3;0.03;3;0;0;0
94ggd4iiy8f7;466;4;0;15;1012011;42412;2;1012;72.5;Powiat radomszczaÒski;1441.229323;125.7545581;8.725506492;2.07;833;57.79788039;1190.9;82.63084725;6643.388115;0;4;OR_C2;1834;24.85;2704;8.8;1834;24.85;2379;4.82;1;0
96h7o9if2jh8;467;4;1;18;1061011;645693;1;1061;2182.1;Powiat m. £Ûdü;292.8501406;1049.525352;358.3830796;4.03;2296;784.0187459;763.4;260.6794036;13316.58839;9242.969011;13;OR_C2;4737;66.9;5368;21.85;8721;39.92;6513;12.38;;0
98an97hyj4u3;468;4;1;18;1016104;1499;3;1016;106;Powiat tomaszowski;1023.091277;198.4567764;19.39775862;7.99;616;60.20968156;975.8;95.3776092;6204.480806;3363.612962;2;OR_C2;41222;560.85;42314;132.92;51499;139.82;45893;50.83;1;1
9mm26obd4ci7;469;4;1;18;1061011;645693;1;1061;2182.1;Powiat m. £Ûdü;292.8501406;1049.525352;358.3830796;4.03;2296;784.0187459;763.4;260.6794036;8123.983199;16783.94954;6;OR_C2;2749;36.62;3097;9.75;3077;15.45;3163;9.37;0;0
3839epo2inw7;470;4;1;16;1016011;56681;2;1016;106;Powiat tomaszowski;1023.091277;198.4567764;19.39775862;7.99;616;60.20968156;975.8;95.3776092;10761.08346;7275.610273;6;OR_C2;1963;26.47;2368;7.37;3181;17.27;2321;5.13;1;0
72gyl9oi8zxu;471;4;1;17;1010022;4026;3;1010;62.4;Powiat piotrkowski;1426.409646;162.5195004;11.39360638;2.45;896;62.81505476;1306.2;91.57257202;6265.331198;1317.35868;1;OR_C2;16413;222.88;17629;52.9;65468;152.78;17037;19.95;0;0
4r7j47izd969;472;4;1;17;1061011;645693;1;1061;2182.1;Powiat m. £Ûdü;292.8501406;1049.525352;358.3830796;4.03;2296;784.0187459;763.4;260.6794036;6807.680437;2762.822206;4;OR_C2;8643;118.18;9523;34.9;9792;40.75;9447;17.35;;0
7j3hiw696yp3;473;4;1;16;1061011;645693;1;1061;2182.1;Powiat m. £Ûdü;292.8501406;1049.525352;358.3830796;4.03;2296;784.0187459;763.4;260.6794036;9947.246742;1459.989709;9;OR_C2;4392;60.98;4834;17.18;4590;26.98;4937;10.68;1;0
2xu3u9cmz6o6;474;4;0;16;1016011;56681;2;1016;106;Powiat tomaszowski;1023.091277;198.4567764;19.39775862;7.99;616;60.20968156;975.8;95.3776092;9259.709222;4805.456299;8;OR_C2;2264;30.6;2264;6.9;4991;25.75;2264;4.42;;0
3h9whv6hwy29;475;4;1;16;1061011;645693;1;1061;2182.1;Powiat m. £Ûdü;292.8501406;1049.525352;358.3830796;4.03;2296;784.0187459;763.4;260.6794036;9182.411974;10922.56924;10;OR_C2;7530;103.58;8281;29.03;8227;41.87;8994;26.62;0;0
49os8xsx7oi4;476;4;0;16;1016011;56681;2;1016;106;Powiat tomaszowski;1023.091277;198.4567764;19.39775862;7.99;616;60.20968156;975.8;95.3776092;10570.65097;10739.6991;6;OR_C2;1237;16.23;1237;4.57;1593;12.27;1505;4.88;;0
7atu6vk3oj64;477;4;0;16;1061011;645693;1;1061;2182.1;Powiat m. £Ûdü;292.8501406;1049.525352;358.3830796;4.03;2296;784.0187459;763.4;260.6794036;6433.246761;0;2;OR_C2;14720;202.37;17716;52.22;16949;58.65;16475;25.82;;0
4s77njg9r64i;478;4;0;16;1061011;645693;1;1061;2182.1;Powiat m. £Ûdü;292.8501406;1049.525352;358.3830796;4.03;2296;784.0187459;763.4;260.6794036;15606.31315;10705.90057;11;OR_C2;7689;103.15;8522;27.8;10615;44.82;9234;22.47;0;0
8akx9i9grz64;479;4;1;16;1016104;1499;3;1016;106;Powiat tomaszowski;1023.091277;198.4567764;19.39775862;7.99;616;60.20968156;975.8;95.3776092;5176.529467;1169.548601;2;OR_C2;10521;142.92;10926;33.68;13774;31.1;12396;15.62;0;0
9uk9pp7smb64;480;4;0;11;1061011;645693;1;1061;2182.1;Powiat m. £Ûdü;292.8501406;1049.525352;358.3830796;4.03;2296;784.0187459;763.4;260.6794036;6376.283067;15756.69428;0;OR_N2;181;0.97;148;1.22;148;2.02;181;0.97;0;0
9uk9pp7smb64;481;4;0;11;1061011;645693;1;1061;2182.1;Powiat m. £Ûdü;292.8501406;1049.525352;358.3830796;4.03;2296;784.0187459;763.4;260.6794036;6376.283067;15756.69428;0;OR_N1;202;1.02;242;1.72;242;3.12;202;1.02;;0
224ufg3bxo49;482;4;;;1061011;645693;1;1061;2182.1;Powiat m. £Ûdü;292.8501406;1049.525352;358.3830796;4.03;2296;784.0187459;763.4;260.6794036;;;;OR_C1;;;;;;;;;;0
233k2pxo3ju3;1;5;1;9;1061011;645693;1;1061;2182.1;Powiat m. £Ûdü;292.8501406;1049.525352;358.3830796;4.03;2296;784.0187459;763.4;260.6794036;12439.86945;2324.039028;14;S;3014;42.3;3140;12;3849;20.47;3147;12.88;1;1
26xip874hvx8;2;5;1;18;1061011;645693;1;1061;2182.1;Powiat m. £Ûdü;292.8501406;1049.525352;358.3830796;4.03;2296;784.0187459;763.4;260.6794036;8906.049073;5924.610432;12;S;344;4.65;344;0.93;344;4.65;344;1.97;0;0
27zbi9vpg3z6;3;5;1;12;1008011;19276;2;1008;240.6;Powiat pabianicki;491.5247438;135.3532664;27.53742677;4.91;456;92.77254212;567.3;115.4163665;5134.879163;0;0;S;7986;109.62;8579;26.23;10004;56.43;9510;19.23;;
2979hck27rkh;4;5;;7;1061011;645693;1;1061;2182.1;Powiat m. £Ûdü;292.8501406;1049.525352;358.3830796;4.03;2296;784.0187459;763.4;260.6794036;8234.449081;2452.280035;4;S;74;1.12;74;0.22;74;1.12;74;0.27;;
9uk9pp7smb64;5;5;0;11;1061011;645693;1;1061;2182.1;Powiat m. £Ûdü;292.8501406;1049.525352;358.3830796;4.03;2296;784.0187459;763.4;260.6794036;6376.283067;15756.69428;0;S;1138;5.45;896;3.03;680;8.85;1138;5.45;0;0
2du2axj46el8;6;5;1;16;1016011;56681;2;1016;106;Powiat tomaszowski;1023.091277;198.4567764;19.39775862;7.99;616;60.20968156;975.8;95.3776092;9642.72979;2190.58007;7;S;1580;22.78;2003;8.45;2558;22.33;2028;4.18;1;1
2dx8ntr6u3p7;7;5;1;9;1061011;645693;1;1061;2182.1;Powiat m. £Ûdü;292.8501406;1049.525352;358.3830796;4.03;2296;784.0187459;763.4;260.6794036;8275.309989;2702.630823;16;S;1206;16.8;1206;4.48;1214;13.52;1206;5.12;0;0
2ej7uw8v6437;8;5;1;18;1061011;645693;1;1061;2182.1;Powiat m. £Ûdü;292.8501406;1049.525352;358.3830796;4.03;2296;784.0187459;763.4;260.6794036;8190.114064;1661.024169;23;S;3218;44.85;3225;12.35;4131;24.53;3453;11.52;0;1
2ko2rum9mxy8;9;5;1;18;1061011;645693;1;1061;2182.1;Powiat m. £Ûdü;292.8501406;1049.525352;358.3830796;4.03;2296;784.0187459;763.4;260.6794036;12417.70073;6971.853989;10;S;4355;59.32;4728;14;7061;28.43;4837;9.55;0;1
2n3k6ghy89c7;10;5;0;12;1061011;645693;1;1061;2182.1;Powiat m. £Ûdü;292.8501406;1049.525352;358.3830796;4.03;2296;784.0187459;763.4;260.6794036;9056.95102;2469.217016;16;S;1017;14.3;1017;3.43;1024;11;1017;4.12;0;0
2o8xhr7k6nrv;11;5;1;14;1061011;645693;1;1061;2182.1;Powiat m. £Ûdü;292.8501406;1049.525352;358.3830796;4.03;2296;784.0187459;763.4;260.6794036;11773.74209;3707.15273;20;S;3538;48.72;3505;12.52;3904;22.6;3505;13.83;1;1
2rc8zdf4gle9;12;5;0;16;1016112;3065;3;1016;106;Powiat tomaszowski;1023.091277;198.4567764;19.39775862;7.99;616;60.20968156;975.8;95.3776092;5412.936538;0;1;S;24571;331.57;26814;82.8;;;26652;27.62;0;1
2x3fcu99cxl9;13;5;1;16;1020031;52938;2;1020;193.4;Powiat zgierski;853.9990645;182.2143352;21.33659658;2.18;888;103.9813785;1106.6;129.5785963;8461.368515;0;2;S;1532;21.7;1532;5.3;1532;21.7;1532;3.13;0;1
2xe7r3dr364v;14;5;0;11;1010022;4026;3;1010;62.4;Powiat piotrkowski;1426.409646;162.5195004;11.39360638;2.45;896;62.81505476;1306.2;91.57257202;5822.150752;0;1;S;3245;44.65;3245;10.53;3245;44.65;3245;3.75;1;1
2xk4nas4k249;15;5;1;17;1061011;645693;1;1061;2182.1;Powiat m. £Ûdü;292.8501406;1049.525352;358.3830796;4.03;2296;784.0187459;763.4;260.6794036;10934.81723;5786.509206;12;S;94;1.38;150;0.53;94;1.38;94;0.5;0;0
2y84pei3u444;16;5;1;18;1061011;645693;1;1061;2182.1;Powiat m. £Ûdü;292.8501406;1049.525352;358.3830796;4.03;2296;784.0187459;763.4;260.6794036;11872.19813;8321.121911;14;S;6236;84.97;6619;21.28;6338;40.05;6741;14.9;;
2zir9dn2hgr4;17;5;1;16;1016092;11492;2;1016;106;Powiat tomaszowski;1023.091277;198.4567764;19.39775862;7.99;616;60.20968156;975.8;95.3776092;5066.386004;144.8328213;2;S;6518;89.2;6326;20.57;11471;365.97;6326;8.87;0;1
36f82lsz2mr6;18;5;1;17;1061011;645693;1;1061;2182.1;Powiat m. £Ûdü;292.8501406;1049.525352;358.3830796;4.03;2296;784.0187459;763.4;260.6794036;10364.50176;2286.406817;6;S;6149;83.87;6365;19.88;6701;34.65;7614;15.52;0;1
39lbr4j87h93;19;5;1;18;1063011;45121;2;1063;1295.2;Powiat m. Skierniewice;34.55875472;71.15621041;205.8992316;6.85;187;541.1074604;143;413.788058;6342.540928;8301.592858;4;S;56468;767.63;62312;194.92;71661;70.65;74223;60.8;;
3au8rjg8kra3;20;5;0;16;1020045;13380;2;1020;193.4;Powiat zgierski;853.9990645;182.2143352;21.33659658;2.18;888;103.9813785;1106.6;129.5785963;11606.15205;0;1;S;12928;183;14896;51.13;17839;68.83;16450;30.38;1;1
3cp9rp47jfb6;21;5;0;13;1061011;645693;1;1061;2182.1;Powiat m. £Ûdü;292.8501406;1049.525352;358.3830796;4.03;2296;784.0187459;763.4;260.6794036;10185.85035;3326.207838;14;S;4968;68.13;5524;22.95;6088;34.2;5958;13.77;0;0
3gb3vwm8hlb3;22;5;1;16;1061011;645693;1;1061;2182.1;Powiat m. £Ûdü;292.8501406;1049.525352;358.3830796;4.03;2296;784.0187459;763.4;260.6794036;9834.35267;8148.652897;6;S;6269;86.42;6645;22.72;7854;45.25;6570;17.67;0;1
3go4fki2ue29;23;5;1;16;1061011;645693;1;1061;2182.1;Powiat m. £Ûdü;292.8501406;1049.525352;358.3830796;4.03;2296;784.0187459;763.4;260.6794036;11344.58041;3413.189673;14;S;1391;19.77;1602;6.62;1660;11.83;1849;6.43;0;1
3ht6stl64x34;24;5;1;17;1016011;56681;2;1016;106;Powiat tomaszowski;1023.091277;198.4567764;19.39775862;7.99;616;60.20968156;975.8;95.3776092;9051.691328;5190.352661;9;S;1549;21.87;1749;7.48;1549;21.87;1807;3.78;1;0
3im9px4hj33i;25;5;1;18;1008011;19276;2;1008;240.6;Powiat pabianicki;491.5247438;135.3532664;27.53742677;4.91;456;92.77254212;567.3;115.4163665;7264.93626;2105.578367;5;S;13633;191;14050;48.67;18808;68.13;15170;26.65;0;1
3j9irh9sxs33;26;5;1;17;1061011;645693;1;1061;2182.1;Powiat m. £Ûdü;292.8501406;1049.525352;358.3830796;4.03;2296;784.0187459;763.4;260.6794036;11022.37966;134.7830001;7;S;7244;103.08;7524;26.7;9535;52.75;7684;19.67;0;1
3on3hvn42jv3;27;5;0;18;1013011;15783;2;1013;70;Powiat rawski;645.5332469;90.80383441;14.06648455;4.73;252;39.03749361;647.5;100.3046711;9356.730973;0;0;S;2233;30.72;2181;7.48;2233;30.72;2181;4.48;1;0
3szp6akh7ww3;28;5;1;17;1008021;59910;2;1008;240.6;Powiat pabianicki;491.5247438;135.3532664;27.53742677;4.91;456;92.77254212;567.3;115.4163665;10575.06863;2623.485497;11;S;750;10.18;750;2.13;750;10.18;750;1.8;0;0
3tg3ibp6zxf3;29;5;1;18;1061011;645693;1;1061;2182.1;Powiat m. £Ûdü;292.8501406;1049.525352;358.3830796;4.03;2296;784.0187459;763.4;260.6794036;8644.531516;9096.997373;2;S;3516;49.23;4277;14.05;4573;30.15;4871;12;0;1
3x6k8mg2fvh6;31;5;0;16;1016092;11492;2;1016;106;Powiat tomaszowski;1023.091277;198.4567764;19.39775862;7.99;616;60.20968156;975.8;95.3776092;6026.822418;0;0;S;4510;61.35;4842;14.63;5409;27.08;4978;8.8;0;0
3xbe9s3xy8o4;32;5;1;10;1061011;645693;1;1061;2182.1;Powiat m. £Ûdü;292.8501406;1049.525352;358.3830796;4.03;2296;784.0187459;763.4;260.6794036;8576.899613;3397.02132;16;S;5385;76.23;6276;21.92;6631;42.88;6214;16.05;0;0
3y2lsk8l49b4;33;5;0;7;1061011;645693;1;1061;2182.1;Powiat m. £Ûdü;292.8501406;1049.525352;358.3830796;4.03;2296;784.0187459;763.4;260.6794036;10223.57553;11311.05842;6;S;1268;17.43;1268;4.43;1290;13.07;2018;4.53;0;0
3z4f7gi3w7xe;34;5;0;15;1061011;645693;1;1061;2182.1;Powiat m. £Ûdü;292.8501406;1049.525352;358.3830796;4.03;2296;784.0187459;763.4;260.6794036;7027.07254;7622.31247;9;S;2933;41.17;3200;11.3;2927;15.38;3435;7;0;1
42srw7uo87m7;35;5;1;17;1009052;4876;3;1009;59.1;Powiat pajÍczaÒski;803.0385073;66.0912157;8.230142776;16.28;280;34.8675683;627.1;78.09090029;3590.790245;0;3;S;13521;180.97;13521;40.6;23871;40.47;13521;11.93;0;1
42tsi2klr8a9;36;5;0;12;1061011;645693;1;1061;2182.1;Powiat m. £Ûdü;292.8501406;1049.525352;358.3830796;4.03;2296;784.0187459;763.4;260.6794036;11739.31906;4261.189338;6;S;2694;36.68;2732;8.97;3328;18.67;3085;7.4;0;1
476pyf7mzi93;37;5;1;16;1020011;12956;2;1020;193.4;Powiat zgierski;853.9990645;182.2143352;21.33659658;2.18;888;103.9813785;1106.6;129.5785963;3277.529619;378.8529425;0;S;34851;480.68;42486;138.1;42534;97.5;36393;47.47;1;1
47gw3dym2wp3;38;5;0;11;1061011;645693;1;1061;2182.1;Powiat m. £Ûdü;292.8501406;1049.525352;358.3830796;4.03;2296;784.0187459;763.4;260.6794036;13279.58359;4874.043571;10;S;136;1.82;136;0.35;136;1.82;136;0.52;0;0
48rka8fno834;39;5;1;17;1001072;8116;3;1001;110.8;Powiat be≥chatowski;966.2626658;198.2751399;20.51979724;14.05;961;99.45535868;943.4;97.63390778;6150.382231;0;2;S;306;4.18;306;2.8;306;4.18;306;1.38;0;0
4a9gl6njo9uk;40;5;0;18;1020011;12956;2;1020;193.4;Powiat zgierski;853.9990645;182.2143352;21.33659658;2.18;888;103.9813785;1106.6;129.5785963;4850.81326;62.99420572;0;S;29518;407.67;37786;120.3;46765;99.62;30014;37.33;0;1
4af9frv8ctg9;41;5;1;18;1061011;645693;1;1061;2182.1;Powiat m. £Ûdü;292.8501406;1049.525352;358.3830796;4.03;2296;784.0187459;763.4;260.6794036;12495.11962;10407.26663;4;S;6255;87.93;6528;24.88;7573;35.53;7345;18.65;0;1
4an62jin83w9;42;5;1;16;1061011;645693;1;1061;2182.1;Powiat m. £Ûdü;292.8501406;1049.525352;358.3830796;4.03;2296;784.0187459;763.4;260.6794036;11319.27252;11284.2932;6;S;1552;21.43;1983;7.27;1806;8.03;3441;7.43;1;1
4bu4ne3uhm37;43;5;1;17;1001072;8116;3;1001;110.8;Powiat be≥chatowski;966.2626658;198.2751399;20.51979724;14.05;961;99.45535868;943.4;97.63390778;5919.398048;1192.876914;0;S;1560;21.47;1560;5.92;1560;21.47;1571;3.12;0;1
4gl76grn83n8;44;5;0;16;1061011;645693;1;1061;2182.1;Powiat m. £Ûdü;292.8501406;1049.525352;358.3830796;4.03;2296;784.0187459;763.4;260.6794036;6808.29605;12735.12437;9;S;89196;1209.53;95692;293.37;113682;138.57;98746;75.12;0;0
4hl4hw7kfg49;45;5;1;10;1061011;645693;1;1061;2182.1;Powiat m. £Ûdü;292.8501406;1049.525352;358.3830796;4.03;2296;784.0187459;763.4;260.6794036;11372.90748;6329.051118;2;S;499;6.93;499;1.48;499;6.93;620;3.03;0;0
4j7xjz2w3fr4;46;5;1;13;1061011;645693;1;1061;2182.1;Powiat m. £Ûdü;292.8501406;1049.525352;358.3830796;4.03;2296;784.0187459;763.4;260.6794036;9675.510758;1637.468546;2;S;4145;57.42;4881;16.58;5102;24;4777;10.92;0;1
4jg2zp2rmh47;47;5;1;16;1061011;645693;1;1061;2182.1;Powiat m. £Ûdü;292.8501406;1049.525352;358.3830796;4.03;2296;784.0187459;763.4;260.6794036;7407.928761;9896.721601;9;S;6464;90.97;7396;27.05;7310;42.22;8105;17.97;0;0
4k4ybe27u723;49;5;1;16;1012022;4621;3;1012;72.5;Powiat radomszczaÒski;1441.229323;125.7545581;8.725506492;2.07;833;57.79788039;1190.9;82.63084725;7717.209254;84.46199513;1;S;5623;75;5623;16.68;21772;140.78;5636;7.2;0;1
4tc49psw89d4;50;5;1;17;1001072;8116;3;1001;110.8;Powiat be≥chatowski;966.2626658;198.2751399;20.51979724;14.05;961;99.45535868;943.4;97.63390778;3843.194407;0;2;S;4482;60.38;4563;14.6;5494;16.57;4563;5.37;0;1
4xx4s7jse6n4;51;5;1;16;1020085;9675;3;1020;193.4;Powiat zgierski;853.9990645;182.2143352;21.33659658;2.18;888;103.9813785;1106.6;129.5785963;3359.823334;0;0;S;11455;157.85;12651;43.72;12124;38.68;11897;16.48;1;1
4zh87sa8kbc6;52;5;1;18;1061011;645693;1;1061;2182.1;Powiat m. £Ûdü;292.8501406;1049.525352;358.3830796;4.03;2296;784.0187459;763.4;260.6794036;5802.245796;655.8743772;2;S;7390;101.82;7918;26.33;10041;45.38;7814;14.45;0;1
4zm8obt2xcd4;53;5;1;17;1016011;56681;2;1016;106;Powiat tomaszowski;1023.091277;198.4567764;19.39775862;7.99;616;60.20968156;975.8;95.3776092;6864.022174;46.23310951;4;S;4095;56.3;4306;14.52;7620;25.13;4424;7.9;0;1
622nvb4dbl76;54;5;1;18;1061011;645693;1;1061;2182.1;Powiat m. £Ûdü;292.8501406;1049.525352;358.3830796;4.03;2296;784.0187459;763.4;260.6794036;12042.24721;11524.08415;7;S;2190;30.3;2534;9.23;2491;13.08;2319;7.57;0;1
62pbm94hiy37;55;5;1;16;1016062;7146;3;1016;106;Powiat tomaszowski;1023.091277;198.4567764;19.39775862;7.99;616;60.20968156;975.8;95.3776092;6859.291174;0;4;S;4149;57.23;4266;16.12;7929;20.58;4276;7.15;0;0
63fi6clb6326;56;5;1;17;1012011;42412;2;1012;72.5;Powiat radomszczaÒski;1441.229323;125.7545581;8.725506492;2.07;833;57.79788039;1190.9;82.63084725;9459.872748;115.0943562;3;S;2494;35.37;2994;11.47;2494;35.37;2603;5.82;0;1
67jso9gjh6jf;57;5;0;15;1016072;5984;3;1016;106;Powiat tomaszowski;1023.091277;198.4567764;19.39775862;7.99;616;60.20968156;975.8;95.3776092;7422.970363;1227.860659;4;S;27247;370.72;28102;85.32;37463;78.75;28029;39.82;1;0
68uzd7gvw2o4;58;5;1;14;1061011;645693;1;1061;2182.1;Powiat m. £Ûdü;292.8501406;1049.525352;358.3830796;4.03;2296;784.0187459;763.4;260.6794036;11849.6004;3619.541545;19;S;3591;49.43;3558;12.67;3957;23.32;3558;14.17;1;1
6d36nm7pzj86;59;5;1;16;1016032;2069;3;1016;106;Powiat tomaszowski;1023.091277;198.4567764;19.39775862;7.99;616;60.20968156;975.8;95.3776092;4758.173036;0;1;S;18905;254.62;20988;64.02;;;20875;22.12;;
6gl2wtt6zef9;60;5;1;16;1016011;56681;2;1016;106;Powiat tomaszowski;1023.091277;198.4567764;19.39775862;7.99;616;60.20968156;975.8;95.3776092;11960.16849;11001.19645;8;S;1022;13.88;1204;3.53;1022;13.88;1388;3.22;0;1
6hx2yg9sv774;61;5;1;13;1061011;645693;1;1061;2182.1;Powiat m. £Ûdü;292.8501406;1049.525352;358.3830796;4.03;2296;784.0187459;763.4;260.6794036;12274.89621;7306.47684;8;S;353;4.78;353;0.97;353;4.78;325;1.92;1;0
6k499kz2gx99;62;5;1;18;1016072;5984;3;1016;106;Powiat tomaszowski;1023.091277;198.4567764;19.39775862;7.99;616;60.20968156;975.8;95.3776092;4807.81025;1101.43564;4;S;27668;377.27;28971;87.4;39092;95.92;28406;37.35;0;0
6ki3s8kdc7f8;63;5;1;18;1020044;22023;2;1020;193.4;Powiat zgierski;853.9990645;182.2143352;21.33659658;2.18;888;103.9813785;1106.6;129.5785963;8016.165447;0;0;S;5358;73.4;5820;18.3;9253;38.85;5478;8.62;1;1
6pz7mb6nrp99;64;5;1;18;1061011;645693;1;1061;2182.1;Powiat m. £Ûdü;292.8501406;1049.525352;358.3830796;4.03;2296;784.0187459;763.4;260.6794036;12272.17438;10852.56545;6;S;2128;29.52;2604;9.58;2407;11.95;2365;7.45;1;1
6rzb33d28el6;65;5;0;18;1013011;15783;2;1013;70;Powiat rawski;645.5332469;90.80383441;14.06648455;4.73;252;39.03749361;647.5;100.3046711;6405.453483;0;0;S;2356;31.87;2356;7.57;2356;31.87;2651;4.4;1;0
6s9dlj6zni43;66;5;1;14;1061011;645693;1;1061;2182.1;Powiat m. £Ûdü;292.8501406;1049.525352;358.3830796;4.03;2296;784.0187459;763.4;260.6794036;9606.731195;2915.68441;15;S;1714;23.33;1714;6.62;1726;17.07;1714;6.35;1;1
6t2ngt39uuw9;67;5;1;17;1001062;4749;3;1001;110.8;Powiat be≥chatowski;966.2626658;198.2751399;20.51979724;14.05;961;99.45535868;943.4;97.63390778;6347.723363;347.6512596;2;S;7806;104.93;10798;31.67;;;7806;6.53;0;1
6to2po2ecb69;68;5;0;18;1061011;645693;1;1061;2182.1;Powiat m. £Ûdü;292.8501406;1049.525352;358.3830796;4.03;2296;784.0187459;763.4;260.6794036;8121.147336;10132.2345;9;S;8905;125.4;9976;35.13;10719;43.95;10423;21.57;0;1
6vd6nsa7bo43;69;5;0;11;1061011;645693;1;1061;2182.1;Powiat m. £Ûdü;292.8501406;1049.525352;358.3830796;4.03;2296;784.0187459;763.4;260.6794036;10334.07983;10701.68234;6;S;1274;17.05;1387;4.55;1918;14.17;4009;9.38;0;0
6vw884jia7vs;70;5;1;9;1061011;645693;1;1061;2182.1;Powiat m. £Ûdü;292.8501406;1049.525352;358.3830796;4.03;2296;784.0187459;763.4;260.6794036;12680.22482;3722.511044;11;S;6;0.08;6;0.02;6;0.08;6;0.02;0;1
6wp6de7cbt83;71;5;1;17;1001072;8116;3;1001;110.8;Powiat be≥chatowski;966.2626658;198.2751399;20.51979724;14.05;961;99.45535868;943.4;97.63390778;7634.098779;0;2;S;9;0.12;9;0.03;9;0.12;9;0.02;0;0
722wv6i8eza8;72;5;1;12;1006082;5811;3;1006;151;Powiat ≥Ûdzki wschodni;499.1387193;129.2560513;25.89581739;10.7;448;89.75460783;667;133.6301862;5748.39385;264.4064392;4;S;5494;75.48;5521;18.33;6007;21.9;5501;8.47;0;1
72hi2n74vau7;73;5;0;13;1061011;645693;1;1061;2182.1;Powiat m. £Ûdü;292.8501406;1049.525352;358.3830796;4.03;2296;784.0187459;763.4;260.6794036;14949.96648;1511.054291;15;S;1505;20.7;1639;6;2143;13.6;1577;3.78;0;0
73ayd2h7seb3;74;5;1;16;1012042;5606;3;1012;72.5;Powiat radomszczaÒski;1441.229323;125.7545581;8.725506492;2.07;833;57.79788039;1190.9;82.63084725;5958.68693;2184.950857;1;S;14298;195.73;16635;55.12;14889;67.5;14311;19.63;0;1
74wis3tyl8y6;75;5;1;15;1061011;645693;1;1061;2182.1;Powiat m. £Ûdü;292.8501406;1049.525352;358.3830796;4.03;2296;784.0187459;763.4;260.6794036;8339.263574;5184.172472;9;S;8624;120.52;9363;33.02;10033;42.93;13036;23.12;1;1
76gwi6kye8n9;76;5;0;16;1017054;1332;3;1017;77.1;Powiat wieluÒski;924.9576466;121.9433161;13.18366485;5.58;548;59.24595597;873.6;94.44756776;8685.075103;572.5291402;2;S;22055;299.08;27348;82.85;;;24994;20.78;0;0
7c94t9elp9c3;77;5;1;12;1061011;645693;1;1061;2182.1;Powiat m. £Ûdü;292.8501406;1049.525352;358.3830796;4.03;2296;784.0187459;763.4;260.6794036;11060.95797;6826.706303;12;S;898;12.1;1088;3.13;898;12.1;1060;4;0;0
7de2vma2xvh3;78;5;1;17;1012142;4735;3;1012;72.5;Powiat radomszczaÒski;1441.229323;125.7545581;8.725506492;2.07;833;57.79788039;1190.9;82.63084725;5155.598929;351.9768498;1;S;22509;304.93;24961;74.9;;;25887;25.7;1;1
7dv6llr6zbx3;79;5;1;16;1061011;645693;1;1061;2182.1;Powiat m. £Ûdü;292.8501406;1049.525352;358.3830796;4.03;2296;784.0187459;763.4;260.6794036;6825.153418;2325.589667;2;S;2024;27.68;2064;7.2;2969;22.78;2793;5.58;0;0
7gb6uu4lhx49;80;5;0;17;1061011;645693;1;1061;2182.1;Powiat m. £Ûdü;292.8501406;1049.525352;358.3830796;4.03;2296;784.0187459;763.4;260.6794036;8284.124894;3697.729475;15;S;2259;31.98;2422;9.02;2813;16.13;2982;6.97;1;1
7hr22ben944c;81;5;0;16;1006082;5811;3;1006;151;Powiat ≥Ûdzki wschodni;499.1387193;129.2560513;25.89581739;10.7;448;89.75460783;667;133.6301862;5748.39385;264.4064392;4;S;7754;105.53;8204;25.08;8697;28.92;7748;11.78;0;1
7hu39ehn8dx8;82;5;0;14;1063011;45121;2;1063;1295.2;Powiat m. Skierniewice;34.55875472;71.15621041;205.8992316;6.85;187;541.1074604;143;413.788058;12663.86334;4668.23965;5;S;547;7.53;647;1.95;547;7.53;647;1.98;1;0
7j4npc2k2gf4;83;5;0;13;1061011;645693;1;1061;2182.1;Powiat m. £Ûdü;292.8501406;1049.525352;358.3830796;4.03;2296;784.0187459;763.4;260.6794036;7282.577684;5964.173791;7;S;2765;39.47;3170;12.38;3385;16.7;3804;10.65;0;0
7kx8gnn6gku6;84;5;0;15;1020044;22023;2;1020;193.4;Powiat zgierski;853.9990645;182.2143352;21.33659658;2.18;888;103.9813785;1106.6;129.5785963;7723.5086;0;0;S;12297;171.15;12872;42.63;13389;68.77;13233;26.02;1;1
7lv8b2pgg6s6;85;5;0;13;1061011;645693;1;1061;2182.1;Powiat m. £Ûdü;292.8501406;1049.525352;358.3830796;4.03;2296;784.0187459;763.4;260.6794036;8931.032738;8699.408424;4;S;812;10.57;896;2.27;812;10.57;1860;7.33;0;0
7o2dmi4lho6a;86;5;1;17;1016092;11492;2;1016;106;Powiat tomaszowski;1023.091277;198.4567764;19.39775862;7.99;616;60.20968156;975.8;95.3776092;4970.05896;144.8328213;3;S;6631;90.75;6439;20.88;11585;367.52;6439;9;0;1
7o9p4n8nzh93;87;5;1;10;1008052;7656;3;1008;240.6;Powiat pabianicki;491.5247438;135.3532664;27.53742677;4.91;456;92.77254212;567.3;115.4163665;5797.552486;752.7879757;4;S;2179;30.02;2180;7.63;2179;30.02;2454;4.07;0;0
7p27gdp9zj97;88;5;1;18;1061011;645693;1;1061;2182.1;Powiat m. £Ûdü;292.8501406;1049.525352;358.3830796;4.03;2296;784.0187459;763.4;260.6794036;11532.87888;3506.918817;7;S;4272;59.67;4506;16.45;5311;25.82;4979;11.3;1;1
7pr6zb9uw8k7;89;5;0;18;1012011;42412;2;1012;72.5;Powiat radomszczaÒski;1441.229323;125.7545581;8.725506492;2.07;833;57.79788039;1190.9;82.63084725;10967.05271;2348.609729;7;S;59820;804.9;63477;194.97;;;66300;47.72;1;0
7rm48jw6w766;90;5;1;18;1061011;645693;1;1061;2182.1;Powiat m. £Ûdü;292.8501406;1049.525352;358.3830796;4.03;2296;784.0187459;763.4;260.6794036;11604.71875;10827.98871;6;S;4025;56.75;4308;14.47;8740;37.02;4768;12.43;0;1
7wc7fma2ag77;91;5;1;17;1016062;7146;3;1016;106;Powiat tomaszowski;1023.091277;198.4567764;19.39775862;7.99;616;60.20968156;975.8;95.3776092;4068.116669;73.5026774;1;S;9223;124.47;9898;31.2;21140;66.72;9351;12.82;0;1
83bi7nhl3wm6;92;5;1;17;1061011;645693;1;1061;2182.1;Powiat m. £Ûdü;292.8501406;1049.525352;358.3830796;4.03;2296;784.0187459;763.4;260.6794036;10092.50843;2951.650447;2;S;8186;112.83;8573;29.53;9250;55.93;13069;24.45;0;1
879oxx6war8a;93;5;0;18;1061011;645693;1;1061;2182.1;Powiat m. £Ûdü;292.8501406;1049.525352;358.3830796;4.03;2296;784.0187459;763.4;260.6794036;6844.032282;14190.66673;0;S;48;0.65;48;0.13;48;0.65;28;0.12;0;0
8eg9hd9mfm7r;94;5;1;15;1016072;5984;3;1016;106;Powiat tomaszowski;1023.091277;198.4567764;19.39775862;7.99;616;60.20968156;975.8;95.3776092;3425.027828;71.45405789;0;S;21440;289.95;21899;66.67;61376;117.62;22422;27.37;0;1
8fj2yja69ug7;95;5;1;18;1061011;645693;1;1061;2182.1;Powiat m. £Ûdü;292.8501406;1049.525352;358.3830796;4.03;2296;784.0187459;763.4;260.6794036;9670.024441;6119.346317;19;S;505;7.23;534;1.62;505;7.23;505;2.27;0;0
8he7ybk732j4;96;5;0;18;1013011;15783;2;1013;70;Powiat rawski;645.5332469;90.80383441;14.06648455;4.73;252;39.03749361;647.5;100.3046711;6341.743212;0;0;S;2335;31.57;2335;7.48;2335;31.57;2691;4.48;1;0
8j23srv6j7e6;97;5;0;18;1012011;42412;2;1012;72.5;Powiat radomszczaÒski;1441.229323;125.7545581;8.725506492;2.07;833;57.79788039;1190.9;82.63084725;11017.09857;2348.609729;7;S;2059;29.28;2099;8.23;2059;29.28;2832;6.28;1;0
8re94yui6po6;98;5;1;16;1061011;645693;1;1061;2182.1;Powiat m. £Ûdü;292.8501406;1049.525352;358.3830796;4.03;2296;784.0187459;763.4;260.6794036;10742.11502;5107.763374;8;S;6351;87.93;6549;22.72;6645;38.95;8476;20.72;;
8ru6zac4h6bz;99;5;1;14;1008011;19276;2;1008;240.6;Powiat pabianicki;491.5247438;135.3532664;27.53742677;4.91;456;92.77254212;567.3;115.4163665;5595.456756;0;0;S;8010;109.95;8603;26.3;10028;56.77;9501;19.18;0;0
8rx4hrv2hl66;100;5;0;15;1063011;45121;2;1063;1295.2;Powiat m. Skierniewice;34.55875472;71.15621041;205.8992316;6.85;187;541.1074604;143;413.788058;10406.2918;3718.434591;7;S;951;13;1029;4.02;951;13;989;2.7;1;0
8ut24lsg7sat;101;5;0;7;1061011;645693;1;1061;2182.1;Powiat m. £Ûdü;292.8501406;1049.525352;358.3830796;4.03;2296;784.0187459;763.4;260.6794036;8163.53138;9021.815222;2;S;328;4.4;349;0.97;328;4.4;328;1.48;1;0
937zf8uay9u4;102;5;0;16;1061011;645693;1;1061;2182.1;Powiat m. £Ûdü;292.8501406;1049.525352;358.3830796;4.03;2296;784.0187459;763.4;260.6794036;6811.304466;4542.587275;5;S;303;4.15;303;0.85;303;4.15;303;0.88;0;1
93buz4udu9m7;103;5;1;16;1020031;52938;2;1020;193.4;Powiat zgierski;853.9990645;182.2143352;21.33659658;2.18;888;103.9813785;1106.6;129.5785963;9119.727001;1304.081742;6;S;11680;160.75;12041;41.08;14409;46.85;14786;26.47;0;1
94ggd4iiy8f7;104;5;0;15;1012011;42412;2;1012;72.5;Powiat radomszczaÒski;1441.229323;125.7545581;8.725506492;2.07;833;57.79788039;1190.9;82.63084725;6643.388115;0;4;S;3186;44.68;3647;13.22;3186;44.68;3295;6.65;1;1
94jeu24oxi69;105;5;1;17;1012132;4243;3;1012;72.5;Powiat radomszczaÒski;1441.229323;125.7545581;8.725506492;2.07;833;57.79788039;1190.9;82.63084725;5352.295104;0;0;S;26422;356.12;29187;85.92;;;26635;27.3;0;0
94sb6wsl6sm8;106;5;1;18;1008072;9128;3;1008;240.6;Powiat pabianicki;491.5247438;135.3532664;27.53742677;4.91;456;92.77254212;567.3;115.4163665;4563.783304;0;2;S;5061;69.67;5669;17.25;6901;28.5;5111;8.52;0;1
96h7o9if2jh8;107;5;1;18;1061011;645693;1;1061;2182.1;Powiat m. £Ûdü;292.8501406;1049.525352;358.3830796;4.03;2296;784.0187459;763.4;260.6794036;13316.58839;9242.969011;13;S;2047;28.93;2174;8.37;2055;13.42;2070;6.6;1;1
98an97hyj4u3;108;5;1;18;1016104;1499;3;1016;106;Powiat tomaszowski;1023.091277;198.4567764;19.39775862;7.99;616;60.20968156;975.8;95.3776092;6204.480806;3363.612962;2;S;11315;154.43;11721;37.37;26356;140.13;12552;16.72;0;1
9as67mid33v9;109;5;0;12;1061011;645693;1;1061;2182.1;Powiat m. £Ûdü;292.8501406;1049.525352;358.3830796;4.03;2296;784.0187459;763.4;260.6794036;9968.674416;2576.345711;12;S;325;4.38;359;1.02;325;4.38;330;1.42;0;0
9i7uig8jkh73;110;5;1;16;1061011;645693;1;1061;2182.1;Powiat m. £Ûdü;292.8501406;1049.525352;358.3830796;4.03;2296;784.0187459;763.4;260.6794036;8115.117899;8813.702188;3;S;4394;61.75;4445;16.05;5569;30.55;4963;14.55;1;1
9iy6wx4fuw7t;111;5;1;13;1061011;645693;1;1061;2182.1;Powiat m. £Ûdü;292.8501406;1049.525352;358.3830796;4.03;2296;784.0187459;763.4;260.6794036;11802.14902;3565.206216;20;S;3549;48.83;3516;12.1;3914;22.72;3516;13.65;0;0
9mm26obd4ci7;112;5;1;18;1061011;645693;1;1061;2182.1;Powiat m. £Ûdü;292.8501406;1049.525352;358.3830796;4.03;2296;784.0187459;763.4;260.6794036;8123.983199;16783.94954;6;S;3926;52.85;4104;13.65;4234;19.95;4594;16.03;0;1
9ts43ypx4kp9;113;5;1;17;1016011;56681;2;1016;106;Powiat tomaszowski;1023.091277;198.4567764;19.39775862;7.99;616;60.20968156;975.8;95.3776092;10311.77405;10726.73201;3;S;1504;20.37;1723;5.35;1944;16.95;2017;4.4;0;1
9vw8yca72io7;114;5;1;14;1061011;645693;1;1061;2182.1;Powiat m. £Ûdü;292.8501406;1049.525352;358.3830796;4.03;2296;784.0187459;763.4;260.6794036;9693.362647;2696.295607;13;S;598;8.37;598;2.13;598;8.37;598;3.05;0;0
9yl3yai8bbi4;115;5;0;16;1012011;42412;2;1012;72.5;Powiat radomszczaÒski;1441.229323;125.7545581;8.725506492;2.07;833;57.79788039;1190.9;82.63084725;3942.602815;0;3;S;3748;52.77;4779;16.52;3748;52.77;3744;7.22;1;1
9zf39gaa3ay3;116;5;1;18;1017094;20141;2;1017;77.1;Powiat wieluÒski;924.9576466;121.9433161;13.18366485;5.58;548;59.24595597;873.6;94.44756776;9806.575436;6036.921912;5;S;2476;33.97;2545;8.63;2476;33.97;3075;7.38;0;0
4g4fog98arl8;117;5;1;16;1061011;645693;1;1061;2182.1;Powiat m. £Ûdü;292.8501406;1049.525352;358.3830796;4.03;2296;784.0187459;763.4;260.6794036;11257.85856;5458.632367;10;S;1062;14.88;1490;5.35;1062;14.88;1941;6.43;0;0
6v4ru436byk2;118;5;0;17;1061011;645693;1;1061;2182.1;Powiat m. £Ûdü;292.8501406;1049.525352;358.3830796;4.03;2296;784.0187459;763.4;260.6794036;12475.11073;6376.522371;10;S;3941;55.4;4200;13.62;12928;42.27;5433;12.58;1;1
4myc3jiy9zca;119;5;0;11;1061011;645693;1;1061;2182.1;Powiat m. £Ûdü;292.8501406;1049.525352;358.3830796;4.03;2296;784.0187459;763.4;260.6794036;12229.60146;10164.31605;10;S;301;3.98;301;0.8;301;3.98;445;2.35;1;0
8ve3dyb7uc23;120;5;0;16;1061011;645693;1;1061;2182.1;Powiat m. £Ûdü;292.8501406;1049.525352;358.3830796;4.03;2296;784.0187459;763.4;260.6794036;10260.45235;9306.274946;12;S;633;8.75;709;2.13;633;8.75;747;3.9;0;0
4zw9gve83zo9;121;5;0;18;1016011;56681;2;1016;106;Powiat tomaszowski;1023.091277;198.4567764;19.39775862;7.99;616;60.20968156;975.8;95.3776092;6690.695787;2766.584909;5;S;1530;21.45;1772;7.83;1530;21.45;1796;3.52;0;0
4sw4bul2pmj9;122;5;0;16;1016062;7146;3;1016;106;Powiat tomaszowski;1023.091277;198.4567764;19.39775862;7.99;616;60.20968156;975.8;95.3776092;4404.877821;0;1;S;7689;103.65;7805;25.12;23285;86.58;7816;10.73;0;0
3on3vhz6zrn8;123;5;1;16;1061011;645693;1;1061;2182.1;Powiat m. £Ûdü;292.8501406;1049.525352;358.3830796;4.03;2296;784.0187459;763.4;260.6794036;11298.68502;4710.591122;10;S;3708;51.78;5116;16.02;4375;28.88;4543;11.45;0;1
3839epo2inw7;124;5;1;16;1016011;56681;2;1016;106;Powiat tomaszowski;1023.091277;198.4567764;19.39775862;7.99;616;60.20968156;975.8;95.3776092;10761.08346;7275.610273;6;S;2457;34.42;2856;11.93;3789;21.72;2677;6.55;1;1
9pb7nn2x6od4;125;5;1;16;1016042;4790;3;1016;106;Powiat tomaszowski;1023.091277;198.4567764;19.39775862;7.99;616;60.20968156;975.8;95.3776092;15216.95673;523.7336828;3;S;18979;256.35;21411;65.22;;;21672;18.8;0;0
72gyl9oi8zxu;126;5;1;17;1010022;4026;3;1010;62.4;Powiat piotrkowski;1426.409646;162.5195004;11.39360638;2.45;896;62.81505476;1306.2;91.57257202;6265.331198;1317.35868;1;S;23995;325.53;29323;89.97;51631;126.78;24504;30.62;0;0
4r7j47izd969;127;5;1;17;1061011;645693;1;1061;2182.1;Powiat m. £Ûdü;292.8501406;1049.525352;358.3830796;4.03;2296;784.0187459;763.4;260.6794036;6807.680437;2762.822206;4;S;5332;72.43;5331;16;5852;22.82;5800;9.85;0;1
7j3hiw696yp3;128;5;1;16;1061011;645693;1;1061;2182.1;Powiat m. £Ûdü;292.8501406;1049.525352;358.3830796;4.03;2296;784.0187459;763.4;260.6794036;9947.246742;1459.989709;9;S;5883;82.88;6278;23.87;8012;38.97;6281;15.9;0;0
7jo77gnl2d88;129;5;1;17;1016011;56681;2;1016;106;Powiat tomaszowski;1023.091277;198.4567764;19.39775862;7.99;616;60.20968156;975.8;95.3776092;9199.945896;639.6576569;5;S;3535;49.3;3727;11.93;5605;16.87;3694;6.4;0;1
8lx4tsy6dpc6;130;5;0;16;1016092;11492;2;1016;106;Powiat tomaszowski;1023.091277;198.4567764;19.39775862;7.99;616;60.20968156;975.8;95.3776092;7614.934333;0;2;S;3644;49.42;4349;13.48;5939;23.83;3751;8.5;0;1
34i3f2gbm4l9;131;5;1;17;1061011;645693;1;1061;2182.1;Powiat m. £Ûdü;292.8501406;1049.525352;358.3830796;4.03;2296;784.0187459;763.4;260.6794036;6314.532156;4907.52221;3;S;4677;65.52;4977;18.45;10162;48.6;5184;14.83;;
8jd2y7t9n2c3;132;5;1;17;1016062;7146;3;1016;106;Powiat tomaszowski;1023.091277;198.4567764;19.39775862;7.99;616;60.20968156;975.8;95.3776092;3133.678395;0;1;S;12028;162.95;14111;44.7;19836;72.37;13999;16.28;1;1
9cu94w4sfp69;133;5;1;17;1016062;7146;3;1016;106;Powiat tomaszowski;1023.091277;198.4567764;19.39775862;7.99;616;60.20968156;975.8;95.3776092;1848.151093;0;2;S;16585;223.93;18668;57.33;;;18555;20.03;0;1
2xu3u9cmz6o6;134;5;0;16;1016011;56681;2;1016;106;Powiat tomaszowski;1023.091277;198.4567764;19.39775862;7.99;616;60.20968156;975.8;95.3776092;9259.709222;4805.456299;8;S;2335;32.87;2388;9.73;2687;23.58;2767;5.42;0;1
3h9whv6hwy29;135;5;1;16;1061011;645693;1;1061;2182.1;Powiat m. £Ûdü;292.8501406;1049.525352;358.3830796;4.03;2296;784.0187459;763.4;260.6794036;9182.411974;10922.56924;10;S;433;6.1;434;1.37;433;6.1;861;4.02;0;0
34jc9fgd9ex6;136;5;0;17;1016062;7146;3;1016;106;Powiat tomaszowski;1023.091277;198.4567764;19.39775862;7.99;616;60.20968156;975.8;95.3776092;5718.773912;1036.791101;2;S;10302;140.08;12389;40.15;17981;47.67;12032;14.53;0;1
9czr7rfk9cz3;137;5;0;16;1016011;56681;2;1016;106;Powiat tomaszowski;1023.091277;198.4567764;19.39775862;7.99;616;60.20968156;975.8;95.3776092;11104.62735;8177.646311;7;S;2122;29.72;2615;10.45;3994;24.28;2152;5.87;0;1
7tr8cnx66jl7;138;5;0;17;1016054;765;3;1016;106;Powiat tomaszowski;1023.091277;198.4567764;19.39775862;7.99;616;60.20968156;975.8;95.3776092;2784.173113;1265.300486;0;S;17346;235.05;18111;59.83;;;17565;20.88;0;0
49os8xsx7oi4;139;5;0;16;1016011;56681;2;1016;106;Powiat tomaszowski;1023.091277;198.4567764;19.39775862;7.99;616;60.20968156;975.8;95.3776092;10570.65097;10739.6991;6;S;2441;34.12;2641;9.42;2816;27.73;2525;7.47;1;1
7mf4l4trf3ze;140;5;1;17;1061011;645693;1;1061;2182.1;Powiat m. £Ûdü;292.8501406;1049.525352;358.3830796;4.03;2296;784.0187459;763.4;260.6794036;9153.930939;9366.764227;3;S;52480;711.47;54789;168.22;68338;128.88;85633;67.5;0;1
3688cti4uea8;141;5;1;16;1016092;11492;2;1016;106;Powiat tomaszowski;1023.091277;198.4567764;19.39775862;7.99;616;60.20968156;975.8;95.3776092;5345.036563;0;1;S;4593;63.45;4944;17.3;6085;20.87;5077;8.75;0;1
4f83r7de66n6;142;5;1;16;1016092;11492;2;1016;106;Powiat tomaszowski;1023.091277;198.4567764;19.39775862;7.99;616;60.20968156;975.8;95.3776092;7636.255509;0;2;S;7445;100.57;7777;22.95;7718;32.63;7908;11.23;0;1
7mjw2chk2g83;143;5;1;16;1016104;1499;3;1016;106;Powiat tomaszowski;1023.091277;198.4567764;19.39775862;7.99;616;60.20968156;975.8;95.3776092;5176.529467;1169.548601;2;S;11238;153.65;11696;37.95;14851;41.95;13114;17.03;0;1
889tao7rvt44;144;5;0;16;1016011;56681;2;1016;106;Powiat tomaszowski;1023.091277;198.4567764;19.39775862;7.99;616;60.20968156;975.8;95.3776092;11295.22139;8973.560068;6;S;2135;29.83;2187;9.35;2751;23.27;2567;5.78;0;1
498tfd8lj6t3;145;5;0;16;1016011;56681;2;1016;106;Powiat tomaszowski;1023.091277;198.4567764;19.39775862;7.99;616;60.20968156;975.8;95.3776092;6696.687995;7700.19261;8;S;145;2.03;145;0.48;145;2.03;145;0.35;0;1
6lhd98mxj8m3;146;5;1;17;1016011;56681;2;1016;106;Powiat tomaszowski;1023.091277;198.4567764;19.39775862;7.99;616;60.20968156;975.8;95.3776092;9208.185761;9427.412991;3;S;2475;34.4;2751;10.97;3223;19.68;3279;6.53;0;1
948vaj33uch8;147;5;0;16;1016011;56681;2;1016;106;Powiat tomaszowski;1023.091277;198.4567764;19.39775862;7.99;616;60.20968156;975.8;95.3776092;12003.91902;9229.486809;7;S;2096;29.28;2199;10;3730;26.52;2145;5.97;0;1
77l6ahj37zi9;148;5;0;16;1061011;645693;1;1061;2182.1;Powiat m. £Ûdü;292.8501406;1049.525352;358.3830796;4.03;2296;784.0187459;763.4;260.6794036;11707.19358;6415.980739;24;S;4155;56.73;4584;14.53;5247;28.65;4323;10.85;;
9ko33z9t7ws8;149;5;1;16;1016011;56681;2;1016;106;Powiat tomaszowski;1023.091277;198.4567764;19.39775862;7.99;616;60.20968156;975.8;95.3776092;10952.12837;3343.078206;10;S;1006;13.97;1006;4.62;1006;13.97;1006;3.22;0;0
7fh22r6wkh7a;150;5;1;16;1006022;14838;2;1006;151;Powiat ≥Ûdzki wschodni;499.1387193;129.2560513;25.89581739;10.7;448;89.75460783;667;133.6301862;7357.584558;0;1;S;14222;195.38;14771;45.75;22486;64.68;16007;25.15;0;0
7atu6vk3oj64;151;5;0;16;1061011;645693;1;1061;2182.1;Powiat m. £Ûdü;292.8501406;1049.525352;358.3830796;4.03;2296;784.0187459;763.4;260.6794036;6433.246761;0;2;S;9316;128.52;13182;41.4;11713;39.18;11143;17.72;0;0
4s77njg9r64i;152;5;0;16;1061011;645693;1;1061;2182.1;Powiat m. £Ûdü;292.8501406;1049.525352;358.3830796;4.03;2296;784.0187459;763.4;260.6794036;15606.31315;10705.90057;11;S;719;9.8;775;2.35;719;9.8;1587;5.3;0;0
9ua7446fnv2m;153;5;0;17;1061011;645693;1;1061;2182.1;Powiat m. £Ûdü;292.8501406;1049.525352;358.3830796;4.03;2296;784.0187459;763.4;260.6794036;8310.749872;8454.752167;10;S;4660;65.55;5705;18.57;5185;27.25;5786;12.43;0;1
7je7ywm6kmh8;154;5;1;17;1008052;7656;3;1008;240.6;Powiat pabianicki;491.5247438;135.3532664;27.53742677;4.91;456;92.77254212;567.3;115.4163665;6647.570755;517.4324384;6;S;11084;154.3;11500;39.23;12113;49.68;12136;22.77;0;1
8vsc9atc2ig6;155;5;0;0;1061011;645693;1;1061;2182.1;Powiat m. £Ûdü;292.8501406;1049.525352;358.3830796;4.03;2296;784.0187459;763.4;260.6794036;9202.117374;8423.332775;3;S;735;10.27;738;2.17;735;10.27;860;2.1;;
8um48a6lg494;156;5;0;17;1061011;645693;1;1061;2182.1;Powiat m. £Ûdü;292.8501406;1049.525352;358.3830796;4.03;2296;784.0187459;763.4;260.6794036;12238.80328;6004.743052;9;S;2065;28.68;2200;7.82;2414;18.17;3554;6.7;0;0
2iou8kkj9iwm;157;5;1;16;1006075;10788;2;1006;151;Powiat ≥Ûdzki wschodni;499.1387193;129.2560513;25.89581739;10.7;448;89.75460783;667;133.6301862;2607.490201;0;0;S;16880;232.68;18439;55.42;19347;44.63;18853;28.33;0;0
7bm4y2pm7n27;158;5;1;17;1006105;8110;3;1006;151;Powiat ≥Ûdzki wschodni;499.1387193;129.2560513;25.89581739;10.7;448;89.75460783;667;133.6301862;4351.043403;707.9824837;3;S;15162;206.73;18364;57.38;;;19989;22.9;0;0
48ek47wgz9b6;159;5;0;16;1061011;645693;1;1061;2182.1;Powiat m. £Ûdü;292.8501406;1049.525352;358.3830796;4.03;2296;784.0187459;763.4;260.6794036;5028.78006;13654.93176;1;S;8100;113;9279;31.17;13841;59.85;8887;19.5;0;0
8jg9mse6chz8;160;5;;16;1061011;645693;1;1061;2182.1;Powiat m. £Ûdü;292.8501406;1049.525352;358.3830796;4.03;2296;784.0187459;763.4;260.6794036;7580.38773;12510.51797;0;S;3611;50.88;3778;13.9;4176;23.97;4971;10.9;0;1
7bf4u9ssd2u3;161;5;0;16;1061011;645693;1;1061;2182.1;Powiat m. £Ûdü;292.8501406;1049.525352;358.3830796;4.03;2296;784.0187459;763.4;260.6794036;13078.94109;11875.6848;6;S;2514;34.3;2514;7.9;4711;22.9;4769;9.43;0;1
8akx9i9grz64;162;5;1;16;1016104;1499;3;1016;106;Powiat tomaszowski;1023.091277;198.4567764;19.39775862;7.99;616;60.20968156;975.8;95.3776092;5176.529467;1169.548601;2;S;11234;153.6;11693;37.93;14848;41.9;13110;17.02;0;1
8yu7u9dsg3r9;163;5;0;16;1016092;11492;2;1016;106;Powiat tomaszowski;1023.091277;198.4567764;19.39775862;7.99;616;60.20968156;975.8;95.3776092;7265.93248;0;2;S;3413;46.3;4118;12.32;5663;19.9;3521;7.15;0;1
233k2pxo3ju3;164;5;1;9;1061011;645693;1;1061;2182.1;Powiat m. £Ûdü;292.8501406;1049.525352;358.3830796;4.03;2296;784.0187459;763.4;260.6794036;12439.86945;2324.039028;14;OR_N1;1524;20.77;2371;7.07;2093;17.83;1621;4.88;1;0
26xip874hvx8;165;5;1;18;1061011;645693;1;1061;2182.1;Powiat m. £Ûdü;292.8501406;1049.525352;358.3830796;4.03;2296;784.0187459;763.4;260.6794036;8906.049073;5924.610432;12;OR_N1;981;13.4;981;3.2;981;13.4;952;3.07;;
27zbi9vpg3z6;166;5;1;12;1008011;19276;2;1008;240.6;Powiat pabianicki;491.5247438;135.3532664;27.53742677;4.91;456;92.77254212;567.3;115.4163665;5134.879163;0;0;OR_N1;3013;41.72;3013;9.67;3013;41.72;4302;10.55;1;0
2du2axj46el8;167;5;1;16;1016011;56681;2;1016;106;Powiat tomaszowski;1023.091277;198.4567764;19.39775862;7.99;616;60.20968156;975.8;95.3776092;9642.72979;2190.58007;7;OR_N1;1095;14.95;1095;4.42;1095;14.95;1453;4.73;0;0
2dx8ntr6u3p7;168;5;1;9;1061011;645693;1;1061;2182.1;Powiat m. £Ûdü;292.8501406;1049.525352;358.3830796;4.03;2296;784.0187459;763.4;260.6794036;8275.309989;2702.630823;16;OR_N1;1529;20.98;1953;7.78;1674;17.08;1413;5.68;1;0
2ej7uw8v6437;169;5;1;18;1061011;645693;1;1061;2182.1;Powiat m. £Ûdü;292.8501406;1049.525352;358.3830796;4.03;2296;784.0187459;763.4;260.6794036;8190.114064;1661.024169;23;OR_N1;600;8.08;729;2.42;600;8.08;729;2.78;0;0
2ko2rum9mxy8;170;5;1;18;1061011;645693;1;1061;2182.1;Powiat m. £Ûdü;292.8501406;1049.525352;358.3830796;4.03;2296;784.0187459;763.4;260.6794036;12417.70073;6971.853989;10;OR_N1;8252;110.95;9004;28.72;12122;40.17;12107;25.22;0;1
2n3k6ghy89c7;171;5;0;12;1061011;645693;1;1061;2182.1;Powiat m. £Ûdü;292.8501406;1049.525352;358.3830796;4.03;2296;784.0187459;763.4;260.6794036;9056.95102;2469.217016;16;OR_N1;1548;21.2;1686;6.43;1694;17.3;2897;8.83;1;0
2o8xhr7k6nrv;172;5;1;14;1061011;645693;1;1061;2182.1;Powiat m. £Ûdü;292.8501406;1049.525352;358.3830796;4.03;2296;784.0187459;763.4;260.6794036;11773.74209;3707.15273;20;OR_N1;669;9.05;756;2.77;669;9.05;1218;6.12;;
2rc8zdf4gle9;173;5;0;16;1016112;3065;3;1016;106;Powiat tomaszowski;1023.091277;198.4567764;19.39775862;7.99;616;60.20968156;975.8;95.3776092;5412.936538;0;1;OR_N1;1501;20.27;1501;4.42;1501;20.27;2018;3.07;0;0
2xe7r3dr364v;174;5;0;11;1010022;4026;3;1010;62.4;Powiat piotrkowski;1426.409646;162.5195004;11.39360638;2.45;896;62.81505476;1306.2;91.57257202;5822.150752;0;1;OR_N1;19241;261.07;19887;59.75;68122;188.83;20392;23.2;;
2xk4nas4k249;175;5;1;17;1061011;645693;1;1061;2182.1;Powiat m. £Ûdü;292.8501406;1049.525352;358.3830796;4.03;2296;784.0187459;763.4;260.6794036;10934.81723;5786.509206;12;OR_N1;1065;14.5;1065;3.97;1161;9.42;1794;6.27;1;0
2zir9dn2hgr4;176;5;1;16;1016092;11492;2;1016;106;Powiat tomaszowski;1023.091277;198.4567764;19.39775862;7.99;616;60.20968156;975.8;95.3776092;5066.386004;144.8328213;2;OR_N1;5655;76.43;5685;17.58;9413;60.43;7543;7.35;0;1
36f82lsz2mr6;177;5;1;17;1061011;645693;1;1061;2182.1;Powiat m. £Ûdü;292.8501406;1049.525352;358.3830796;4.03;2296;784.0187459;763.4;260.6794036;10364.50176;2286.406817;6;OR_N1;2953;41.43;3964;14.07;3153;29.62;3244;7.9;0;0
3au8rjg8kra3;178;5;0;16;1020045;13380;2;1020;193.4;Powiat zgierski;853.9990645;182.2143352;21.33659658;2.18;888;103.9813785;1106.6;129.5785963;11606.15205;0;1;OR_N1;132;1.88;132;0.72;132;1.88;132;0.6;0;0
3cp9rp47jfb6;179;5;0;13;1061011;645693;1;1061;2182.1;Powiat m. £Ûdü;292.8501406;1049.525352;358.3830796;4.03;2296;784.0187459;763.4;260.6794036;10185.85035;3326.207838;14;OR_N1;4645;63.22;5132;20.12;5973;38.53;6363;14.57;1;0
3gb3vwm8hlb3;180;5;1;16;1061011;645693;1;1061;2182.1;Powiat m. £Ûdü;292.8501406;1049.525352;358.3830796;4.03;2296;784.0187459;763.4;260.6794036;9834.35267;8148.652897;6;OR_N1;4243;59.22;4505;15.33;10215;49.75;4273;13;1;1
3go4fki2ue29;181;5;1;16;1061011;645693;1;1061;2182.1;Powiat m. £Ûdü;292.8501406;1049.525352;358.3830796;4.03;2296;784.0187459;763.4;260.6794036;11344.58041;3413.189673;14;OR_N1;1182;16.48;1339;4.83;1314;10.62;1475;4.83;1;1
3ht6stl64x34;182;5;1;17;1016011;56681;2;1016;106;Powiat tomaszowski;1023.091277;198.4567764;19.39775862;7.99;616;60.20968156;975.8;95.3776092;9051.691328;5190.352661;9;OR_N1;638;8.48;638;1.72;638;8.48;1667;4.15;0;0
3on3hvn42jv3;183;5;0;18;1013011;15783;2;1013;70;Powiat rawski;645.5332469;90.80383441;14.06648455;4.73;252;39.03749361;647.5;100.3046711;9356.730973;0;0;OR_N1;1900;25.85;2208;7.62;1900;25.85;2398;5.27;1;0
3tg3ibp6zxf3;184;5;1;18;1061011;645693;1;1061;2182.1;Powiat m. £Ûdü;292.8501406;1049.525352;358.3830796;4.03;2296;784.0187459;763.4;260.6794036;8644.531516;9096.997373;2;OR_N1;608;8.28;611;1.82;608;8.28;564;2.38;0;0
3x6k8mg2fvh6;185;5;0;16;1016092;11492;2;1016;106;Powiat tomaszowski;1023.091277;198.4567764;19.39775862;7.99;616;60.20968156;975.8;95.3776092;6026.822418;0;0;OR_N1;1153;15.6;1153;3.37;1153;15.6;4224;6.2;0;0
3xbe9s3xy8o4;186;5;1;10;1061011;645693;1;1061;2182.1;Powiat m. £Ûdü;292.8501406;1049.525352;358.3830796;4.03;2296;784.0187459;763.4;260.6794036;8576.899613;3397.02132;16;OR_N1;309;4.53;327;2.63;309;4.53;2232;7.9;;
3y2lsk8l49b4;187;5;0;7;1061011;645693;1;1061;2182.1;Powiat m. £Ûdü;292.8501406;1049.525352;358.3830796;4.03;2296;784.0187459;763.4;260.6794036;10223.57553;11311.05842;6;OR_N1;1011;13.37;1036;2.77;1011;13.37;765;1.55;0;0
3z4f7gi3w7xe;188;5;0;15;1061011;645693;1;1061;2182.1;Powiat m. £Ûdü;292.8501406;1049.525352;358.3830796;4.03;2296;784.0187459;763.4;260.6794036;7027.07254;7622.31247;9;OR_N1;527;7.3;530;2.5;527;7.3;530;1.82;;
42srw7uo87m7;189;5;1;17;1009052;4876;3;1009;59.1;Powiat pajÍczaÒski;803.0385073;66.0912157;8.230142776;16.28;280;34.8675683;627.1;78.09090029;3590.790245;0;3;OR_N1;87;1.2;87;0.27;87;1.2;87;0.15;0;0
42tsi2klr8a9;190;5;0;12;1061011;645693;1;1061;2182.1;Powiat m. £Ûdü;292.8501406;1049.525352;358.3830796;4.03;2296;784.0187459;763.4;260.6794036;11739.31906;4261.189338;6;OR_N1;248;3.52;326;1.92;248;3.52;1638;3.72;0;0
476pyf7mzi93;191;5;1;16;1020011;12956;2;1020;193.4;Powiat zgierski;853.9990645;182.2143352;21.33659658;2.18;888;103.9813785;1106.6;129.5785963;3277.529619;378.8529425;0;OR_N1;34088;470.65;42428;138.87;42692;100.05;35938;47.12;0;0
47gw3dym2wp3;192;5;0;11;1061011;645693;1;1061;2182.1;Powiat m. £Ûdü;292.8501406;1049.525352;358.3830796;4.03;2296;784.0187459;763.4;260.6794036;13279.58359;4874.043571;10;OR_N1;809;10.85;809;4.92;809;10.85;2351;7.02;0;0
4af9frv8ctg9;193;5;1;18;1061011;645693;1;1061;2182.1;Powiat m. £Ûdü;292.8501406;1049.525352;358.3830796;4.03;2296;784.0187459;763.4;260.6794036;12495.11962;10407.26663;4;OR_N1;1532;20.45;1539;4.37;1687;11.82;2505;5.53;0;0
4an62jin83w9;194;5;1;16;1061011;645693;1;1061;2182.1;Powiat m. £Ûdü;292.8501406;1049.525352;358.3830796;4.03;2296;784.0187459;763.4;260.6794036;11319.27252;11284.2932;6;OR_N1;994;13.32;994;3.28;994;13.32;1604;4.05;;
4bu4ne3uhm37;195;5;1;17;1001072;8116;3;1001;110.8;Powiat be≥chatowski;966.2626658;198.2751399;20.51979724;14.05;961;99.45535868;943.4;97.63390778;5919.398048;1192.876914;0;OR_N1;982;13.53;1145;3.77;982;13.53;990;3.47;1;1
4jg2zp2rmh47;196;5;1;16;1061011;645693;1;1061;2182.1;Powiat m. £Ûdü;292.8501406;1049.525352;358.3830796;4.03;2296;784.0187459;763.4;260.6794036;7407.928761;9896.721601;9;OR_N1;10164;141.28;11341;40.63;11520;56.52;11889;25.42;;
4tc49psw89d4;198;5;1;17;1001072;8116;3;1001;110.8;Powiat be≥chatowski;966.2626658;198.2751399;20.51979724;14.05;961;99.45535868;943.4;97.63390778;3843.194407;0;2;OR_N1;22976;311.75;23680;73.37;23906;44.58;22638;24.3;0;0
4xx4s7jse6n4;199;5;1;16;1020085;9675;3;1020;193.4;Powiat zgierski;853.9990645;182.2143352;21.33659658;2.18;888;103.9813785;1106.6;129.5785963;3359.823334;0;0;OR_N1;984;13.15;984;2.83;984;13.15;984;2.58;0;0
6d36nm7pzj86;200;5;1;16;1016032;2069;3;1016;106;Powiat tomaszowski;1023.091277;198.4567764;19.39775862;7.99;616;60.20968156;975.8;95.3776092;4758.173036;0;1;OR_N1;18710;250.72;20687;61.17;;;20386;20.77;1;1
6hx2yg9sv774;201;5;1;13;1061011;645693;1;1061;2182.1;Powiat m. £Ûdü;292.8501406;1049.525352;358.3830796;4.03;2296;784.0187459;763.4;260.6794036;12274.89621;7306.47684;8;OR_N1;539;7.23;671;1.88;539;7.23;770;3.05;0;0
6k499kz2gx99;202;5;1;18;1016072;5984;3;1016;106;Powiat tomaszowski;1023.091277;198.4567764;19.39775862;7.99;616;60.20968156;975.8;95.3776092;4807.81025;1101.43564;4;OR_N1;27346;372.38;28609;86.22;33182;89.88;28134;36.62;;
6pz7mb6nrp99;203;5;1;18;1061011;645693;1;1061;2182.1;Powiat m. £Ûdü;292.8501406;1049.525352;358.3830796;4.03;2296;784.0187459;763.4;260.6794036;12272.17438;10852.56545;6;OR_N1;900;12.73;900;3.75;900;12.73;776;2.5;0;0
6rzb33d28el6;204;5;0;18;1013011;15783;2;1013;70;Powiat rawski;645.5332469;90.80383441;14.06648455;4.73;252;39.03749361;647.5;100.3046711;6405.453483;0;0;OR_N1;1188;15.93;1188;3.55;1188;15.93;1089;1.88;;
6to2po2ecb69;205;5;0;18;1061011;645693;1;1061;2182.1;Powiat m. £Ûdü;292.8501406;1049.525352;358.3830796;4.03;2296;784.0187459;763.4;260.6794036;8121.147336;10132.2345;9;OR_N1;7281;102.53;8336;29.97;9099;38.7;8847;20.1;1;0
6vd6nsa7bo43;206;5;0;11;1061011;645693;1;1061;2182.1;Powiat m. £Ûdü;292.8501406;1049.525352;358.3830796;4.03;2296;784.0187459;763.4;260.6794036;10334.07983;10701.68234;6;OR_N1;249;3.3;251;0.67;249;3.3;204;0.85;1;0
6vw884jia7vs;207;5;1;9;1061011;645693;1;1061;2182.1;Powiat m. £Ûdü;292.8501406;1049.525352;358.3830796;4.03;2296;784.0187459;763.4;260.6794036;12680.22482;3722.511044;11;OR_N1;819;11.02;1763;5.98;819;11.02;2325;6.92;1;0
722wv6i8eza8;208;5;1;12;1006082;5811;3;1006;151;Powiat ≥Ûdzki wschodni;499.1387193;129.2560513;25.89581739;10.7;448;89.75460783;667;133.6301862;5748.39385;264.4064392;4;OR_N1;5562;76.62;5562;18.45;6066;22.67;5562;8.93;;
72hi2n74vau7;209;5;0;13;1061011;645693;1;1061;2182.1;Powiat m. £Ûdü;292.8501406;1049.525352;358.3830796;4.03;2296;784.0187459;763.4;260.6794036;14949.96648;1511.054291;15;OR_N1;932;12.95;1049;4.25;1106;8.63;1116;2.25;0;0
73ayd2h7seb3;210;5;1;16;1012042;5606;3;1012;72.5;Powiat radomszczaÒski;1441.229323;125.7545581;8.725506492;2.07;833;57.79788039;1190.9;82.63084725;5958.68693;2184.950857;1;OR_N1;14032;191.25;16319;53.78;15040;61.62;14139;19.37;;
74wis3tyl8y6;211;5;1;15;1061011;645693;1;1061;2182.1;Powiat m. £Ûdü;292.8501406;1049.525352;358.3830796;4.03;2296;784.0187459;763.4;260.6794036;8339.263574;5184.172472;9;OR_N1;524;6.97;524;1.48;524;6.97;296;0.72;1;1
7c94t9elp9c3;212;5;1;12;1061011;645693;1;1061;2182.1;Powiat m. £Ûdü;292.8501406;1049.525352;358.3830796;4.03;2296;784.0187459;763.4;260.6794036;11060.95797;6826.706303;12;OR_N1;372;4.78;372;0.85;372;4.78;283;1.2;;
7de2vma2xvh3;213;5;1;17;1012142;4735;3;1012;72.5;Powiat radomszczaÒski;1441.229323;125.7545581;8.725506492;2.07;833;57.79788039;1190.9;82.63084725;5155.598929;351.9768498;1;OR_N1;2103;28.68;2103;7.17;2103;28.68;2103;3.4;1;0
7dv6llr6zbx3;214;5;1;16;1061011;645693;1;1061;2182.1;Powiat m. £Ûdü;292.8501406;1049.525352;358.3830796;4.03;2296;784.0187459;763.4;260.6794036;6825.153418;2325.589667;2;OR_N1;1170;16.08;1174;4.02;1170;16.08;1221;3.4;0;0
7hu39ehn8dx8;215;5;0;14;1063011;45121;2;1063;1295.2;Powiat m. Skierniewice;34.55875472;71.15621041;205.8992316;6.85;187;541.1074604;143;413.788058;12663.86334;4668.23965;5;OR_N1;298;4.32;1044;3.52;298;4.32;1044;2.72;1;0
7kx8gnn6gku6;216;5;0;15;1020044;22023;2;1020;193.4;Powiat zgierski;853.9990645;182.2143352;21.33659658;2.18;888;103.9813785;1106.6;129.5785963;7723.5086;0;0;OR_N1;479;6.55;479;1.42;479;6.55;479;1.5;;
7lv8b2pgg6s6;217;5;0;13;1061011;645693;1;1061;2182.1;Powiat m. £Ûdü;292.8501406;1049.525352;358.3830796;4.03;2296;784.0187459;763.4;260.6794036;8931.032738;8699.408424;4;OR_N1;526;6.97;597;1.55;526;6.97;796;3.97;;
7o2dmi4lho6a;218;5;1;17;1016092;11492;2;1016;106;Powiat tomaszowski;1023.091277;198.4567764;19.39775862;7.99;616;60.20968156;975.8;95.3776092;4970.05896;144.8328213;3;OR_N1;187;2.52;187;0.57;187;2.52;187;0.22;0;0
7o9p4n8nzh93;219;5;1;10;1008052;7656;3;1008;240.6;Powiat pabianicki;491.5247438;135.3532664;27.53742677;4.91;456;92.77254212;567.3;115.4163665;5797.552486;752.7879757;4;OR_N1;3498;46.73;3498;10.17;3498;46.73;4216;7.37;0;0
7p27gdp9zj97;220;5;1;18;1061011;645693;1;1061;2182.1;Powiat m. £Ûdü;292.8501406;1049.525352;358.3830796;4.03;2296;784.0187459;763.4;260.6794036;11532.87888;3506.918817;7;OR_N1;619;8.6;772;3.4;619;8.6;998;3.97;;
7pr6zb9uw8k7;221;5;0;18;1012011;42412;2;1012;72.5;Powiat radomszczaÒski;1441.229323;125.7545581;8.725506492;2.07;833;57.79788039;1190.9;82.63084725;10967.05271;2348.609729;7;OR_N1;668;9.62;668;2.68;668;9.62;668;1.78;;
7rm48jw6w766;222;5;1;18;1061011;645693;1;1061;2182.1;Powiat m. £Ûdü;292.8501406;1049.525352;358.3830796;4.03;2296;784.0187459;763.4;260.6794036;11604.71875;10827.98871;6;OR_N1;4989;70.17;5950;19.53;7237;37.62;6210;17.63;0;1
7wc7fma2ag77;223;5;1;17;1016062;7146;3;1016;106;Powiat tomaszowski;1023.091277;198.4567764;19.39775862;7.99;616;60.20968156;975.8;95.3776092;4068.116669;73.5026774;1;OR_N1;930;12.5;930;3.1;930;12.5;930;1.42;1;0
83bi7nhl3wm6;224;5;1;17;1061011;645693;1;1061;2182.1;Powiat m. £Ûdü;292.8501406;1049.525352;358.3830796;4.03;2296;784.0187459;763.4;260.6794036;10092.50843;2951.650447;2;OR_N1;989;13.58;1074;3.73;989;13.58;1650;5.12;;
8eg9hd9mfm7r;225;5;1;15;1016072;5984;3;1016;106;Powiat tomaszowski;1023.091277;198.4567764;19.39775862;7.99;616;60.20968156;975.8;95.3776092;3425.027828;71.45405789;0;OR_N1;382;5.35;382;1.13;382;5.35;382;0.55;0;0
8fj2yja69ug7;226;5;1;18;1061011;645693;1;1061;2182.1;Powiat m. £Ûdü;292.8501406;1049.525352;358.3830796;4.03;2296;784.0187459;763.4;260.6794036;9670.024441;6119.346317;19;OR_N1;623;8.28;626;1.65;623;8.28;876;3.72;;
8he7ybk732j4;227;5;0;18;1013011;15783;2;1013;70;Powiat rawski;645.5332469;90.80383441;14.06648455;4.73;252;39.03749361;647.5;100.3046711;6341.743212;0;0;OR_N1;1128;15.1;1128;3.35;1128;15.1;1224;2.25;1;0
8j23srv6j7e6;228;5;0;18;1012011;42412;2;1012;72.5;Powiat radomszczaÒski;1441.229323;125.7545581;8.725506492;2.07;833;57.79788039;1190.9;82.63084725;11017.09857;2348.609729;7;OR_N1;664;9.57;664;2.67;664;9.57;664;1.78;1;0
8ru6zac4h6bz;229;5;1;14;1008011;19276;2;1008;240.6;Powiat pabianicki;491.5247438;135.3532664;27.53742677;4.91;456;92.77254212;567.3;115.4163665;5595.456756;0;0;OR_N1;692;9.37;692;2.03;692;9.37;692;2.45;1;0
8rx4hrv2hl66;230;5;0;15;1063011;45121;2;1063;1295.2;Powiat m. Skierniewice;34.55875472;71.15621041;205.8992316;6.85;187;541.1074604;143;413.788058;10406.2918;3718.434591;7;OR_N1;694;9.55;1019;4.25;694;9.55;1063;3.57;;
8ut24lsg7sat;231;5;0;7;1061011;645693;1;1061;2182.1;Powiat m. £Ûdü;292.8501406;1049.525352;358.3830796;4.03;2296;784.0187459;763.4;260.6794036;8163.53138;9021.815222;2;OR_N1;485;6.4;509;1.35;485;6.4;1648;4.85;;
93buz4udu9m7;232;5;1;16;1020031;52938;2;1020;193.4;Powiat zgierski;853.9990645;182.2143352;21.33659658;2.18;888;103.9813785;1106.6;129.5785963;9119.727001;1304.081742;6;OR_N1;10869;149.9;11227;39.63;13256;42.42;11467;25.67;1;1
94ggd4iiy8f7;233;5;0;15;1012011;42412;2;1012;72.5;Powiat radomszczaÒski;1441.229323;125.7545581;8.725506492;2.07;833;57.79788039;1190.9;82.63084725;6643.388115;0;4;OR_N1;232;3.22;232;1.02;232;3.22;232;0.63;1;0
94jeu24oxi69;234;5;1;17;1012132;4243;3;1012;72.5;Powiat radomszczaÒski;1441.229323;125.7545581;8.725506492;2.07;833;57.79788039;1190.9;82.63084725;5352.295104;0;0;OR_N1;16510;220.57;16510;48.95;;;16510;18.52;0;0
96h7o9if2jh8;235;5;1;18;1061011;645693;1;1061;2182.1;Powiat m. £Ûdü;292.8501406;1049.525352;358.3830796;4.03;2296;784.0187459;763.4;260.6794036;13316.58839;9242.969011;13;OR_N1;1079;14.38;1143;4.93;1840;12.87;2864;8.07;0;0
9mm26obd4ci7;236;5;1;18;1061011;645693;1;1061;2182.1;Powiat m. £Ûdü;292.8501406;1049.525352;358.3830796;4.03;2296;784.0187459;763.4;260.6794036;8123.983199;16783.94954;6;OR_N1;456;6.13;501;1.82;456;6.13;539;2.32;0;0
9yl3yai8bbi4;237;5;0;16;1012011;42412;2;1012;72.5;Powiat radomszczaÒski;1441.229323;125.7545581;8.725506492;2.07;833;57.79788039;1190.9;82.63084725;3942.602815;0;3;OR_N1;611;8.27;627;2.15;611;8.27;611;1.33;0;0
9zf39gaa3ay3;238;5;1;18;1017094;20141;2;1017;77.1;Powiat wieluÒski;924.9576466;121.9433161;13.18366485;5.58;548;59.24595597;873.6;94.44756776;9806.575436;6036.921912;5;OR_N1;3678;50.53;4006;12.75;3678;50.53;4075;8.28;;
4myc3jiy9zca;239;5;0;11;1061011;645693;1;1061;2182.1;Powiat m. £Ûdü;292.8501406;1049.525352;358.3830796;4.03;2296;784.0187459;763.4;260.6794036;12229.60146;10164.31605;10;OR_N1;402;5.32;413;3.32;402;5.32;1657;5.57;;
4sw4bul2pmj9;240;5;0;16;1016062;7146;3;1016;106;Powiat tomaszowski;1023.091277;198.4567764;19.39775862;7.99;616;60.20968156;975.8;95.3776092;4404.877821;0;1;OR_N1;7549;100.9;7637;22.63;22655;81.52;8064;11.5;0;0
3839epo2inw7;241;5;1;16;1016011;56681;2;1016;106;Powiat tomaszowski;1023.091277;198.4567764;19.39775862;7.99;616;60.20968156;975.8;95.3776092;10761.08346;7275.610273;6;OR_N1;1535;20.42;1565;5.02;3052;15.27;2613;6.55;1;1
9pb7nn2x6od4;242;5;1;16;1016042;4790;3;1016;106;Powiat tomaszowski;1023.091277;198.4567764;19.39775862;7.99;616;60.20968156;975.8;95.3776092;15216.95673;523.7336828;3;OR_N1;18435;247.75;22108;66.43;;;20606;15.98;;
72gyl9oi8zxu;243;5;1;17;1010022;4026;3;1010;62.4;Powiat piotrkowski;1426.409646;162.5195004;11.39360638;2.45;896;62.81505476;1306.2;91.57257202;6265.331198;1317.35868;1;OR_N1;690;9.02;851;2.07;690;9.02;665;0.65;1;0
4r7j47izd969;244;5;1;17;1061011;645693;1;1061;2182.1;Powiat m. £Ûdü;292.8501406;1049.525352;358.3830796;4.03;2296;784.0187459;763.4;260.6794036;6807.680437;2762.822206;4;OR_N1;1635;22.52;1635;5.17;1852;10.42;1648;3.9;1;0
7j3hiw696yp3;245;5;1;16;1061011;645693;1;1061;2182.1;Powiat m. £Ûdü;292.8501406;1049.525352;358.3830796;4.03;2296;784.0187459;763.4;260.6794036;9947.246742;1459.989709;9;OR_N1;3793;52.17;4230;14.25;4876;27.97;4170;8;1;1
7jo77gnl2d88;246;5;1;17;1016011;56681;2;1016;106;Powiat tomaszowski;1023.091277;198.4567764;19.39775862;7.99;616;60.20968156;975.8;95.3776092;9199.945896;639.6576569;5;OR_N1;61;0.78;61;0.15;61;0.78;61;0.12;;
8lx4tsy6dpc6;247;5;0;16;1016092;11492;2;1016;106;Powiat tomaszowski;1023.091277;198.4567764;19.39775862;7.99;616;60.20968156;975.8;95.3776092;7614.934333;0;2;OR_N1;3737;50.77;3911;13.38;5425;24.95;3820;9.62;;
2xu3u9cmz6o6;248;5;0;16;1016011;56681;2;1016;106;Powiat tomaszowski;1023.091277;198.4567764;19.39775862;7.99;616;60.20968156;975.8;95.3776092;9259.709222;4805.456299;8;OR_N1;2245;31.12;2615;7.75;2966;17.07;3022;7.22;;
34jc9fgd9ex6;249;5;0;17;1016062;7146;3;1016;106;Powiat tomaszowski;1023.091277;198.4567764;19.39775862;7.99;616;60.20968156;975.8;95.3776092;5718.773912;1036.791101;2;OR_N1;564;7.75;564;2.07;564;7.75;564;1.73;;
9czr7rfk9cz3;250;5;0;16;1016011;56681;2;1016;106;Powiat tomaszowski;1023.091277;198.4567764;19.39775862;7.99;616;60.20968156;975.8;95.3776092;11104.62735;8177.646311;7;OR_N1;1461;19.83;1614;5.15;2985;14.37;1574;4.35;0;0
49os8xsx7oi4;251;5;0;16;1016011;56681;2;1016;106;Powiat tomaszowski;1023.091277;198.4567764;19.39775862;7.99;616;60.20968156;975.8;95.3776092;10570.65097;10739.6991;6;OR_N1;2211;29.63;2411;7.43;2357;24.43;2296;5.78;1;1
498tfd8lj6t3;252;5;0;16;1016011;56681;2;1016;106;Powiat tomaszowski;1023.091277;198.4567764;19.39775862;7.99;616;60.20968156;975.8;95.3776092;6696.687995;7700.19261;8;OR_N1;1966;26.28;2253;6.3;1966;26.28;2253;4.47;;
77l6ahj37zi9;253;5;0;16;1061011;645693;1;1061;2182.1;Powiat m. £Ûdü;292.8501406;1049.525352;358.3830796;4.03;2296;784.0187459;763.4;260.6794036;11707.19358;6415.980739;24;OR_N1;2462;33.07;2462;7.98;2987;16.33;2462;5.72;0;1
7fh22r6wkh7a;254;5;1;16;1006022;14838;2;1006;151;Powiat ≥Ûdzki wschodni;499.1387193;129.2560513;25.89581739;10.7;448;89.75460783;667;133.6301862;7357.584558;0;1;OR_N1;14107;194.48;14878;46.87;22742;68.67;16017;25.28;;
7atu6vk3oj64;255;5;0;16;1061011;645693;1;1061;2182.1;Powiat m. £Ûdü;292.8501406;1049.525352;358.3830796;4.03;2296;784.0187459;763.4;260.6794036;6433.246761;0;2;OR_N1;9325;129.27;13264;42.75;12775;42.97;10201;15.33;;
828ura4v8gk3;256;5;0;16;1006022;14838;2;1006;151;Powiat ≥Ûdzki wschodni;499.1387193;129.2560513;25.89581739;10.7;448;89.75460783;667;133.6301862;9062.169803;3838.803007;4;OR_N1;860;11.6;893;2.45;860;11.6;901;2.5;;
48ek47wgz9b6;257;5;0;16;1061011;645693;1;1061;2182.1;Powiat m. £Ûdü;292.8501406;1049.525352;358.3830796;4.03;2296;784.0187459;763.4;260.6794036;5028.78006;13654.93176;1;OR_N1;7387;99.82;8200;28.78;8470;56.27;8333;18.32;;
8jg9mse6chz8;258;5;;16;1061011;645693;1;1061;2182.1;Powiat m. £Ûdü;292.8501406;1049.525352;358.3830796;4.03;2296;784.0187459;763.4;260.6794036;7580.38773;12510.51797;0;OR_N1;68;0.87;68;0.15;68;0.87;517;2.02;;
8akx9i9grz64;259;5;1;16;1016104;1499;3;1016;106;Powiat tomaszowski;1023.091277;198.4567764;19.39775862;7.99;616;60.20968156;975.8;95.3776092;5176.529467;1169.548601;2;OR_N1;1880;26.62;1880;7.03;2622;15.73;1880;2.87;0;0
8yu7u9dsg3r9;260;5;0;16;1016092;11492;2;1016;106;Powiat tomaszowski;1023.091277;198.4567764;19.39775862;7.99;616;60.20968156;975.8;95.3776092;7265.93248;0;2;OR_N1;3499;47.58;3673;12.2;5142;20.95;3582;8.23;;
233k2pxo3ju3;261;5;1;9;1061011;645693;1;1061;2182.1;Powiat m. £Ûdü;292.8501406;1049.525352;358.3830796;4.03;2296;784.0187459;763.4;260.6794036;12439.86945;2324.039028;14;OR_N2;1172;16.72;1462;6.53;2011;16.67;1499;6.3;1;0
26xip874hvx8;262;5;1;18;1061011;645693;1;1061;2182.1;Powiat m. £Ûdü;292.8501406;1049.525352;358.3830796;4.03;2296;784.0187459;763.4;260.6794036;8906.049073;5924.610432;12;OR_N2;1233;17.15;1265;5.13;1436;13.18;1283;4.22;;
27zbi9vpg3z6;263;5;1;12;1008011;19276;2;1008;240.6;Powiat pabianicki;491.5247438;135.3532664;27.53742677;4.91;456;92.77254212;567.3;115.4163665;5134.879163;0;0;OR_N2;177;2.38;177;0.47;177;2.38;177;0.67;1;0
2du2axj46el8;264;5;1;16;1016011;56681;2;1016;106;Powiat tomaszowski;1023.091277;198.4567764;19.39775862;7.99;616;60.20968156;975.8;95.3776092;9642.72979;2190.58007;7;OR_N2;1383;18.87;1750;5.73;1383;18.87;937;3.52;1;0
2dx8ntr6u3p7;265;5;1;9;1061011;645693;1;1061;2182.1;Powiat m. £Ûdü;292.8501406;1049.525352;358.3830796;4.03;2296;784.0187459;763.4;260.6794036;8275.309989;2702.630823;16;OR_N2;1951;26.67;2125;8.27;2096;22.75;3141;9.63;1;0
2ej7uw8v6437;266;5;1;18;1061011;645693;1;1061;2182.1;Powiat m. £Ûdü;292.8501406;1049.525352;358.3830796;4.03;2296;784.0187459;763.4;260.6794036;8190.114064;1661.024169;23;OR_N2;344;5.18;344;3.02;344;5.18;591;2.83;0;0
2n3k6ghy89c7;267;5;0;12;1061011;645693;1;1061;2182.1;Powiat m. £Ûdü;292.8501406;1049.525352;358.3830796;4.03;2296;784.0187459;763.4;260.6794036;9056.95102;2469.217016;16;OR_N2;6904;95.05;7624;23.82;7391;34.12;7297;15.82;1;0
2o8xhr7k6nrv;268;5;1;14;1061011;645693;1;1061;2182.1;Powiat m. £Ûdü;292.8501406;1049.525352;358.3830796;4.03;2296;784.0187459;763.4;260.6794036;11773.74209;3707.15273;20;OR_N2;1727;24.05;2154;8.5;2650;21.18;1959;6.92;;
2rc8zdf4gle9;269;5;0;16;1016112;3065;3;1016;106;Powiat tomaszowski;1023.091277;198.4567764;19.39775862;7.99;616;60.20968156;975.8;95.3776092;5412.936538;0;1;OR_N2;1013;14;1013;4.2;1013;14;1439;1.77;1;0
2xe7r3dr364v;270;5;0;11;1010022;4026;3;1010;62.4;Powiat piotrkowski;1426.409646;162.5195004;11.39360638;2.45;896;62.81505476;1306.2;91.57257202;5822.150752;0;1;OR_N2;2125;28.35;2188;6.57;2125;28.35;2125;2.48;1;0
2xk4nas4k249;271;5;1;17;1061011;645693;1;1061;2182.1;Powiat m. £Ûdü;292.8501406;1049.525352;358.3830796;4.03;2296;784.0187459;763.4;260.6794036;10934.81723;5786.509206;12;OR_N2;2055;28.07;2055;7.38;3316;22.73;2228;6.5;1;0
2zir9dn2hgr4;272;5;1;16;1016092;11492;2;1016;106;Powiat tomaszowski;1023.091277;198.4567764;19.39775862;7.99;616;60.20968156;975.8;95.3776092;5066.386004;144.8328213;2;OR_N2;260;3.48;260;0.77;260;3.48;260;0.3;0;0
36f82lsz2mr6;273;5;1;17;1061011;645693;1;1061;2182.1;Powiat m. £Ûdü;292.8501406;1049.525352;358.3830796;4.03;2296;784.0187459;763.4;260.6794036;10364.50176;2286.406817;6;OR_N2;8111;110.58;8783;27.62;13404;64.9;11309;18.83;0;0
3au8rjg8kra3;274;5;0;16;1020045;13380;2;1020;193.4;Powiat zgierski;853.9990645;182.2143352;21.33659658;2.18;888;103.9813785;1106.6;129.5785963;11606.15205;0;1;OR_N2;646;9.18;661;2.58;646;9.18;661;1.78;1;0
3cp9rp47jfb6;275;5;0;13;1061011;645693;1;1061;2182.1;Powiat m. £Ûdü;292.8501406;1049.525352;358.3830796;4.03;2296;784.0187459;763.4;260.6794036;10185.85035;3326.207838;14;OR_N2;3649;50.17;3940;17.22;4585;29.97;3902;11.43;1;0
3gb3vwm8hlb3;276;5;1;16;1061011;645693;1;1061;2182.1;Powiat m. £Ûdü;292.8501406;1049.525352;358.3830796;4.03;2296;784.0187459;763.4;260.6794036;9834.35267;8148.652897;6;OR_N2;3470;48.45;3667;13.17;4207;25.68;4573;10.98;1;1
3go4fki2ue29;277;5;1;16;1061011;645693;1;1061;2182.1;Powiat m. £Ûdü;292.8501406;1049.525352;358.3830796;4.03;2296;784.0187459;763.4;260.6794036;11344.58041;3413.189673;14;OR_N2;1151;15.88;1269;4.83;1413;12.12;2554;9.27;1;1
3ht6stl64x34;278;5;1;17;1016011;56681;2;1016;106;Powiat tomaszowski;1023.091277;198.4567764;19.39775862;7.99;616;60.20968156;975.8;95.3776092;9051.691328;5190.352661;9;OR_N2;577;7.65;577;1.53;577;7.65;881;2.37;1;0
3on3hvn42jv3;279;5;0;18;1013011;15783;2;1013;70;Powiat rawski;645.5332469;90.80383441;14.06648455;4.73;252;39.03749361;647.5;100.3046711;9356.730973;0;0;OR_N2;3768;51.55;3753;12.1;3768;51.55;3761;6.53;1;0
3tg3ibp6zxf3;280;5;1;18;1061011;645693;1;1061;2182.1;Powiat m. £Ûdü;292.8501406;1049.525352;358.3830796;4.03;2296;784.0187459;763.4;260.6794036;8644.531516;9096.997373;2;OR_N2;2667;36.85;3623;11.53;3385;18.57;3079;8.05;0;1
3x6k8mg2fvh6;281;5;0;16;1016092;11492;2;1016;106;Powiat tomaszowski;1023.091277;198.4567764;19.39775862;7.99;616;60.20968156;975.8;95.3776092;6026.822418;0;0;OR_N2;3577;47.68;3776;10.78;4524;28.57;4107;6.98;0;0
3xbe9s3xy8o4;282;5;1;10;1061011;645693;1;1061;2182.1;Powiat m. £Ûdü;292.8501406;1049.525352;358.3830796;4.03;2296;784.0187459;763.4;260.6794036;8576.899613;3397.02132;16;OR_N2;800;10.97;820;2.82;800;10.97;2723;9.55;;
3y2lsk8l49b4;283;5;0;7;1061011;645693;1;1061;2182.1;Powiat m. £Ûdü;292.8501406;1049.525352;358.3830796;4.03;2296;784.0187459;763.4;260.6794036;10223.57553;11311.05842;6;OR_N2;1047;14.35;1068;3.55;1047;14.35;5511;12.2;0;0
42srw7uo87m7;284;5;1;17;1009052;4876;3;1009;59.1;Powiat pajÍczaÒski;803.0385073;66.0912157;8.230142776;16.28;280;34.8675683;627.1;78.09090029;3590.790245;0;3;OR_N2;4017;55;4035;12.48;4017;55;4035;4.55;0;0
4a9gl6njo9uk;285;5;0;18;1020011;12956;2;1020;193.4;Powiat zgierski;853.9990645;182.2143352;21.33659658;2.18;888;103.9813785;1106.6;129.5785963;4850.81326;62.99420572;0;OR_N2;1652;21.97;1739;5.87;1652;21.97;1694;3.77;;
4af9frv8ctg9;286;5;1;18;1061011;645693;1;1061;2182.1;Powiat m. £Ûdü;292.8501406;1049.525352;358.3830796;4.03;2296;784.0187459;763.4;260.6794036;12495.11962;10407.26663;4;OR_N2;2431;32.38;2541;7.13;2685;24.48;3213;7.22;1;0
4bu4ne3uhm37;287;5;1;17;1001072;8116;3;1001;110.8;Powiat be≥chatowski;966.2626658;198.2751399;20.51979724;14.05;961;99.45535868;943.4;97.63390778;5919.398048;1192.876914;0;OR_N2;9973;134.1;11438;35.05;97038;731.88;10119;11.07;1;0
4jg2zp2rmh47;288;5;1;16;1061011;645693;1;1061;2182.1;Powiat m. £Ûdü;292.8501406;1049.525352;358.3830796;4.03;2296;784.0187459;763.4;260.6794036;7407.928761;9896.721601;9;OR_N2;9931;138.28;11333;40.72;11590;57.63;12643;27.07;0;0
4xx4s7jse6n4;290;5;1;16;1020085;9675;3;1020;193.4;Powiat zgierski;853.9990645;182.2143352;21.33659658;2.18;888;103.9813785;1106.6;129.5785963;3359.823334;0;0;OR_N2;45;0.58;45;0.08;45;0.58;45;0.23;;
4zm8obt2xcd4;291;5;1;17;1016011;56681;2;1016;106;Powiat tomaszowski;1023.091277;198.4567764;19.39775862;7.99;616;60.20968156;975.8;95.3776092;6864.022174;46.23310951;4;OR_N2;3584;48.27;3606;11.75;5219;16.25;3876;6.48;;
62pbm94hiy37;292;5;1;16;1016062;7146;3;1016;106;Powiat tomaszowski;1023.091277;198.4567764;19.39775862;7.99;616;60.20968156;975.8;95.3776092;6859.291174;0;4;OR_N2;5119;68.63;5499;17.78;10476;52.87;5587;10.63;0;0
68uzd7gvw2o4;293;5;1;14;1061011;645693;1;1061;2182.1;Powiat m. £Ûdü;292.8501406;1049.525352;358.3830796;4.03;2296;784.0187459;763.4;260.6794036;11849.6004;3619.541545;19;OR_N2;828;10.95;935;3.75;828;10.95;1624;6.03;0;0
6d36nm7pzj86;294;5;1;16;1016032;2069;3;1016;106;Powiat tomaszowski;1023.091277;198.4567764;19.39775862;7.99;616;60.20968156;975.8;95.3776092;4758.173036;0;1;OR_N2;18430;246.93;18430;55;;;20755;21.88;1;1
6gl2wtt6zef9;295;5;1;16;1016011;56681;2;1016;106;Powiat tomaszowski;1023.091277;198.4567764;19.39775862;7.99;616;60.20968156;975.8;95.3776092;11960.16849;11001.19645;8;OR_N2;10573;142.53;10639;31.98;16298;70.05;10520;13.77;1;0
6k499kz2gx99;296;5;1;18;1016072;5984;3;1016;106;Powiat tomaszowski;1023.091277;198.4567764;19.39775862;7.99;616;60.20968156;975.8;95.3776092;4807.81025;1101.43564;4;OR_N2;2083;28.07;2083;6.38;2083;28.07;2083;3.02;1;0
6pz7mb6nrp99;297;5;1;18;1061011;645693;1;1061;2182.1;Powiat m. £Ûdü;292.8501406;1049.525352;358.3830796;4.03;2296;784.0187459;763.4;260.6794036;12272.17438;10852.56545;6;OR_N2;1922;25.45;1975;5.65;2374;20.48;2949;6.08;1;1
6to2po2ecb69;298;5;0;18;1061011;645693;1;1061;2182.1;Powiat m. £Ûdü;292.8501406;1049.525352;358.3830796;4.03;2296;784.0187459;763.4;260.6794036;8121.147336;10132.2345;9;OR_N2;1992;27.18;1992;6.68;1992;27.18;4916;8.62;1;0
6vd6nsa7bo43;299;5;0;11;1061011;645693;1;1061;2182.1;Powiat m. £Ûdü;292.8501406;1049.525352;358.3830796;4.03;2296;784.0187459;763.4;260.6794036;10334.07983;10701.68234;6;OR_N2;1607;21.3;1810;5.6;2193;17.72;1834;5.67;1;0
6vw884jia7vs;300;5;1;9;1061011;645693;1;1061;2182.1;Powiat m. £Ûdü;292.8501406;1049.525352;358.3830796;4.03;2296;784.0187459;763.4;260.6794036;12680.22482;3722.511044;11;OR_N2;1122;14.9;1425;5.78;1122;14.9;1425;4.92;1;0
722wv6i8eza8;301;5;1;12;1006082;5811;3;1006;151;Powiat ≥Ûdzki wschodni;499.1387193;129.2560513;25.89581739;10.7;448;89.75460783;667;133.6301862;5748.39385;264.4064392;4;OR_N2;13;0.15;13;0.03;13;0.15;13;0.02;0;0
72hi2n74vau7;302;5;0;13;1061011;645693;1;1061;2182.1;Powiat m. £Ûdü;292.8501406;1049.525352;358.3830796;4.03;2296;784.0187459;763.4;260.6794036;14949.96648;1511.054291;15;OR_N2;650;9.12;762;2.6;650;9.12;758;1.77;;
73ayd2h7seb3;303;5;1;16;1012042;5606;3;1012;72.5;Powiat radomszczaÒski;1441.229323;125.7545581;8.725506492;2.07;833;57.79788039;1190.9;82.63084725;5958.68693;2184.950857;1;OR_N2;12847;174.03;15435;49.68;13567;40.07;13142;17.12;1;1
74wis3tyl8y6;304;5;1;15;1061011;645693;1;1061;2182.1;Powiat m. £Ûdü;292.8501406;1049.525352;358.3830796;4.03;2296;784.0187459;763.4;260.6794036;8339.263574;5184.172472;9;OR_N2;1110;15.38;1148;4.23;1651;10.6;2483;5.78;1;1
7c94t9elp9c3;305;5;1;12;1061011;645693;1;1061;2182.1;Powiat m. £Ûdü;292.8501406;1049.525352;358.3830796;4.03;2296;784.0187459;763.4;260.6794036;11060.95797;6826.706303;12;OR_N2;1588;21.22;1591;4.88;2019;19.37;1732;5.5;;
7de2vma2xvh3;306;5;1;17;1012142;4735;3;1012;72.5;Powiat radomszczaÒski;1441.229323;125.7545581;8.725506492;2.07;833;57.79788039;1190.9;82.63084725;5155.598929;351.9768498;1;OR_N2;1416;19.38;1416;4.5;1416;19.38;1416;1.75;1;0
7dv6llr6zbx3;307;5;1;16;1061011;645693;1;1061;2182.1;Powiat m. £Ûdü;292.8501406;1049.525352;358.3830796;4.03;2296;784.0187459;763.4;260.6794036;6825.153418;2325.589667;2;OR_N2;1383;19.48;1415;5.1;1383;19.48;1313;4.18;1;1
7hu39ehn8dx8;308;5;0;14;1063011;45121;2;1063;1295.2;Powiat m. Skierniewice;34.55875472;71.15621041;205.8992316;6.85;187;541.1074604;143;413.788058;12663.86334;4668.23965;5;OR_N2;144;2.07;890;3.03;144;2.07;890;2.22;1;0
7kx8gnn6gku6;309;5;0;15;1020044;22023;2;1020;193.4;Powiat zgierski;853.9990645;182.2143352;21.33659658;2.18;888;103.9813785;1106.6;129.5785963;7723.5086;0;0;OR_N2;11705;163.07;12361;42.07;12692;66.98;15469;31.28;1;1
7lv8b2pgg6s6;310;5;0;13;1061011;645693;1;1061;2182.1;Powiat m. £Ûdü;292.8501406;1049.525352;358.3830796;4.03;2296;784.0187459;763.4;260.6794036;8931.032738;8699.408424;4;OR_N2;355;4.72;482;1.28;355;4.72;576;3.03;;
7o2dmi4lho6a;311;5;1;17;1016092;11492;2;1016;106;Powiat tomaszowski;1023.091277;198.4567764;19.39775862;7.99;616;60.20968156;975.8;95.3776092;4970.05896;144.8328213;3;OR_N2;6736;92.23;7210;22.03;11690;369;6544;9.43;;
7o9p4n8nzh93;312;5;1;10;1008052;7656;3;1008;240.6;Powiat pabianicki;491.5247438;135.3532664;27.53742677;4.91;456;92.77254212;567.3;115.4163665;5797.552486;752.7879757;4;OR_N2;1392;19.32;1616;5.88;1392;19.32;1616;3.17;1;0
7p27gdp9zj97;313;5;1;18;1061011;645693;1;1061;2182.1;Powiat m. £Ûdü;292.8501406;1049.525352;358.3830796;4.03;2296;784.0187459;763.4;260.6794036;11532.87888;3506.918817;7;OR_N2;5113;72.05;5300;19.9;5674;30.85;6641;14.13;0;0
7rm48jw6w766;314;5;1;18;1061011;645693;1;1061;2182.1;Powiat m. £Ûdü;292.8501406;1049.525352;358.3830796;4.03;2296;784.0187459;763.4;260.6794036;11604.71875;10827.98871;6;OR_N2;74;1.25;74;1.02;74;1.25;211;2.32;1;0
7wc7fma2ag77;315;5;1;17;1016062;7146;3;1016;106;Powiat tomaszowski;1023.091277;198.4567764;19.39775862;7.99;616;60.20968156;975.8;95.3776092;4068.116669;73.5026774;1;OR_N2;2247;30.22;2248;7.07;2247;30.22;2248;2.68;1;0
879oxx6war8a;316;5;0;18;1061011;645693;1;1061;2182.1;Powiat m. £Ûdü;292.8501406;1049.525352;358.3830796;4.03;2296;784.0187459;763.4;260.6794036;6844.032282;14190.66673;0;OR_N2;487;6.28;793;2.68;487;6.28;1824;4.85;;
8eg9hd9mfm7r;317;5;1;15;1016072;5984;3;1016;106;Powiat tomaszowski;1023.091277;198.4567764;19.39775862;7.99;616;60.20968156;975.8;95.3776092;3425.027828;71.45405789;0;OR_N2;421;5.47;421;0.93;421;5.47;421;0.55;0;0
8he7ybk732j4;318;5;0;18;1013011;15783;2;1013;70;Powiat rawski;645.5332469;90.80383441;14.06648455;4.73;252;39.03749361;647.5;100.3046711;6341.743212;0;0;OR_N2;2703;36.3;2703;8.08;2703;36.3;3018;5.88;1;0
8j23srv6j7e6;319;5;0;18;1012011;42412;2;1012;72.5;Powiat radomszczaÒski;1441.229323;125.7545581;8.725506492;2.07;833;57.79788039;1190.9;82.63084725;11017.09857;2348.609729;7;OR_N2;1963;27.82;1992;7.93;1963;27.82;2706;6.05;1;0
8ru6zac4h6bz;320;5;1;14;1008011;19276;2;1008;240.6;Powiat pabianicki;491.5247438;135.3532664;27.53742677;4.91;456;92.77254212;567.3;115.4163665;5595.456756;0;0;OR_N2;3450;47.65;3450;11.17;5401;39.93;5584;10.85;1;0
8ut24lsg7sat;321;5;0;7;1061011;645693;1;1061;2182.1;Powiat m. £Ûdü;292.8501406;1049.525352;358.3830796;4.03;2296;784.0187459;763.4;260.6794036;8163.53138;9021.815222;2;OR_N2;11;0.15;11;0.03;11;0.15;11;0.05;;
93buz4udu9m7;322;5;1;16;1020031;52938;2;1020;193.4;Powiat zgierski;853.9990645;182.2143352;21.33659658;2.18;888;103.9813785;1106.6;129.5785963;9119.727001;1304.081742;6;OR_N2;11382;157.67;11808;42.52;13774;42.78;12026;28.08;1;1
94ggd4iiy8f7;323;5;0;15;1012011;42412;2;1012;72.5;Powiat radomszczaÒski;1441.229323;125.7545581;8.725506492;2.07;833;57.79788039;1190.9;82.63084725;6643.388115;0;4;OR_N2;855;11.43;855;2.67;855;11.43;1110;1.9;1;0
94jeu24oxi69;324;5;1;17;1012132;4243;3;1012;72.5;Powiat radomszczaÒski;1441.229323;125.7545581;8.725506492;2.07;833;57.79788039;1190.9;82.63084725;5352.295104;0;0;OR_N2;5178;68.98;5279;15.67;;;5178;5.73;0;0
96h7o9if2jh8;325;5;1;18;1061011;645693;1;1061;2182.1;Powiat m. £Ûdü;292.8501406;1049.525352;358.3830796;4.03;2296;784.0187459;763.4;260.6794036;13316.58839;9242.969011;13;OR_N2;3177;44.08;3592;13.37;3286;16.03;4954;10.97;0;1
9mm26obd4ci7;326;5;1;18;1061011;645693;1;1061;2182.1;Powiat m. £Ûdü;292.8501406;1049.525352;358.3830796;4.03;2296;784.0187459;763.4;260.6794036;8123.983199;16783.94954;6;OR_N2;6382;86.83;7052;25.83;7415;45.38;8278;18.27;0;1
4myc3jiy9zca;327;5;0;11;1061011;645693;1;1061;2182.1;Powiat m. £Ûdü;292.8501406;1049.525352;358.3830796;4.03;2296;784.0187459;763.4;260.6794036;12229.60146;10164.31605;10;OR_N2;366;4.75;366;2.62;366;4.75;1816;5.1;1;0
4sw4bul2pmj9;328;5;0;16;1016062;7146;3;1016;106;Powiat tomaszowski;1023.091277;198.4567764;19.39775862;7.99;616;60.20968156;975.8;95.3776092;4404.877821;0;1;OR_N2;8138;109.35;8714;27.03;22628;81.63;8756;12.83;;
3839epo2inw7;329;5;1;16;1016011;56681;2;1016;106;Powiat tomaszowski;1023.091277;198.4567764;19.39775862;7.99;616;60.20968156;975.8;95.3776092;10761.08346;7275.610273;6;OR_N2;4121;56.68;4885;15.5;8011;29.87;6356;9.72;1;1
9pb7nn2x6od4;330;5;1;16;1016042;4790;3;1016;106;Powiat tomaszowski;1023.091277;198.4567764;19.39775862;7.99;616;60.20968156;975.8;95.3776092;15216.95673;523.7336828;3;OR_N2;18267;245.75;21666;65.32;;;20960;16.77;;
72gyl9oi8zxu;331;5;1;17;1010022;4026;3;1010;62.4;Powiat piotrkowski;1426.409646;162.5195004;11.39360638;2.45;896;62.81505476;1306.2;91.57257202;6265.331198;1317.35868;1;OR_N2;4577;61.57;4577;13.2;4620;10.95;4577;5.2;1;0
4r7j47izd969;332;5;1;17;1061011;645693;1;1061;2182.1;Powiat m. £Ûdü;292.8501406;1049.525352;358.3830796;4.03;2296;784.0187459;763.4;260.6794036;6807.680437;2762.822206;4;OR_N2;1084;14.55;1084;2.85;1640;14.53;944;2.53;;
7j3hiw696yp3;333;5;1;16;1061011;645693;1;1061;2182.1;Powiat m. £Ûdü;292.8501406;1049.525352;358.3830796;4.03;2296;784.0187459;763.4;260.6794036;9947.246742;1459.989709;9;OR_N2;2443;33.05;2443;6.9;3867;29.02;2443;4.43;0;0
2xu3u9cmz6o6;334;5;0;16;1016011;56681;2;1016;106;Powiat tomaszowski;1023.091277;198.4567764;19.39775862;7.99;616;60.20968156;975.8;95.3776092;9259.709222;4805.456299;8;OR_N2;1477;19.85;1539;4.45;1664;13.15;1515;3.62;;
3h9whv6hwy29;335;5;1;16;1061011;645693;1;1061;2182.1;Powiat m. £Ûdü;292.8501406;1049.525352;358.3830796;4.03;2296;784.0187459;763.4;260.6794036;9182.411974;10922.56924;10;OR_N2;419;5.62;419;1.87;419;5.62;502;1.57;0;0
49os8xsx7oi4;336;5;0;16;1016011;56681;2;1016;106;Powiat tomaszowski;1023.091277;198.4567764;19.39775862;7.99;616;60.20968156;975.8;95.3776092;10570.65097;10739.6991;6;OR_N2;1511;20.67;1564;5;2873;18.47;2743;7.9;0;0
7fh22r6wkh7a;337;5;1;16;1006022;14838;2;1006;151;Powiat ≥Ûdzki wschodni;499.1387193;129.2560513;25.89581739;10.7;448;89.75460783;667;133.6301862;7357.584558;0;1;OR_N2;45290;606.87;47835;140.62;;;46694;46.1;;
7atu6vk3oj64;338;5;0;16;1061011;645693;1;1061;2182.1;Powiat m. £Ûdü;292.8501406;1049.525352;358.3830796;4.03;2296;784.0187459;763.4;260.6794036;6433.246761;0;2;OR_N2;3890;53.08;3890;11.55;4166;9.85;3890;5.38;;
4s77njg9r64i;339;5;0;16;1061011;645693;1;1061;2182.1;Powiat m. £Ûdü;292.8501406;1049.525352;358.3830796;4.03;2296;784.0187459;763.4;260.6794036;15606.31315;10705.90057;11;OR_N2;672;9.17;736;2;672;9.17;1057;3.72;0;0
6gd6vfw4r7i4;340;5;0;17;1061011;645693;1;1061;2182.1;Powiat m. £Ûdü;292.8501406;1049.525352;358.3830796;4.03;2296;784.0187459;763.4;260.6794036;9966.539379;11603.25347;0;OR_N2;259;3.6;259;0.82;259;3.6;54;0.2;;
8jg9mse6chz8;341;5;;16;1061011;645693;1;1061;2182.1;Powiat m. £Ûdü;292.8501406;1049.525352;358.3830796;4.03;2296;784.0187459;763.4;260.6794036;7580.38773;12510.51797;0;OR_N2;262;3.43;262;1.3;262;3.43;598;2.58;;
8akx9i9grz64;342;5;1;16;1016104;1499;3;1016;106;Powiat tomaszowski;1023.091277;198.4567764;19.39775862;7.99;616;60.20968156;975.8;95.3776092;5176.529467;1169.548601;2;OR_N2;2149;30.28;2149;7.78;2891;19.4;2149;3.87;1;0
8yu7u9dsg3r9;343;5;0;16;1016092;11492;2;1016;106;Powiat tomaszowski;1023.091277;198.4567764;19.39775862;7.99;616;60.20968156;975.8;95.3776092;7265.93248;0;2;OR_N2;4494;60.75;4503;12.85;7355;29.67;4521;7.82;;
233k2pxo3ju3;344;5;1;9;1061011;645693;1;1061;2182.1;Powiat m. £Ûdü;292.8501406;1049.525352;358.3830796;4.03;2296;784.0187459;763.4;260.6794036;12439.86945;2324.039028;14;OR_C1;4618;62.92;5243;21.62;5192;33.02;5184;10.92;1;0
26xip874hvx8;345;5;1;18;1061011;645693;1;1061;2182.1;Powiat m. £Ûdü;292.8501406;1049.525352;358.3830796;4.03;2296;784.0187459;763.4;260.6794036;8906.049073;5924.610432;12;OR_C1;2449;32.97;2526;7.63;2731;15.3;3377;12.38;;
27zbi9vpg3z6;346;5;1;12;1008011;19276;2;1008;240.6;Powiat pabianicki;491.5247438;135.3532664;27.53742677;4.91;456;92.77254212;567.3;115.4163665;5134.879163;0;0;OR_C1;28;0.4;28;0.08;28;0.4;28;0.18;0;0
2du2axj46el8;347;5;1;16;1016011;56681;2;1016;106;Powiat tomaszowski;1023.091277;198.4567764;19.39775862;7.99;616;60.20968156;975.8;95.3776092;9642.72979;2190.58007;7;OR_C1;8977;122.85;9118;29.45;13136;33.47;9513;12.42;1;1
2dx8ntr6u3p7;348;5;1;9;1061011;645693;1;1061;2182.1;Powiat m. £Ûdü;292.8501406;1049.525352;358.3830796;4.03;2296;784.0187459;763.4;260.6794036;8275.309989;2702.630823;16;OR_C1;2548;35.97;2906;11.13;4684;25.92;2771;10.07;1;0
2ej7uw8v6437;349;5;1;18;1061011;645693;1;1061;2182.1;Powiat m. £Ûdü;292.8501406;1049.525352;358.3830796;4.03;2296;784.0187459;763.4;260.6794036;8190.114064;1661.024169;23;OR_C1;1927;27.07;2013;8.43;1994;11.37;1938;6.47;0;1
2o8xhr7k6nrv;350;5;1;14;1061011;645693;1;1061;2182.1;Powiat m. £Ûdü;292.8501406;1049.525352;358.3830796;4.03;2296;784.0187459;763.4;260.6794036;11773.74209;3707.15273;20;OR_C1;7267;102.28;7356;27.3;8393;48.53;7659;15.03;;
2rc8zdf4gle9;351;5;0;16;1016112;3065;3;1016;106;Powiat tomaszowski;1023.091277;198.4567764;19.39775862;7.99;616;60.20968156;975.8;95.3776092;5412.936538;0;1;OR_C1;23876;321.25;24143;74.33;;;25870;25.27;0;0
2xk4nas4k249;352;5;1;17;1061011;645693;1;1061;2182.1;Powiat m. £Ûdü;292.8501406;1049.525352;358.3830796;4.03;2296;784.0187459;763.4;260.6794036;10934.81723;5786.509206;12;OR_C1;3211;44.05;3500;12.33;3365;25.27;3282;11.1;1;1
2zir9dn2hgr4;353;5;1;16;1016092;11492;2;1016;106;Powiat tomaszowski;1023.091277;198.4567764;19.39775862;7.99;616;60.20968156;975.8;95.3776092;5066.386004;144.8328213;2;OR_C1;6648;91.03;7062;21.62;11601;367.8;6456;9.37;0;0
36f82lsz2mr6;354;5;1;17;1061011;645693;1;1061;2182.1;Powiat m. £Ûdü;292.8501406;1049.525352;358.3830796;4.03;2296;784.0187459;763.4;260.6794036;10364.50176;2286.406817;6;OR_C1;2393;33.38;2404;9.82;2425;20;2814;9.83;0;1
3au8rjg8kra3;355;5;0;16;1020045;13380;2;1020;193.4;Powiat zgierski;853.9990645;182.2143352;21.33659658;2.18;888;103.9813785;1106.6;129.5785963;11606.15205;0;1;OR_C1;10361;146.38;12213;40.97;12442;58.8;10573;22.08;1;1
3cp9rp47jfb6;356;5;0;13;1061011;645693;1;1061;2182.1;Powiat m. £Ûdü;292.8501406;1049.525352;358.3830796;4.03;2296;784.0187459;763.4;260.6794036;10185.85035;3326.207838;14;OR_C1;3652;50.2;3942;17.23;4582;29.92;3902;11.43;1;0
3gb3vwm8hlb3;357;5;1;16;1061011;645693;1;1061;2182.1;Powiat m. £Ûdü;292.8501406;1049.525352;358.3830796;4.03;2296;784.0187459;763.4;260.6794036;9834.35267;8148.652897;6;OR_C1;14801;199.8;15126;47.95;17165;60.02;16950;23.35;0;0
3go4fki2ue29;358;5;1;16;1061011;645693;1;1061;2182.1;Powiat m. £Ûdü;292.8501406;1049.525352;358.3830796;4.03;2296;784.0187459;763.4;260.6794036;11344.58041;3413.189673;14;OR_C1;2424;33.75;2640;8.78;3167;19.93;3405;6.77;1;1
3ht6stl64x34;359;5;1;17;1016011;56681;2;1016;106;Powiat tomaszowski;1023.091277;198.4567764;19.39775862;7.99;616;60.20968156;975.8;95.3776092;9051.691328;5190.352661;9;OR_C1;2910;39.2;2910;8.87;2910;39.2;2910;5.98;1;0
3on3hvn42jv3;360;5;0;18;1013011;15783;2;1013;70;Powiat rawski;645.5332469;90.80383441;14.06648455;4.73;252;39.03749361;647.5;100.3046711;9356.730973;0;0;OR_C1;1878;26.7;1878;6.83;1878;26.7;1878;3.15;1;0
3tg3ibp6zxf3;361;5;1;18;1061011;645693;1;1061;2182.1;Powiat m. £Ûdü;292.8501406;1049.525352;358.3830796;4.03;2296;784.0187459;763.4;260.6794036;8644.531516;9096.997373;2;OR_C1;6369;87.82;7497;25.52;6981;38.03;8045;18.6;0;1
3x6k8mg2fvh6;362;5;0;16;1016092;11492;2;1016;106;Powiat tomaszowski;1023.091277;198.4567764;19.39775862;7.99;616;60.20968156;975.8;95.3776092;6026.822418;0;0;OR_C1;4352;59.32;4562;14.58;4999;31.77;4789;8.8;0;0
3xbe9s3xy8o4;363;5;1;10;1061011;645693;1;1061;2182.1;Powiat m. £Ûdü;292.8501406;1049.525352;358.3830796;4.03;2296;784.0187459;763.4;260.6794036;8576.899613;3397.02132;16;OR_C1;1817;24.73;1907;6.52;2139;13.77;2521;10.3;;
3y2lsk8l49b4;364;5;0;7;1061011;645693;1;1061;2182.1;Powiat m. £Ûdü;292.8501406;1049.525352;358.3830796;4.03;2296;784.0187459;763.4;260.6794036;10223.57553;11311.05842;6;OR_C1;13842;188.75;14779;50.3;16662;60.02;15598;27.07;1;0
42srw7uo87m7;365;5;1;17;1009052;4876;3;1009;59.1;Powiat pajÍczaÒski;803.0385073;66.0912157;8.230142776;16.28;280;34.8675683;627.1;78.09090029;3590.790245;0;3;OR_C1;13964;186.9;14495;43.32;24227;45.17;13959;13.32;1;1
42tsi2klr8a9;366;5;0;12;1061011;645693;1;1061;2182.1;Powiat m. £Ûdü;292.8501406;1049.525352;358.3830796;4.03;2296;784.0187459;763.4;260.6794036;11739.31906;4261.189338;6;OR_C1;7169;98.92;7982;27.45;8593;45.83;8023;21.1;0;1
4af9frv8ctg9;367;5;1;18;1061011;645693;1;1061;2182.1;Powiat m. £Ûdü;292.8501406;1049.525352;358.3830796;4.03;2296;784.0187459;763.4;260.6794036;12495.11962;10407.26663;4;OR_C1;5789;81.68;6345;26.23;6429;26.02;6856;16.25;1;1
4jg2zp2rmh47;368;5;1;16;1061011;645693;1;1061;2182.1;Powiat m. £Ûdü;292.8501406;1049.525352;358.3830796;4.03;2296;784.0187459;763.4;260.6794036;7407.928761;9896.721601;9;OR_C1;11518;159.5;12609;44.32;13575;63.5;13608;27;0;0
4tc49psw89d4;370;5;1;17;1001072;8116;3;1001;110.8;Powiat be≥chatowski;966.2626658;198.2751399;20.51979724;14.05;961;99.45535868;943.4;97.63390778;3843.194407;0;2;OR_C1;23271;315.23;23276;71.38;27231;55.98;23927;22.3;0;0
6d36nm7pzj86;371;5;1;16;1016032;2069;3;1016;106;Powiat tomaszowski;1023.091277;198.4567764;19.39775862;7.99;616;60.20968156;975.8;95.3776092;4758.173036;0;1;OR_C1;20548;276.63;21744;64.73;;;20776;24.9;1;1
6gl2wtt6zef9;372;5;1;16;1016011;56681;2;1016;106;Powiat tomaszowski;1023.091277;198.4567764;19.39775862;7.99;616;60.20968156;975.8;95.3776092;11960.16849;11001.19645;8;OR_C1;3975;54.43;4078;14.48;4808;25.33;4789;9.32;1;0
6hx2yg9sv774;373;5;1;13;1061011;645693;1;1061;2182.1;Powiat m. £Ûdü;292.8501406;1049.525352;358.3830796;4.03;2296;784.0187459;763.4;260.6794036;12274.89621;7306.47684;8;OR_C1;689;9.27;701;2;689;9.27;692;2.52;0;0
6k499kz2gx99;374;5;1;18;1016072;5984;3;1016;106;Powiat tomaszowski;1023.091277;198.4567764;19.39775862;7.99;616;60.20968156;975.8;95.3776092;4807.81025;1101.43564;4;OR_C1;31401;426.98;33309;102.32;39630;113.13;35711;43.4;0;1
6pz7mb6nrp99;375;5;1;18;1061011;645693;1;1061;2182.1;Powiat m. £Ûdü;292.8501406;1049.525352;358.3830796;4.03;2296;784.0187459;763.4;260.6794036;12272.17438;10852.56545;6;OR_C1;12082;169.88;13615;45.03;15172;76.02;13414;28.45;0;0
6to2po2ecb69;376;5;0;18;1061011;645693;1;1061;2182.1;Powiat m. £Ûdü;292.8501406;1049.525352;358.3830796;4.03;2296;784.0187459;763.4;260.6794036;8121.147336;10132.2345;9;OR_C1;15394;216.2;17143;57.73;20494;84.07;25697;28.63;1;1
6vd6nsa7bo43;377;5;0;11;1061011;645693;1;1061;2182.1;Powiat m. £Ûdü;292.8501406;1049.525352;358.3830796;4.03;2296;784.0187459;763.4;260.6794036;10334.07983;10701.68234;6;OR_C1;3350;46.22;3459;12.18;3826;30.73;4895;11.17;1;0
6vw884jia7vs;378;5;1;9;1061011;645693;1;1061;2182.1;Powiat m. £Ûdü;292.8501406;1049.525352;358.3830796;4.03;2296;784.0187459;763.4;260.6794036;12680.22482;3722.511044;11;OR_C1;1461;19.48;1737;6.63;1772;14.4;1729;5.48;1;0
722wv6i8eza8;379;5;1;12;1006082;5811;3;1006;151;Powiat ≥Ûdzki wschodni;499.1387193;129.2560513;25.89581739;10.7;448;89.75460783;667;133.6301862;5748.39385;264.4064392;4;OR_C1;13797;187.57;14427;46.12;17457;71.95;16494;28.08;0;0
7c94t9elp9c3;380;5;1;12;1061011;645693;1;1061;2182.1;Powiat m. £Ûdü;292.8501406;1049.525352;358.3830796;4.03;2296;784.0187459;763.4;260.6794036;11060.95797;6826.706303;12;OR_C1;4911;67.22;5705;18.27;6417;37.22;5866;17.82;;
7de2vma2xvh3;381;5;1;17;1012142;4735;3;1012;72.5;Powiat radomszczaÒski;1441.229323;125.7545581;8.725506492;2.07;833;57.79788039;1190.9;82.63084725;5155.598929;351.9768498;1;OR_C1;22942;310.28;24871;74.63;;;26370;26.15;1;1
7dv6llr6zbx3;382;5;1;16;1061011;645693;1;1061;2182.1;Powiat m. £Ûdü;292.8501406;1049.525352;358.3830796;4.03;2296;784.0187459;763.4;260.6794036;6825.153418;2325.589667;2;OR_C1;5487;74.37;5609;18.7;7250;49.25;8467;15.25;1;1
7hr22ben944c;383;5;0;16;1006082;5811;3;1006;151;Powiat ≥Ûdzki wschodni;499.1387193;129.2560513;25.89581739;10.7;448;89.75460783;667;133.6301862;5748.39385;264.4064392;4;OR_C1;7331;99.63;7967;26.45;11258;50.18;7312;11.25;;
7hu39ehn8dx8;384;5;0;14;1063011;45121;2;1063;1295.2;Powiat m. Skierniewice;34.55875472;71.15621041;205.8992316;6.85;187;541.1074604;143;413.788058;12663.86334;4668.23965;5;OR_C1;293;4.27;1039;3.5;293;4.27;1039;2.72;1;0
7kx8gnn6gku6;385;5;0;15;1020044;22023;2;1020;193.4;Powiat zgierski;853.9990645;182.2143352;21.33659658;2.18;888;103.9813785;1106.6;129.5785963;7723.5086;0;0;OR_C1;9654;131.83;11765;36.6;13894;55.98;11018;19.45;0;0
7o2dmi4lho6a;386;5;1;17;1016092;11492;2;1016;106;Powiat tomaszowski;1023.091277;198.4567764;19.39775862;7.99;616;60.20968156;975.8;95.3776092;4970.05896;144.8328213;3;OR_C1;13442;182.03;13318;40.97;20405;548.08;13857;15.72;;
7o9p4n8nzh93;387;5;1;10;1008052;7656;3;1008;240.6;Powiat pabianicki;491.5247438;135.3532664;27.53742677;4.91;456;92.77254212;567.3;115.4163665;5797.552486;752.7879757;4;OR_C1;6221;85.43;6402;19.33;9615;54.68;5881;10.18;0;0
7p27gdp9zj97;388;5;1;18;1061011;645693;1;1061;2182.1;Powiat m. £Ûdü;292.8501406;1049.525352;358.3830796;4.03;2296;784.0187459;763.4;260.6794036;11532.87888;3506.918817;7;OR_C1;17267;236.23;20643;63.33;;;17139;31.03;;
7rm48jw6w766;389;5;1;18;1061011;645693;1;1061;2182.1;Powiat m. £Ûdü;292.8501406;1049.525352;358.3830796;4.03;2296;784.0187459;763.4;260.6794036;11604.71875;10827.98871;6;OR_C1;1943;27.27;1981;6.92;2279;15.85;2611;6.9;1;1
7wc7fma2ag77;390;5;1;17;1016062;7146;3;1016;106;Powiat tomaszowski;1023.091277;198.4567764;19.39775862;7.99;616;60.20968156;975.8;95.3776092;4068.116669;73.5026774;1;OR_C1;9770;131.48;10641;32.65;20476;61.3;10438;16.48;1;1
879oxx6war8a;391;5;0;18;1061011;645693;1;1061;2182.1;Powiat m. £Ûdü;292.8501406;1049.525352;358.3830796;4.03;2296;784.0187459;763.4;260.6794036;6844.032282;14190.66673;0;OR_C1;8516;116.38;9079;28.65;10810;70.85;11009;23.05;0;0
8eg9hd9mfm7r;392;5;1;15;1016072;5984;3;1016;106;Powiat tomaszowski;1023.091277;198.4567764;19.39775862;7.99;616;60.20968156;975.8;95.3776092;3425.027828;71.45405789;0;OR_C1;20518;275.92;20610;59.75;60598;110.67;20885;23.48;0;0
8he7ybk732j4;393;5;0;18;1013011;15783;2;1013;70;Powiat rawski;645.5332469;90.80383441;14.06648455;4.73;252;39.03749361;647.5;100.3046711;6341.743212;0;0;OR_C1;5113;69.73;5387;17.65;;;7208;7.8;1;0
8j23srv6j7e6;394;5;0;18;1012011;42412;2;1012;72.5;Powiat radomszczaÒski;1441.229323;125.7545581;8.725506492;2.07;833;57.79788039;1190.9;82.63084725;11017.09857;2348.609729;7;OR_C1;4919;67.8;4923;16.08;9261;56;5132;8.23;0;0
8ru6zac4h6bz;395;5;1;14;1008011;19276;2;1008;240.6;Powiat pabianicki;491.5247438;135.3532664;27.53742677;4.91;456;92.77254212;567.3;115.4163665;5595.456756;0;0;OR_C1;7981;109.32;8644;26.15;10183;59.87;9540;19.33;0;0
8ut24lsg7sat;396;5;0;7;1061011;645693;1;1061;2182.1;Powiat m. £Ûdü;292.8501406;1049.525352;358.3830796;4.03;2296;784.0187459;763.4;260.6794036;8163.53138;9021.815222;2;OR_C1;2064;27.8;2210;7.5;2868;18.9;2275;5.05;;
93buz4udu9m7;397;5;1;16;1020031;52938;2;1020;193.4;Powiat zgierski;853.9990645;182.2143352;21.33659658;2.18;888;103.9813785;1106.6;129.5785963;9119.727001;1304.081742;6;OR_C1;1343;17.83;1343;4.4;1343;17.83;1875;4.23;;
94ggd4iiy8f7;398;5;0;15;1012011;42412;2;1012;72.5;Powiat radomszczaÒski;1441.229323;125.7545581;8.725506492;2.07;833;57.79788039;1190.9;82.63084725;6643.388115;0;4;OR_C1;2189;29.65;2189;6.32;2189;29.65;2189;4.18;1;1
94jeu24oxi69;399;5;1;17;1012132;4243;3;1012;72.5;Powiat radomszczaÒski;1441.229323;125.7545581;8.725506492;2.07;833;57.79788039;1190.9;82.63084725;5352.295104;0;0;OR_C1;7647;103.98;7647;24.9;;;7647;7.82;0;0
96h7o9if2jh8;400;5;1;18;1061011;645693;1;1061;2182.1;Powiat m. £Ûdü;292.8501406;1049.525352;358.3830796;4.03;2296;784.0187459;763.4;260.6794036;13316.58839;9242.969011;13;OR_C1;4174;58.03;4295;14.9;4280;20.95;4490;15.73;0;1
9mm26obd4ci7;401;5;1;18;1061011;645693;1;1061;2182.1;Powiat m. £Ûdü;292.8501406;1049.525352;358.3830796;4.03;2296;784.0187459;763.4;260.6794036;8123.983199;16783.94954;6;OR_C1;3701;50.18;4101;13.87;3928;22.47;4084;13.33;0;1
4myc3jiy9zca;402;5;0;11;1061011;645693;1;1061;2182.1;Powiat m. £Ûdü;292.8501406;1049.525352;358.3830796;4.03;2296;784.0187459;763.4;260.6794036;12229.60146;10164.31605;10;OR_C1;2224;30.95;2244;8.57;2884;14.25;3749;9.52;1;0
3839epo2inw7;403;5;1;16;1016011;56681;2;1016;106;Powiat tomaszowski;1023.091277;198.4567764;19.39775862;7.99;616;60.20968156;975.8;95.3776092;10761.08346;7275.610273;6;OR_C1;3887;53.55;4651;14.88;8104;31.23;4769;9.5;1;1
72gyl9oi8zxu;404;5;1;17;1010022;4026;3;1010;62.4;Powiat piotrkowski;1426.409646;162.5195004;11.39360638;2.45;896;62.81505476;1306.2;91.57257202;6265.331198;1317.35868;1;OR_C1;9827;133.53;9827;29.73;10452;20.92;9827;9.88;1;0
4r7j47izd969;405;5;1;17;1061011;645693;1;1061;2182.1;Powiat m. £Ûdü;292.8501406;1049.525352;358.3830796;4.03;2296;784.0187459;763.4;260.6794036;6807.680437;2762.822206;4;OR_C1;450;6.27;450;1.68;450;6.27;450;1.6;;
7j3hiw696yp3;406;5;1;16;1061011;645693;1;1061;2182.1;Powiat m. £Ûdü;292.8501406;1049.525352;358.3830796;4.03;2296;784.0187459;763.4;260.6794036;9947.246742;1459.989709;9;OR_C1;14145;199.83;14872;53.65;15378;74.98;15724;29.37;0;0
2xu3u9cmz6o6;407;5;0;16;1016011;56681;2;1016;106;Powiat tomaszowski;1023.091277;198.4567764;19.39775862;7.99;616;60.20968156;975.8;95.3776092;9259.709222;4805.456299;8;OR_C1;1693;23.48;1701;5.98;1697;13.8;3496;8.47;;
3h9whv6hwy29;408;5;1;16;1061011;645693;1;1061;2182.1;Powiat m. £Ûdü;292.8501406;1049.525352;358.3830796;4.03;2296;784.0187459;763.4;260.6794036;9182.411974;10922.56924;10;OR_C1;7736;106.28;8017;31.02;9961;52.88;8398;18.48;;
49os8xsx7oi4;409;5;0;16;1016011;56681;2;1016;106;Powiat tomaszowski;1023.091277;198.4567764;19.39775862;7.99;616;60.20968156;975.8;95.3776092;10570.65097;10739.6991;6;OR_C1;1516;20.73;1568;5.02;2868;18.4;2748;7.92;;
77l6ahj37zi9;410;5;0;16;1061011;645693;1;1061;2182.1;Powiat m. £Ûdü;292.8501406;1049.525352;358.3830796;4.03;2296;784.0187459;763.4;260.6794036;11707.19358;6415.980739;24;OR_C1;6082;82.58;6676;23.87;6723;37.48;6644;12.55;;
7atu6vk3oj64;411;5;0;16;1061011;645693;1;1061;2182.1;Powiat m. £Ûdü;292.8501406;1049.525352;358.3830796;4.03;2296;784.0187459;763.4;260.6794036;6433.246761;0;2;OR_C1;15485;212.5;20937;65.73;16634;61.78;18884;29.88;;
4s77njg9r64i;412;5;0;16;1061011;645693;1;1061;2182.1;Powiat m. £Ûdü;292.8501406;1049.525352;358.3830796;4.03;2296;784.0187459;763.4;260.6794036;15606.31315;10705.90057;11;OR_C1;5721;76.93;6032;23.48;5872;25.28;6463;13.8;0;1
6gd6vfw4r7i4;413;5;0;17;1061011;645693;1;1061;2182.1;Powiat m. £Ûdü;292.8501406;1049.525352;358.3830796;4.03;2296;784.0187459;763.4;260.6794036;9966.539379;11603.25347;0;OR_C1;823;11.82;1018;4;858;9.47;1793;8.4;;
8akx9i9grz64;414;5;1;16;1016104;1499;3;1016;106;Powiat tomaszowski;1023.091277;198.4567764;19.39775862;7.99;616;60.20968156;975.8;95.3776092;5176.529467;1169.548601;2;OR_C1;10786;146.45;11109;33.67;14333;34.28;11903;14.13;0;0
233k2pxo3ju3;415;5;1;9;1061011;645693;1;1061;2182.1;Powiat m. £Ûdü;292.8501406;1049.525352;358.3830796;4.03;2296;784.0187459;763.4;260.6794036;12439.86945;2324.039028;14;OR_C2;8294;115.62;8611;30.48;9104;47.72;11181;21.62;1;0
26xip874hvx8;416;5;1;18;1061011;645693;1;1061;2182.1;Powiat m. £Ûdü;292.8501406;1049.525352;358.3830796;4.03;2296;784.0187459;763.4;260.6794036;8906.049073;5924.610432;12;OR_C2;2377;31.9;2430;7.62;3096;20.18;2737;9.87;;
27zbi9vpg3z6;417;5;1;12;1008011;19276;2;1008;240.6;Powiat pabianicki;491.5247438;135.3532664;27.53742677;4.91;456;92.77254212;567.3;115.4163665;5134.879163;0;0;OR_C2;3495;47.58;3536;11.1;3985;25.83;3536;7.37;0;0
2du2axj46el8;418;5;1;16;1016011;56681;2;1016;106;Powiat tomaszowski;1023.091277;198.4567764;19.39775862;7.99;616;60.20968156;975.8;95.3776092;9642.72979;2190.58007;7;OR_C2;18017;244.18;23225;70.28;;;17599;15.1;1;1
2dx8ntr6u3p7;419;5;1;9;1061011;645693;1;1061;2182.1;Powiat m. £Ûdü;292.8501406;1049.525352;358.3830796;4.03;2296;784.0187459;763.4;260.6794036;8275.309989;2702.630823;16;OR_C2;1948;26.88;1947;6.92;2979;17.15;2423;7.37;1;0
2ej7uw8v6437;420;5;1;18;1061011;645693;1;1061;2182.1;Powiat m. £Ûdü;292.8501406;1049.525352;358.3830796;4.03;2296;784.0187459;763.4;260.6794036;8190.114064;1661.024169;23;OR_C2;8049;113.8;8206;30.8;9461;48.38;8208;16.8;1;1
2ko2rum9mxy8;421;5;1;18;1061011;645693;1;1061;2182.1;Powiat m. £Ûdü;292.8501406;1049.525352;358.3830796;4.03;2296;784.0187459;763.4;260.6794036;12417.70073;6971.853989;10;OR_C2;18265;244.93;19346;58.42;19785;45.1;22577;26.07;;
2o8xhr7k6nrv;422;5;1;14;1061011;645693;1;1061;2182.1;Powiat m. £Ûdü;292.8501406;1049.525352;358.3830796;4.03;2296;784.0187459;763.4;260.6794036;11773.74209;3707.15273;20;OR_C2;1910;26.85;1986;7.57;2114;12.37;2225;9.3;0;0
2rc8zdf4gle9;423;5;0;16;1016112;3065;3;1016;106;Powiat tomaszowski;1023.091277;198.4567764;19.39775862;7.99;616;60.20968156;975.8;95.3776092;5412.936538;0;1;OR_C2;24742;334.27;25008;78.43;;;26916;28.33;0;0
2xk4nas4k249;424;5;1;17;1061011;645693;1;1061;2182.1;Powiat m. £Ûdü;292.8501406;1049.525352;358.3830796;4.03;2296;784.0187459;763.4;260.6794036;10934.81723;5786.509206;12;OR_C2;4587;61.82;4605;15.02;4870;27.55;5625;14.35;1;1
2zir9dn2hgr4;425;5;1;16;1016092;11492;2;1016;106;Powiat tomaszowski;1023.091277;198.4567764;19.39775862;7.99;616;60.20968156;975.8;95.3776092;5066.386004;144.8328213;2;OR_C2;8198;111.7;8521;26.42;13916;383.3;8233;11.52;1;1
36f82lsz2mr6;426;5;1;17;1061011;645693;1;1061;2182.1;Powiat m. £Ûdü;292.8501406;1049.525352;358.3830796;4.03;2296;784.0187459;763.4;260.6794036;10364.50176;2286.406817;6;OR_C2;471;6.32;680;1.95;471;6.32;976;4.5;0;1
3au8rjg8kra3;427;5;0;16;1020045;13380;2;1020;193.4;Powiat zgierski;853.9990645;182.2143352;21.33659658;2.18;888;103.9813785;1106.6;129.5785963;11606.15205;0;1;OR_C2;10060;139.95;10504;33.97;11286;34.75;10498;19.25;0;1
3cp9rp47jfb6;428;5;0;13;1061011;645693;1;1061;2182.1;Powiat m. £Ûdü;292.8501406;1049.525352;358.3830796;4.03;2296;784.0187459;763.4;260.6794036;10185.85035;3326.207838;14;OR_C2;3514;48.17;3998;13.68;3902;25.43;3546;13.4;1;0
3gb3vwm8hlb3;429;5;1;16;1061011;645693;1;1061;2182.1;Powiat m. £Ûdü;292.8501406;1049.525352;358.3830796;4.03;2296;784.0187459;763.4;260.6794036;9834.35267;8148.652897;6;OR_C2;13020;178.07;14053;46.05;14736;69.67;16014;30.57;0;0
3go4fki2ue29;430;5;1;16;1061011;645693;1;1061;2182.1;Powiat m. £Ûdü;292.8501406;1049.525352;358.3830796;4.03;2296;784.0187459;763.4;260.6794036;11344.58041;3413.189673;14;OR_C2;2077;29.03;2435;9.02;2531;19.12;2631;8.17;1;1
3on3hvn42jv3;431;5;0;18;1013011;15783;2;1013;70;Powiat rawski;645.5332469;90.80383441;14.06648455;4.73;252;39.03749361;647.5;100.3046711;9356.730973;0;0;OR_C2;5506;76.2;5454;18.83;;;5812;10.33;1;0
3tg3ibp6zxf3;432;5;1;18;1061011;645693;1;1061;2182.1;Powiat m. £Ûdü;292.8501406;1049.525352;358.3830796;4.03;2296;784.0187459;763.4;260.6794036;8644.531516;9096.997373;2;OR_C2;5098;71.48;5684;18.82;6226;36.23;5825;14.22;0;0
3x6k8mg2fvh6;433;5;0;16;1016092;11492;2;1016;106;Powiat tomaszowski;1023.091277;198.4567764;19.39775862;7.99;616;60.20968156;975.8;95.3776092;6026.822418;0;0;OR_C2;5285;72.45;5427;17.68;6570;28.63;5427;10.9;0;1
3xbe9s3xy8o4;434;5;1;10;1061011;645693;1;1061;2182.1;Powiat m. £Ûdü;292.8501406;1049.525352;358.3830796;4.03;2296;784.0187459;763.4;260.6794036;8576.899613;3397.02132;16;OR_C2;3548;48.88;3790;14.77;4207;29.35;3607;13.02;;
3y2lsk8l49b4;435;5;0;7;1061011;645693;1;1061;2182.1;Powiat m. £Ûdü;292.8501406;1049.525352;358.3830796;4.03;2296;784.0187459;763.4;260.6794036;10223.57553;11311.05842;6;OR_C2;16165;222.1;17872;57.52;19812;79.17;17814;30.07;0;0
42tsi2klr8a9;436;5;0;12;1061011;645693;1;1061;2182.1;Powiat m. £Ûdü;292.8501406;1049.525352;358.3830796;4.03;2296;784.0187459;763.4;260.6794036;11739.31906;4261.189338;6;OR_C2;4632;64.05;4831;19.83;5374;29.45;4892;13.25;0;1
4af9frv8ctg9;437;5;1;18;1061011;645693;1;1061;2182.1;Powiat m. £Ûdü;292.8501406;1049.525352;358.3830796;4.03;2296;784.0187459;763.4;260.6794036;12495.11962;10407.26663;4;OR_C2;8729;123.75;9174;34.85;9946;40.55;10063;20.88;0;1
4jg2zp2rmh47;438;5;1;16;1061011;645693;1;1061;2182.1;Powiat m. £Ûdü;292.8501406;1049.525352;358.3830796;4.03;2296;784.0187459;763.4;260.6794036;7407.928761;9896.721601;9;OR_C2;12616;173.8;13954;47.23;15470;79.07;16546;28.25;0;0
4tc49psw89d4;440;5;1;17;1001072;8116;3;1001;110.8;Powiat be≥chatowski;966.2626658;198.2751399;20.51979724;14.05;961;99.45535868;943.4;97.63390778;3843.194407;0;2;OR_C2;13786;186.17;14504;44.37;15569;50.75;13846;13.35;;
4xx4s7jse6n4;441;5;1;16;1020085;9675;3;1020;193.4;Powiat zgierski;853.9990645;182.2143352;21.33659658;2.18;888;103.9813785;1106.6;129.5785963;3359.823334;0;0;OR_C2;16936;232.45;17513;58.83;22322;83.67;19515;29;1;1
6d36nm7pzj86;442;5;1;16;1016032;2069;3;1016;106;Powiat tomaszowski;1023.091277;198.4567764;19.39775862;7.99;616;60.20968156;975.8;95.3776092;4758.173036;0;1;OR_C2;21508;290.13;23485;71.07;;;21823;26.15;1;1
6gl2wtt6zef9;443;5;1;16;1016011;56681;2;1016;106;Powiat tomaszowski;1023.091277;198.4567764;19.39775862;7.99;616;60.20968156;975.8;95.3776092;11960.16849;11001.19645;8;OR_C2;769;9.85;774;1.87;769;9.85;774;1.85;1;0
6pz7mb6nrp99;444;5;1;18;1061011;645693;1;1061;2182.1;Powiat m. £Ûdü;292.8501406;1049.525352;358.3830796;4.03;2296;784.0187459;763.4;260.6794036;12272.17438;10852.56545;6;OR_C2;3454;47.92;3657;12.57;3858;25.78;5229;9.7;1;1
6to2po2ecb69;445;5;0;18;1061011;645693;1;1061;2182.1;Powiat m. £Ûdü;292.8501406;1049.525352;358.3830796;4.03;2296;784.0187459;763.4;260.6794036;8121.147336;10132.2345;9;OR_C2;5012;70.18;5478;19.92;5353;24.82;5141;10.93;0;0
6vd6nsa7bo43;446;5;0;11;1061011;645693;1;1061;2182.1;Powiat m. £Ûdü;292.8501406;1049.525352;358.3830796;4.03;2296;784.0187459;763.4;260.6794036;10334.07983;10701.68234;6;OR_C2;2373;31.42;2407;7.45;2790;26.2;3210;7.5;1;0
6vw884jia7vs;447;5;1;9;1061011;645693;1;1061;2182.1;Powiat m. £Ûdü;292.8501406;1049.525352;358.3830796;4.03;2296;784.0187459;763.4;260.6794036;12680.22482;3722.511044;11;OR_C2;652;8.9;2008;6.87;652;8.9;2551;6.47;0;0
722wv6i8eza8;448;5;1;12;1006082;5811;3;1006;151;Powiat ≥Ûdzki wschodni;499.1387193;129.2560513;25.89581739;10.7;448;89.75460783;667;133.6301862;5748.39385;264.4064392;4;OR_C2;14003;190.9;14768;47.67;18277;75.77;14709;27.07;0;0
72hi2n74vau7;449;5;0;13;1061011;645693;1;1061;2182.1;Powiat m. £Ûdü;292.8501406;1049.525352;358.3830796;4.03;2296;784.0187459;763.4;260.6794036;14949.96648;1511.054291;15;OR_C2;2527;33.93;2980;8.97;2544;16.45;2954;6.48;1;0
7c94t9elp9c3;450;5;1;12;1061011;645693;1;1061;2182.1;Powiat m. £Ûdü;292.8501406;1049.525352;358.3830796;4.03;2296;784.0187459;763.4;260.6794036;11060.95797;6826.706303;12;OR_C2;1345;19.07;1743;6.53;1345;19.07;1721;5.48;;
7de2vma2xvh3;451;5;1;17;1012142;4735;3;1012;72.5;Powiat radomszczaÒski;1441.229323;125.7545581;8.725506492;2.07;833;57.79788039;1190.9;82.63084725;5155.598929;351.9768498;1;OR_C2;15774;210.58;15774;46.45;;;15774;15.17;1;0
7dv6llr6zbx3;452;5;1;16;1061011;645693;1;1061;2182.1;Powiat m. £Ûdü;292.8501406;1049.525352;358.3830796;4.03;2296;784.0187459;763.4;260.6794036;6825.153418;2325.589667;2;OR_C2;9512;132.95;10436;34.77;15436;80.65;10628;23.7;0;1
7hu39ehn8dx8;453;5;0;14;1063011;45121;2;1063;1295.2;Powiat m. Skierniewice;34.55875472;71.15621041;205.8992316;6.85;187;541.1074604;143;413.788058;12663.86334;4668.23965;5;OR_C2;295;4.28;1042;3.52;295;4.28;1042;2.72;1;0
7kx8gnn6gku6;454;5;0;15;1020044;22023;2;1020;193.4;Powiat zgierski;853.9990645;182.2143352;21.33659658;2.18;888;103.9813785;1106.6;129.5785963;7723.5086;0;0;OR_C2;10658;145.57;13176;42.12;11856;60.12;12520;22.58;0;0
7lv8b2pgg6s6;455;5;0;13;1061011;645693;1;1061;2182.1;Powiat m. £Ûdü;292.8501406;1049.525352;358.3830796;4.03;2296;784.0187459;763.4;260.6794036;8931.032738;8699.408424;4;OR_C2;10976;153.65;12685;42.47;16842;89.67;12080;30.73;1;1
7o2dmi4lho6a;456;5;1;17;1016092;11492;2;1016;106;Powiat tomaszowski;1023.091277;198.4567764;19.39775862;7.99;616;60.20968156;975.8;95.3776092;4970.05896;144.8328213;3;OR_C2;6336;86.02;6336;19.87;10703;366.32;8030;8.13;;
7o9p4n8nzh93;457;5;1;10;1008052;7656;3;1008;240.6;Powiat pabianicki;491.5247438;135.3532664;27.53742677;4.91;456;92.77254212;567.3;115.4163665;5797.552486;752.7879757;4;OR_C2;3172;43.77;3335;11;3773;24.73;3318;5.55;0;0
7p27gdp9zj97;458;5;1;18;1061011;645693;1;1061;2182.1;Powiat m. £Ûdü;292.8501406;1049.525352;358.3830796;4.03;2296;784.0187459;763.4;260.6794036;11532.87888;3506.918817;7;OR_C2;7604;106.58;8172;28.18;10512;50.85;10298;25.18;0;1
7rm48jw6w766;459;5;1;18;1061011;645693;1;1061;2182.1;Powiat m. £Ûdü;292.8501406;1049.525352;358.3830796;4.03;2296;784.0187459;763.4;260.6794036;11604.71875;10827.98871;6;OR_C2;4025;56.5;4362;15.47;4718;25.38;4496;10.38;0;1
7wc7fma2ag77;460;5;1;17;1016062;7146;3;1016;106;Powiat tomaszowski;1023.091277;198.4567764;19.39775862;7.99;616;60.20968156;975.8;95.3776092;4068.116669;73.5026774;1;OR_C2;9093;122.45;9733;29.32;21202;67.42;9415;13.45;1;1
879oxx6war8a;461;5;0;18;1061011;645693;1;1061;2182.1;Powiat m. £Ûdü;292.8501406;1049.525352;358.3830796;4.03;2296;784.0187459;763.4;260.6794036;6844.032282;14190.66673;0;OR_C2;7602;104.2;8246;27.7;9391;47.58;8866;23.82;0;1
8eg9hd9mfm7r;462;5;1;15;1016072;5984;3;1016;106;Powiat tomaszowski;1023.091277;198.4567764;19.39775862;7.99;616;60.20968156;975.8;95.3776092;3425.027828;71.45405789;0;OR_C2;23469;317.67;23875;70.87;67050;124.87;24250;29.22;0;1
8he7ybk732j4;463;5;0;18;1013011;15783;2;1013;70;Powiat rawski;645.5332469;90.80383441;14.06648455;4.73;252;39.03749361;647.5;100.3046711;6341.743212;0;0;OR_C2;4176;57.43;4479;15.65;4176;57.43;7230;8.23;0;0
8j23srv6j7e6;464;5;0;18;1012011;42412;2;1012;72.5;Powiat radomszczaÒski;1441.229323;125.7545581;8.725506492;2.07;833;57.79788039;1190.9;82.63084725;11017.09857;2348.609729;7;OR_C2;1329;17.87;1445;4.65;1329;17.87;1946;4.23;1;0
8ru6zac4h6bz;465;5;1;14;1008011;19276;2;1008;240.6;Powiat pabianicki;491.5247438;135.3532664;27.53742677;4.91;456;92.77254212;567.3;115.4163665;5595.456756;0;0;OR_C2;3;0.03;3;0;3;0.03;3;0;0;0
94ggd4iiy8f7;466;5;0;15;1012011;42412;2;1012;72.5;Powiat radomszczaÒski;1441.229323;125.7545581;8.725506492;2.07;833;57.79788039;1190.9;82.63084725;6643.388115;0;4;OR_C2;1834;24.85;2704;8.8;1834;24.85;2379;4.82;1;1
96h7o9if2jh8;467;5;1;18;1061011;645693;1;1061;2182.1;Powiat m. £Ûdü;292.8501406;1049.525352;358.3830796;4.03;2296;784.0187459;763.4;260.6794036;13316.58839;9242.969011;13;OR_C2;4737;66.9;5368;21.85;8721;39.92;6513;12.38;;
98an97hyj4u3;468;5;1;18;1016104;1499;3;1016;106;Powiat tomaszowski;1023.091277;198.4567764;19.39775862;7.99;616;60.20968156;975.8;95.3776092;6204.480806;3363.612962;2;OR_C2;41222;560.85;42314;132.92;51499;139.82;45893;50.83;1;1
9mm26obd4ci7;469;5;1;18;1061011;645693;1;1061;2182.1;Powiat m. £Ûdü;292.8501406;1049.525352;358.3830796;4.03;2296;784.0187459;763.4;260.6794036;8123.983199;16783.94954;6;OR_C2;2749;36.62;3097;9.75;3077;15.45;3163;9.37;0;1
3839epo2inw7;470;5;1;16;1016011;56681;2;1016;106;Powiat tomaszowski;1023.091277;198.4567764;19.39775862;7.99;616;60.20968156;975.8;95.3776092;10761.08346;7275.610273;6;OR_C2;1963;26.47;2368;7.37;3181;17.27;2321;5.13;1;1
72gyl9oi8zxu;471;5;1;17;1010022;4026;3;1010;62.4;Powiat piotrkowski;1426.409646;162.5195004;11.39360638;2.45;896;62.81505476;1306.2;91.57257202;6265.331198;1317.35868;1;OR_C2;16413;222.88;17629;52.9;65468;152.78;17037;19.95;0;0
4r7j47izd969;472;5;1;17;1061011;645693;1;1061;2182.1;Powiat m. £Ûdü;292.8501406;1049.525352;358.3830796;4.03;2296;784.0187459;763.4;260.6794036;6807.680437;2762.822206;4;OR_C2;8643;118.18;9523;34.9;9792;40.75;9447;17.35;;
7j3hiw696yp3;473;5;1;16;1061011;645693;1;1061;2182.1;Powiat m. £Ûdü;292.8501406;1049.525352;358.3830796;4.03;2296;784.0187459;763.4;260.6794036;9947.246742;1459.989709;9;OR_C2;4392;60.98;4834;17.18;4590;26.98;4937;10.68;1;1
2xu3u9cmz6o6;474;5;0;16;1016011;56681;2;1016;106;Powiat tomaszowski;1023.091277;198.4567764;19.39775862;7.99;616;60.20968156;975.8;95.3776092;9259.709222;4805.456299;8;OR_C2;2264;30.6;2264;6.9;4991;25.75;2264;4.42;;
3h9whv6hwy29;475;5;1;16;1061011;645693;1;1061;2182.1;Powiat m. £Ûdü;292.8501406;1049.525352;358.3830796;4.03;2296;784.0187459;763.4;260.6794036;9182.411974;10922.56924;10;OR_C2;7530;103.58;8281;29.03;8227;41.87;8994;26.62;0;1
49os8xsx7oi4;476;5;0;16;1016011;56681;2;1016;106;Powiat tomaszowski;1023.091277;198.4567764;19.39775862;7.99;616;60.20968156;975.8;95.3776092;10570.65097;10739.6991;6;OR_C2;1237;16.23;1237;4.57;1593;12.27;1505;4.88;;
7atu6vk3oj64;477;5;0;16;1061011;645693;1;1061;2182.1;Powiat m. £Ûdü;292.8501406;1049.525352;358.3830796;4.03;2296;784.0187459;763.4;260.6794036;6433.246761;0;2;OR_C2;14720;202.37;17716;52.22;16949;58.65;16475;25.82;;
4s77njg9r64i;478;5;0;16;1061011;645693;1;1061;2182.1;Powiat m. £Ûdü;292.8501406;1049.525352;358.3830796;4.03;2296;784.0187459;763.4;260.6794036;15606.31315;10705.90057;11;OR_C2;7689;103.15;8522;27.8;10615;44.82;9234;22.47;0;1
8akx9i9grz64;479;5;1;16;1016104;1499;3;1016;106;Powiat tomaszowski;1023.091277;198.4567764;19.39775862;7.99;616;60.20968156;975.8;95.3776092;5176.529467;1169.548601;2;OR_C2;10521;142.92;10926;33.68;13774;31.1;12396;15.62;0;0
9uk9pp7smb64;480;5;0;11;1061011;645693;1;1061;2182.1;Powiat m. £Ûdü;292.8501406;1049.525352;358.3830796;4.03;2296;784.0187459;763.4;260.6794036;6376.283067;15756.69428;0;OR_N2;181;0.97;148;1.22;148;2.02;181;0.97;0;0
9uk9pp7smb64;481;5;0;11;1061011;645693;1;1061;2182.1;Powiat m. £Ûdü;292.8501406;1049.525352;358.3830796;4.03;2296;784.0187459;763.4;260.6794036;6376.283067;15756.69428;0;OR_N1;202;1.02;242;1.72;242;3.12;202;1.02;;
224ufg3bxo49;482;5;;;1061011;645693;1;1061;2182.1;Powiat m. £Ûdü;292.8501406;1049.525352;358.3830796;4.03;2296;784.0187459;763.4;260.6794036;;;;OR_C1;;;;;;;;;;
233k2pxo3ju3;1;6;1;9;1061011;645693;1;1061;2182.1;Powiat m. £Ûdü;292.8501406;1049.525352;358.3830796;4.03;2296;784.0187459;763.4;260.6794036;12439.86945;2324.039028;14;S;3014;42.3;3140;12;3849;20.47;3147;12.88;1;1
26xip874hvx8;2;6;1;18;1061011;645693;1;1061;2182.1;Powiat m. £Ûdü;292.8501406;1049.525352;358.3830796;4.03;2296;784.0187459;763.4;260.6794036;8906.049073;5924.610432;12;S;344;4.65;344;0.93;344;4.65;344;1.97;0;0
27zbi9vpg3z6;3;6;1;12;1008011;19276;2;1008;240.6;Powiat pabianicki;491.5247438;135.3532664;27.53742677;4.91;456;92.77254212;567.3;115.4163665;5134.879163;0;0;S;7986;109.62;8579;26.23;10004;56.43;9510;19.23;;
2979hck27rkh;4;6;;7;1061011;645693;1;1061;2182.1;Powiat m. £Ûdü;292.8501406;1049.525352;358.3830796;4.03;2296;784.0187459;763.4;260.6794036;8234.449081;2452.280035;4;S;74;1.12;74;0.22;74;1.12;74;0.27;;
9uk9pp7smb64;5;6;0;11;1061011;645693;1;1061;2182.1;Powiat m. £Ûdü;292.8501406;1049.525352;358.3830796;4.03;2296;784.0187459;763.4;260.6794036;6376.283067;15756.69428;0;S;1138;5.45;896;3.03;680;8.85;1138;5.45;0;0
2du2axj46el8;6;6;1;16;1016011;56681;2;1016;106;Powiat tomaszowski;1023.091277;198.4567764;19.39775862;7.99;616;60.20968156;975.8;95.3776092;9642.72979;2190.58007;7;S;1580;22.78;2003;8.45;2558;22.33;2028;4.18;1;1
2dx8ntr6u3p7;7;6;1;9;1061011;645693;1;1061;2182.1;Powiat m. £Ûdü;292.8501406;1049.525352;358.3830796;4.03;2296;784.0187459;763.4;260.6794036;8275.309989;2702.630823;16;S;1206;16.8;1206;4.48;1214;13.52;1206;5.12;0;0
2ej7uw8v6437;8;6;1;18;1061011;645693;1;1061;2182.1;Powiat m. £Ûdü;292.8501406;1049.525352;358.3830796;4.03;2296;784.0187459;763.4;260.6794036;8190.114064;1661.024169;23;S;3218;44.85;3225;12.35;4131;24.53;3453;11.52;0;0
2ko2rum9mxy8;9;6;1;18;1061011;645693;1;1061;2182.1;Powiat m. £Ûdü;292.8501406;1049.525352;358.3830796;4.03;2296;784.0187459;763.4;260.6794036;12417.70073;6971.853989;10;S;4355;59.32;4728;14;7061;28.43;4837;9.55;0;0
2n3k6ghy89c7;10;6;0;12;1061011;645693;1;1061;2182.1;Powiat m. £Ûdü;292.8501406;1049.525352;358.3830796;4.03;2296;784.0187459;763.4;260.6794036;9056.95102;2469.217016;16;S;1017;14.3;1017;3.43;1024;11;1017;4.12;0;0
2o8xhr7k6nrv;11;6;1;14;1061011;645693;1;1061;2182.1;Powiat m. £Ûdü;292.8501406;1049.525352;358.3830796;4.03;2296;784.0187459;763.4;260.6794036;11773.74209;3707.15273;20;S;3538;48.72;3505;12.52;3904;22.6;3505;13.83;1;1
2rc8zdf4gle9;12;6;0;16;1016112;3065;3;1016;106;Powiat tomaszowski;1023.091277;198.4567764;19.39775862;7.99;616;60.20968156;975.8;95.3776092;5412.936538;0;1;S;24571;331.57;26814;82.8;;;26652;27.62;0;0
2x3fcu99cxl9;13;6;1;16;1020031;52938;2;1020;193.4;Powiat zgierski;853.9990645;182.2143352;21.33659658;2.18;888;103.9813785;1106.6;129.5785963;8461.368515;0;2;S;1532;21.7;1532;5.3;1532;21.7;1532;3.13;0;0
2xe7r3dr364v;14;6;0;11;1010022;4026;3;1010;62.4;Powiat piotrkowski;1426.409646;162.5195004;11.39360638;2.45;896;62.81505476;1306.2;91.57257202;5822.150752;0;1;S;3245;44.65;3245;10.53;3245;44.65;3245;3.75;1;1
2xk4nas4k249;15;6;1;17;1061011;645693;1;1061;2182.1;Powiat m. £Ûdü;292.8501406;1049.525352;358.3830796;4.03;2296;784.0187459;763.4;260.6794036;10934.81723;5786.509206;12;S;94;1.38;150;0.53;94;1.38;94;0.5;0;0
2y84pei3u444;16;6;1;18;1061011;645693;1;1061;2182.1;Powiat m. £Ûdü;292.8501406;1049.525352;358.3830796;4.03;2296;784.0187459;763.4;260.6794036;11872.19813;8321.121911;14;S;6236;84.97;6619;21.28;6338;40.05;6741;14.9;;
2zir9dn2hgr4;17;6;1;16;1016092;11492;2;1016;106;Powiat tomaszowski;1023.091277;198.4567764;19.39775862;7.99;616;60.20968156;975.8;95.3776092;5066.386004;144.8328213;2;S;6518;89.2;6326;20.57;11471;365.97;6326;8.87;0;0
36f82lsz2mr6;18;6;1;17;1061011;645693;1;1061;2182.1;Powiat m. £Ûdü;292.8501406;1049.525352;358.3830796;4.03;2296;784.0187459;763.4;260.6794036;10364.50176;2286.406817;6;S;6149;83.87;6365;19.88;6701;34.65;7614;15.52;0;0
39lbr4j87h93;19;6;1;18;1063011;45121;2;1063;1295.2;Powiat m. Skierniewice;34.55875472;71.15621041;205.8992316;6.85;187;541.1074604;143;413.788058;6342.540928;8301.592858;4;S;56468;767.63;62312;194.92;71661;70.65;74223;60.8;;
3au8rjg8kra3;20;6;0;16;1020045;13380;2;1020;193.4;Powiat zgierski;853.9990645;182.2143352;21.33659658;2.18;888;103.9813785;1106.6;129.5785963;11606.15205;0;1;S;12928;183;14896;51.13;17839;68.83;16450;30.38;1;1
3cp9rp47jfb6;21;6;0;13;1061011;645693;1;1061;2182.1;Powiat m. £Ûdü;292.8501406;1049.525352;358.3830796;4.03;2296;784.0187459;763.4;260.6794036;10185.85035;3326.207838;14;S;4968;68.13;5524;22.95;6088;34.2;5958;13.77;0;0
3gb3vwm8hlb3;22;6;1;16;1061011;645693;1;1061;2182.1;Powiat m. £Ûdü;292.8501406;1049.525352;358.3830796;4.03;2296;784.0187459;763.4;260.6794036;9834.35267;8148.652897;6;S;6269;86.42;6645;22.72;7854;45.25;6570;17.67;0;0
3go4fki2ue29;23;6;1;16;1061011;645693;1;1061;2182.1;Powiat m. £Ûdü;292.8501406;1049.525352;358.3830796;4.03;2296;784.0187459;763.4;260.6794036;11344.58041;3413.189673;14;S;1391;19.77;1602;6.62;1660;11.83;1849;6.43;0;0
3ht6stl64x34;24;6;1;17;1016011;56681;2;1016;106;Powiat tomaszowski;1023.091277;198.4567764;19.39775862;7.99;616;60.20968156;975.8;95.3776092;9051.691328;5190.352661;9;S;1549;21.87;1749;7.48;1549;21.87;1807;3.78;1;1
3im9px4hj33i;25;6;1;18;1008011;19276;2;1008;240.6;Powiat pabianicki;491.5247438;135.3532664;27.53742677;4.91;456;92.77254212;567.3;115.4163665;7264.93626;2105.578367;5;S;13633;191;14050;48.67;18808;68.13;15170;26.65;0;0
3j9irh9sxs33;26;6;1;17;1061011;645693;1;1061;2182.1;Powiat m. £Ûdü;292.8501406;1049.525352;358.3830796;4.03;2296;784.0187459;763.4;260.6794036;11022.37966;134.7830001;7;S;7244;103.08;7524;26.7;9535;52.75;7684;19.67;0;0
3on3hvn42jv3;27;6;0;18;1013011;15783;2;1013;70;Powiat rawski;645.5332469;90.80383441;14.06648455;4.73;252;39.03749361;647.5;100.3046711;9356.730973;0;0;S;2233;30.72;2181;7.48;2233;30.72;2181;4.48;1;1
3szp6akh7ww3;28;6;1;17;1008021;59910;2;1008;240.6;Powiat pabianicki;491.5247438;135.3532664;27.53742677;4.91;456;92.77254212;567.3;115.4163665;10575.06863;2623.485497;11;S;750;10.18;750;2.13;750;10.18;750;1.8;0;0
3tg3ibp6zxf3;29;6;1;18;1061011;645693;1;1061;2182.1;Powiat m. £Ûdü;292.8501406;1049.525352;358.3830796;4.03;2296;784.0187459;763.4;260.6794036;8644.531516;9096.997373;2;S;3516;49.23;4277;14.05;4573;30.15;4871;12;0;0
3x6k8mg2fvh6;31;6;0;16;1016092;11492;2;1016;106;Powiat tomaszowski;1023.091277;198.4567764;19.39775862;7.99;616;60.20968156;975.8;95.3776092;6026.822418;0;0;S;4510;61.35;4842;14.63;5409;27.08;4978;8.8;0;1
3xbe9s3xy8o4;32;6;1;10;1061011;645693;1;1061;2182.1;Powiat m. £Ûdü;292.8501406;1049.525352;358.3830796;4.03;2296;784.0187459;763.4;260.6794036;8576.899613;3397.02132;16;S;5385;76.23;6276;21.92;6631;42.88;6214;16.05;0;0
3y2lsk8l49b4;33;6;0;7;1061011;645693;1;1061;2182.1;Powiat m. £Ûdü;292.8501406;1049.525352;358.3830796;4.03;2296;784.0187459;763.4;260.6794036;10223.57553;11311.05842;6;S;1268;17.43;1268;4.43;1290;13.07;2018;4.53;0;1
3z4f7gi3w7xe;34;6;0;15;1061011;645693;1;1061;2182.1;Powiat m. £Ûdü;292.8501406;1049.525352;358.3830796;4.03;2296;784.0187459;763.4;260.6794036;7027.07254;7622.31247;9;S;2933;41.17;3200;11.3;2927;15.38;3435;7;0;0
42srw7uo87m7;35;6;1;17;1009052;4876;3;1009;59.1;Powiat pajÍczaÒski;803.0385073;66.0912157;8.230142776;16.28;280;34.8675683;627.1;78.09090029;3590.790245;0;3;S;13521;180.97;13521;40.6;23871;40.47;13521;11.93;0;0
42tsi2klr8a9;36;6;0;12;1061011;645693;1;1061;2182.1;Powiat m. £Ûdü;292.8501406;1049.525352;358.3830796;4.03;2296;784.0187459;763.4;260.6794036;11739.31906;4261.189338;6;S;2694;36.68;2732;8.97;3328;18.67;3085;7.4;0;0
476pyf7mzi93;37;6;1;16;1020011;12956;2;1020;193.4;Powiat zgierski;853.9990645;182.2143352;21.33659658;2.18;888;103.9813785;1106.6;129.5785963;3277.529619;378.8529425;0;S;34851;480.68;42486;138.1;42534;97.5;36393;47.47;1;0
47gw3dym2wp3;38;6;0;11;1061011;645693;1;1061;2182.1;Powiat m. £Ûdü;292.8501406;1049.525352;358.3830796;4.03;2296;784.0187459;763.4;260.6794036;13279.58359;4874.043571;10;S;136;1.82;136;0.35;136;1.82;136;0.52;0;0
48rka8fno834;39;6;1;17;1001072;8116;3;1001;110.8;Powiat be≥chatowski;966.2626658;198.2751399;20.51979724;14.05;961;99.45535868;943.4;97.63390778;6150.382231;0;2;S;306;4.18;306;2.8;306;4.18;306;1.38;0;0
4a9gl6njo9uk;40;6;0;18;1020011;12956;2;1020;193.4;Powiat zgierski;853.9990645;182.2143352;21.33659658;2.18;888;103.9813785;1106.6;129.5785963;4850.81326;62.99420572;0;S;29518;407.67;37786;120.3;46765;99.62;30014;37.33;0;0
4af9frv8ctg9;41;6;1;18;1061011;645693;1;1061;2182.1;Powiat m. £Ûdü;292.8501406;1049.525352;358.3830796;4.03;2296;784.0187459;763.4;260.6794036;12495.11962;10407.26663;4;S;6255;87.93;6528;24.88;7573;35.53;7345;18.65;0;0
4an62jin83w9;42;6;1;16;1061011;645693;1;1061;2182.1;Powiat m. £Ûdü;292.8501406;1049.525352;358.3830796;4.03;2296;784.0187459;763.4;260.6794036;11319.27252;11284.2932;6;S;1552;21.43;1983;7.27;1806;8.03;3441;7.43;1;0
4bu4ne3uhm37;43;6;1;17;1001072;8116;3;1001;110.8;Powiat be≥chatowski;966.2626658;198.2751399;20.51979724;14.05;961;99.45535868;943.4;97.63390778;5919.398048;1192.876914;0;S;1560;21.47;1560;5.92;1560;21.47;1571;3.12;0;0
4gl76grn83n8;44;6;0;16;1061011;645693;1;1061;2182.1;Powiat m. £Ûdü;292.8501406;1049.525352;358.3830796;4.03;2296;784.0187459;763.4;260.6794036;6808.29605;12735.12437;9;S;89196;1209.53;95692;293.37;113682;138.57;98746;75.12;0;1
4hl4hw7kfg49;45;6;1;10;1061011;645693;1;1061;2182.1;Powiat m. £Ûdü;292.8501406;1049.525352;358.3830796;4.03;2296;784.0187459;763.4;260.6794036;11372.90748;6329.051118;2;S;499;6.93;499;1.48;499;6.93;620;3.03;0;0
4j7xjz2w3fr4;46;6;1;13;1061011;645693;1;1061;2182.1;Powiat m. £Ûdü;292.8501406;1049.525352;358.3830796;4.03;2296;784.0187459;763.4;260.6794036;9675.510758;1637.468546;2;S;4145;57.42;4881;16.58;5102;24;4777;10.92;0;0
4jg2zp2rmh47;47;6;1;16;1061011;645693;1;1061;2182.1;Powiat m. £Ûdü;292.8501406;1049.525352;358.3830796;4.03;2296;784.0187459;763.4;260.6794036;7407.928761;9896.721601;9;S;6464;90.97;7396;27.05;7310;42.22;8105;17.97;0;1
4k4ybe27u723;49;6;1;16;1012022;4621;3;1012;72.5;Powiat radomszczaÒski;1441.229323;125.7545581;8.725506492;2.07;833;57.79788039;1190.9;82.63084725;7717.209254;84.46199513;1;S;5623;75;5623;16.68;21772;140.78;5636;7.2;0;0
4tc49psw89d4;50;6;1;17;1001072;8116;3;1001;110.8;Powiat be≥chatowski;966.2626658;198.2751399;20.51979724;14.05;961;99.45535868;943.4;97.63390778;3843.194407;0;2;S;4482;60.38;4563;14.6;5494;16.57;4563;5.37;0;0
4xx4s7jse6n4;51;6;1;16;1020085;9675;3;1020;193.4;Powiat zgierski;853.9990645;182.2143352;21.33659658;2.18;888;103.9813785;1106.6;129.5785963;3359.823334;0;0;S;11455;157.85;12651;43.72;12124;38.68;11897;16.48;1;1
4zh87sa8kbc6;52;6;1;18;1061011;645693;1;1061;2182.1;Powiat m. £Ûdü;292.8501406;1049.525352;358.3830796;4.03;2296;784.0187459;763.4;260.6794036;5802.245796;655.8743772;2;S;7390;101.82;7918;26.33;10041;45.38;7814;14.45;0;0
4zm8obt2xcd4;53;6;1;17;1016011;56681;2;1016;106;Powiat tomaszowski;1023.091277;198.4567764;19.39775862;7.99;616;60.20968156;975.8;95.3776092;6864.022174;46.23310951;4;S;4095;56.3;4306;14.52;7620;25.13;4424;7.9;0;0
622nvb4dbl76;54;6;1;18;1061011;645693;1;1061;2182.1;Powiat m. £Ûdü;292.8501406;1049.525352;358.3830796;4.03;2296;784.0187459;763.4;260.6794036;12042.24721;11524.08415;7;S;2190;30.3;2534;9.23;2491;13.08;2319;7.57;0;0
62pbm94hiy37;55;6;1;16;1016062;7146;3;1016;106;Powiat tomaszowski;1023.091277;198.4567764;19.39775862;7.99;616;60.20968156;975.8;95.3776092;6859.291174;0;4;S;4149;57.23;4266;16.12;7929;20.58;4276;7.15;0;1
63fi6clb6326;56;6;1;17;1012011;42412;2;1012;72.5;Powiat radomszczaÒski;1441.229323;125.7545581;8.725506492;2.07;833;57.79788039;1190.9;82.63084725;9459.872748;115.0943562;3;S;2494;35.37;2994;11.47;2494;35.37;2603;5.82;0;0
67jso9gjh6jf;57;6;0;15;1016072;5984;3;1016;106;Powiat tomaszowski;1023.091277;198.4567764;19.39775862;7.99;616;60.20968156;975.8;95.3776092;7422.970363;1227.860659;4;S;27247;370.72;28102;85.32;37463;78.75;28029;39.82;1;1
68uzd7gvw2o4;58;6;1;14;1061011;645693;1;1061;2182.1;Powiat m. £Ûdü;292.8501406;1049.525352;358.3830796;4.03;2296;784.0187459;763.4;260.6794036;11849.6004;3619.541545;19;S;3591;49.43;3558;12.67;3957;23.32;3558;14.17;1;1
6d36nm7pzj86;59;6;1;16;1016032;2069;3;1016;106;Powiat tomaszowski;1023.091277;198.4567764;19.39775862;7.99;616;60.20968156;975.8;95.3776092;4758.173036;0;1;S;18905;254.62;20988;64.02;;;20875;22.12;;
6gl2wtt6zef9;60;6;1;16;1016011;56681;2;1016;106;Powiat tomaszowski;1023.091277;198.4567764;19.39775862;7.99;616;60.20968156;975.8;95.3776092;11960.16849;11001.19645;8;S;1022;13.88;1204;3.53;1022;13.88;1388;3.22;0;0
6hx2yg9sv774;61;6;1;13;1061011;645693;1;1061;2182.1;Powiat m. £Ûdü;292.8501406;1049.525352;358.3830796;4.03;2296;784.0187459;763.4;260.6794036;12274.89621;7306.47684;8;S;353;4.78;353;0.97;353;4.78;325;1.92;1;0
6k499kz2gx99;62;6;1;18;1016072;5984;3;1016;106;Powiat tomaszowski;1023.091277;198.4567764;19.39775862;7.99;616;60.20968156;975.8;95.3776092;4807.81025;1101.43564;4;S;27668;377.27;28971;87.4;39092;95.92;28406;37.35;0;0
6ki3s8kdc7f8;63;6;1;18;1020044;22023;2;1020;193.4;Powiat zgierski;853.9990645;182.2143352;21.33659658;2.18;888;103.9813785;1106.6;129.5785963;8016.165447;0;0;S;5358;73.4;5820;18.3;9253;38.85;5478;8.62;1;1
6pz7mb6nrp99;64;6;1;18;1061011;645693;1;1061;2182.1;Powiat m. £Ûdü;292.8501406;1049.525352;358.3830796;4.03;2296;784.0187459;763.4;260.6794036;12272.17438;10852.56545;6;S;2128;29.52;2604;9.58;2407;11.95;2365;7.45;1;0
6rzb33d28el6;65;6;0;18;1013011;15783;2;1013;70;Powiat rawski;645.5332469;90.80383441;14.06648455;4.73;252;39.03749361;647.5;100.3046711;6405.453483;0;0;S;2356;31.87;2356;7.57;2356;31.87;2651;4.4;1;1
6s9dlj6zni43;66;6;1;14;1061011;645693;1;1061;2182.1;Powiat m. £Ûdü;292.8501406;1049.525352;358.3830796;4.03;2296;784.0187459;763.4;260.6794036;9606.731195;2915.68441;15;S;1714;23.33;1714;6.62;1726;17.07;1714;6.35;1;0
6t2ngt39uuw9;67;6;1;17;1001062;4749;3;1001;110.8;Powiat be≥chatowski;966.2626658;198.2751399;20.51979724;14.05;961;99.45535868;943.4;97.63390778;6347.723363;347.6512596;2;S;7806;104.93;10798;31.67;;;7806;6.53;0;0
6to2po2ecb69;68;6;0;18;1061011;645693;1;1061;2182.1;Powiat m. £Ûdü;292.8501406;1049.525352;358.3830796;4.03;2296;784.0187459;763.4;260.6794036;8121.147336;10132.2345;9;S;8905;125.4;9976;35.13;10719;43.95;10423;21.57;0;0
6vd6nsa7bo43;69;6;0;11;1061011;645693;1;1061;2182.1;Powiat m. £Ûdü;292.8501406;1049.525352;358.3830796;4.03;2296;784.0187459;763.4;260.6794036;10334.07983;10701.68234;6;S;1274;17.05;1387;4.55;1918;14.17;4009;9.38;0;0
6vw884jia7vs;70;6;1;9;1061011;645693;1;1061;2182.1;Powiat m. £Ûdü;292.8501406;1049.525352;358.3830796;4.03;2296;784.0187459;763.4;260.6794036;12680.22482;3722.511044;11;S;6;0.08;6;0.02;6;0.08;6;0.02;0;0
6wp6de7cbt83;71;6;1;17;1001072;8116;3;1001;110.8;Powiat be≥chatowski;966.2626658;198.2751399;20.51979724;14.05;961;99.45535868;943.4;97.63390778;7634.098779;0;2;S;9;0.12;9;0.03;9;0.12;9;0.02;0;0
722wv6i8eza8;72;6;1;12;1006082;5811;3;1006;151;Powiat ≥Ûdzki wschodni;499.1387193;129.2560513;25.89581739;10.7;448;89.75460783;667;133.6301862;5748.39385;264.4064392;4;S;5494;75.48;5521;18.33;6007;21.9;5501;8.47;0;0
72hi2n74vau7;73;6;0;13;1061011;645693;1;1061;2182.1;Powiat m. £Ûdü;292.8501406;1049.525352;358.3830796;4.03;2296;784.0187459;763.4;260.6794036;14949.96648;1511.054291;15;S;1505;20.7;1639;6;2143;13.6;1577;3.78;0;0
73ayd2h7seb3;74;6;1;16;1012042;5606;3;1012;72.5;Powiat radomszczaÒski;1441.229323;125.7545581;8.725506492;2.07;833;57.79788039;1190.9;82.63084725;5958.68693;2184.950857;1;S;14298;195.73;16635;55.12;14889;67.5;14311;19.63;0;0
74wis3tyl8y6;75;6;1;15;1061011;645693;1;1061;2182.1;Powiat m. £Ûdü;292.8501406;1049.525352;358.3830796;4.03;2296;784.0187459;763.4;260.6794036;8339.263574;5184.172472;9;S;8624;120.52;9363;33.02;10033;42.93;13036;23.12;1;1
76gwi6kye8n9;76;6;0;16;1017054;1332;3;1017;77.1;Powiat wieluÒski;924.9576466;121.9433161;13.18366485;5.58;548;59.24595597;873.6;94.44756776;8685.075103;572.5291402;2;S;22055;299.08;27348;82.85;;;24994;20.78;0;1
7c94t9elp9c3;77;6;1;12;1061011;645693;1;1061;2182.1;Powiat m. £Ûdü;292.8501406;1049.525352;358.3830796;4.03;2296;784.0187459;763.4;260.6794036;11060.95797;6826.706303;12;S;898;12.1;1088;3.13;898;12.1;1060;4;0;0
7de2vma2xvh3;78;6;1;17;1012142;4735;3;1012;72.5;Powiat radomszczaÒski;1441.229323;125.7545581;8.725506492;2.07;833;57.79788039;1190.9;82.63084725;5155.598929;351.9768498;1;S;22509;304.93;24961;74.9;;;25887;25.7;1;1
7dv6llr6zbx3;79;6;1;16;1061011;645693;1;1061;2182.1;Powiat m. £Ûdü;292.8501406;1049.525352;358.3830796;4.03;2296;784.0187459;763.4;260.6794036;6825.153418;2325.589667;2;S;2024;27.68;2064;7.2;2969;22.78;2793;5.58;0;0
7gb6uu4lhx49;80;6;0;17;1061011;645693;1;1061;2182.1;Powiat m. £Ûdü;292.8501406;1049.525352;358.3830796;4.03;2296;784.0187459;763.4;260.6794036;8284.124894;3697.729475;15;S;2259;31.98;2422;9.02;2813;16.13;2982;6.97;1;0
7hr22ben944c;81;6;0;16;1006082;5811;3;1006;151;Powiat ≥Ûdzki wschodni;499.1387193;129.2560513;25.89581739;10.7;448;89.75460783;667;133.6301862;5748.39385;264.4064392;4;S;7754;105.53;8204;25.08;8697;28.92;7748;11.78;0;0
7hu39ehn8dx8;82;6;0;14;1063011;45121;2;1063;1295.2;Powiat m. Skierniewice;34.55875472;71.15621041;205.8992316;6.85;187;541.1074604;143;413.788058;12663.86334;4668.23965;5;S;547;7.53;647;1.95;547;7.53;647;1.98;1;1
7j4npc2k2gf4;83;6;0;13;1061011;645693;1;1061;2182.1;Powiat m. £Ûdü;292.8501406;1049.525352;358.3830796;4.03;2296;784.0187459;763.4;260.6794036;7282.577684;5964.173791;7;S;2765;39.47;3170;12.38;3385;16.7;3804;10.65;0;0
7kx8gnn6gku6;84;6;0;15;1020044;22023;2;1020;193.4;Powiat zgierski;853.9990645;182.2143352;21.33659658;2.18;888;103.9813785;1106.6;129.5785963;7723.5086;0;0;S;12297;171.15;12872;42.63;13389;68.77;13233;26.02;1;0
7lv8b2pgg6s6;85;6;0;13;1061011;645693;1;1061;2182.1;Powiat m. £Ûdü;292.8501406;1049.525352;358.3830796;4.03;2296;784.0187459;763.4;260.6794036;8931.032738;8699.408424;4;S;812;10.57;896;2.27;812;10.57;1860;7.33;0;0
7o2dmi4lho6a;86;6;1;17;1016092;11492;2;1016;106;Powiat tomaszowski;1023.091277;198.4567764;19.39775862;7.99;616;60.20968156;975.8;95.3776092;4970.05896;144.8328213;3;S;6631;90.75;6439;20.88;11585;367.52;6439;9;0;0
7o9p4n8nzh93;87;6;1;10;1008052;7656;3;1008;240.6;Powiat pabianicki;491.5247438;135.3532664;27.53742677;4.91;456;92.77254212;567.3;115.4163665;5797.552486;752.7879757;4;S;2179;30.02;2180;7.63;2179;30.02;2454;4.07;0;1
7p27gdp9zj97;88;6;1;18;1061011;645693;1;1061;2182.1;Powiat m. £Ûdü;292.8501406;1049.525352;358.3830796;4.03;2296;784.0187459;763.4;260.6794036;11532.87888;3506.918817;7;S;4272;59.67;4506;16.45;5311;25.82;4979;11.3;1;1
7pr6zb9uw8k7;89;6;0;18;1012011;42412;2;1012;72.5;Powiat radomszczaÒski;1441.229323;125.7545581;8.725506492;2.07;833;57.79788039;1190.9;82.63084725;10967.05271;2348.609729;7;S;59820;804.9;63477;194.97;;;66300;47.72;1;1
7rm48jw6w766;90;6;1;18;1061011;645693;1;1061;2182.1;Powiat m. £Ûdü;292.8501406;1049.525352;358.3830796;4.03;2296;784.0187459;763.4;260.6794036;11604.71875;10827.98871;6;S;4025;56.75;4308;14.47;8740;37.02;4768;12.43;0;0
7wc7fma2ag77;91;6;1;17;1016062;7146;3;1016;106;Powiat tomaszowski;1023.091277;198.4567764;19.39775862;7.99;616;60.20968156;975.8;95.3776092;4068.116669;73.5026774;1;S;9223;124.47;9898;31.2;21140;66.72;9351;12.82;0;0
83bi7nhl3wm6;92;6;1;17;1061011;645693;1;1061;2182.1;Powiat m. £Ûdü;292.8501406;1049.525352;358.3830796;4.03;2296;784.0187459;763.4;260.6794036;10092.50843;2951.650447;2;S;8186;112.83;8573;29.53;9250;55.93;13069;24.45;0;0
879oxx6war8a;93;6;0;18;1061011;645693;1;1061;2182.1;Powiat m. £Ûdü;292.8501406;1049.525352;358.3830796;4.03;2296;784.0187459;763.4;260.6794036;6844.032282;14190.66673;0;S;48;0.65;48;0.13;48;0.65;28;0.12;0;0
8eg9hd9mfm7r;94;6;1;15;1016072;5984;3;1016;106;Powiat tomaszowski;1023.091277;198.4567764;19.39775862;7.99;616;60.20968156;975.8;95.3776092;3425.027828;71.45405789;0;S;21440;289.95;21899;66.67;61376;117.62;22422;27.37;0;0
8fj2yja69ug7;95;6;1;18;1061011;645693;1;1061;2182.1;Powiat m. £Ûdü;292.8501406;1049.525352;358.3830796;4.03;2296;784.0187459;763.4;260.6794036;9670.024441;6119.346317;19;S;505;7.23;534;1.62;505;7.23;505;2.27;0;0
8he7ybk732j4;96;6;0;18;1013011;15783;2;1013;70;Powiat rawski;645.5332469;90.80383441;14.06648455;4.73;252;39.03749361;647.5;100.3046711;6341.743212;0;0;S;2335;31.57;2335;7.48;2335;31.57;2691;4.48;1;1
8j23srv6j7e6;97;6;0;18;1012011;42412;2;1012;72.5;Powiat radomszczaÒski;1441.229323;125.7545581;8.725506492;2.07;833;57.79788039;1190.9;82.63084725;11017.09857;2348.609729;7;S;2059;29.28;2099;8.23;2059;29.28;2832;6.28;1;1
8re94yui6po6;98;6;1;16;1061011;645693;1;1061;2182.1;Powiat m. £Ûdü;292.8501406;1049.525352;358.3830796;4.03;2296;784.0187459;763.4;260.6794036;10742.11502;5107.763374;8;S;6351;87.93;6549;22.72;6645;38.95;8476;20.72;;
8ru6zac4h6bz;99;6;1;14;1008011;19276;2;1008;240.6;Powiat pabianicki;491.5247438;135.3532664;27.53742677;4.91;456;92.77254212;567.3;115.4163665;5595.456756;0;0;S;8010;109.95;8603;26.3;10028;56.77;9501;19.18;0;1
8rx4hrv2hl66;100;6;0;15;1063011;45121;2;1063;1295.2;Powiat m. Skierniewice;34.55875472;71.15621041;205.8992316;6.85;187;541.1074604;143;413.788058;10406.2918;3718.434591;7;S;951;13;1029;4.02;951;13;989;2.7;1;1
8ut24lsg7sat;101;6;0;7;1061011;645693;1;1061;2182.1;Powiat m. £Ûdü;292.8501406;1049.525352;358.3830796;4.03;2296;784.0187459;763.4;260.6794036;8163.53138;9021.815222;2;S;328;4.4;349;0.97;328;4.4;328;1.48;1;0
937zf8uay9u4;102;6;0;16;1061011;645693;1;1061;2182.1;Powiat m. £Ûdü;292.8501406;1049.525352;358.3830796;4.03;2296;784.0187459;763.4;260.6794036;6811.304466;4542.587275;5;S;303;4.15;303;0.85;303;4.15;303;0.88;0;0
93buz4udu9m7;103;6;1;16;1020031;52938;2;1020;193.4;Powiat zgierski;853.9990645;182.2143352;21.33659658;2.18;888;103.9813785;1106.6;129.5785963;9119.727001;1304.081742;6;S;11680;160.75;12041;41.08;14409;46.85;14786;26.47;0;0
94ggd4iiy8f7;104;6;0;15;1012011;42412;2;1012;72.5;Powiat radomszczaÒski;1441.229323;125.7545581;8.725506492;2.07;833;57.79788039;1190.9;82.63084725;6643.388115;0;4;S;3186;44.68;3647;13.22;3186;44.68;3295;6.65;1;1
94jeu24oxi69;105;6;1;17;1012132;4243;3;1012;72.5;Powiat radomszczaÒski;1441.229323;125.7545581;8.725506492;2.07;833;57.79788039;1190.9;82.63084725;5352.295104;0;0;S;26422;356.12;29187;85.92;;;26635;27.3;0;0
94sb6wsl6sm8;106;6;1;18;1008072;9128;3;1008;240.6;Powiat pabianicki;491.5247438;135.3532664;27.53742677;4.91;456;92.77254212;567.3;115.4163665;4563.783304;0;2;S;5061;69.67;5669;17.25;6901;28.5;5111;8.52;0;0
96h7o9if2jh8;107;6;1;18;1061011;645693;1;1061;2182.1;Powiat m. £Ûdü;292.8501406;1049.525352;358.3830796;4.03;2296;784.0187459;763.4;260.6794036;13316.58839;9242.969011;13;S;2047;28.93;2174;8.37;2055;13.42;2070;6.6;1;0
98an97hyj4u3;108;6;1;18;1016104;1499;3;1016;106;Powiat tomaszowski;1023.091277;198.4567764;19.39775862;7.99;616;60.20968156;975.8;95.3776092;6204.480806;3363.612962;2;S;11315;154.43;11721;37.37;26356;140.13;12552;16.72;0;0
9as67mid33v9;109;6;0;12;1061011;645693;1;1061;2182.1;Powiat m. £Ûdü;292.8501406;1049.525352;358.3830796;4.03;2296;784.0187459;763.4;260.6794036;9968.674416;2576.345711;12;S;325;4.38;359;1.02;325;4.38;330;1.42;0;0
9i7uig8jkh73;110;6;1;16;1061011;645693;1;1061;2182.1;Powiat m. £Ûdü;292.8501406;1049.525352;358.3830796;4.03;2296;784.0187459;763.4;260.6794036;8115.117899;8813.702188;3;S;4394;61.75;4445;16.05;5569;30.55;4963;14.55;1;0
9iy6wx4fuw7t;111;6;1;13;1061011;645693;1;1061;2182.1;Powiat m. £Ûdü;292.8501406;1049.525352;358.3830796;4.03;2296;784.0187459;763.4;260.6794036;11802.14902;3565.206216;20;S;3549;48.83;3516;12.1;3914;22.72;3516;13.65;0;0
9mm26obd4ci7;112;6;1;18;1061011;645693;1;1061;2182.1;Powiat m. £Ûdü;292.8501406;1049.525352;358.3830796;4.03;2296;784.0187459;763.4;260.6794036;8123.983199;16783.94954;6;S;3926;52.85;4104;13.65;4234;19.95;4594;16.03;0;0
9ts43ypx4kp9;113;6;1;17;1016011;56681;2;1016;106;Powiat tomaszowski;1023.091277;198.4567764;19.39775862;7.99;616;60.20968156;975.8;95.3776092;10311.77405;10726.73201;3;S;1504;20.37;1723;5.35;1944;16.95;2017;4.4;0;0
9vw8yca72io7;114;6;1;14;1061011;645693;1;1061;2182.1;Powiat m. £Ûdü;292.8501406;1049.525352;358.3830796;4.03;2296;784.0187459;763.4;260.6794036;9693.362647;2696.295607;13;S;598;8.37;598;2.13;598;8.37;598;3.05;0;0
9yl3yai8bbi4;115;6;0;16;1012011;42412;2;1012;72.5;Powiat radomszczaÒski;1441.229323;125.7545581;8.725506492;2.07;833;57.79788039;1190.9;82.63084725;3942.602815;0;3;S;3748;52.77;4779;16.52;3748;52.77;3744;7.22;1;0
9zf39gaa3ay3;116;6;1;18;1017094;20141;2;1017;77.1;Powiat wieluÒski;924.9576466;121.9433161;13.18366485;5.58;548;59.24595597;873.6;94.44756776;9806.575436;6036.921912;5;S;2476;33.97;2545;8.63;2476;33.97;3075;7.38;0;1
4g4fog98arl8;117;6;1;16;1061011;645693;1;1061;2182.1;Powiat m. £Ûdü;292.8501406;1049.525352;358.3830796;4.03;2296;784.0187459;763.4;260.6794036;11257.85856;5458.632367;10;S;1062;14.88;1490;5.35;1062;14.88;1941;6.43;0;0
6v4ru436byk2;118;6;0;17;1061011;645693;1;1061;2182.1;Powiat m. £Ûdü;292.8501406;1049.525352;358.3830796;4.03;2296;784.0187459;763.4;260.6794036;12475.11073;6376.522371;10;S;3941;55.4;4200;13.62;12928;42.27;5433;12.58;1;1
4myc3jiy9zca;119;6;0;11;1061011;645693;1;1061;2182.1;Powiat m. £Ûdü;292.8501406;1049.525352;358.3830796;4.03;2296;784.0187459;763.4;260.6794036;12229.60146;10164.31605;10;S;301;3.98;301;0.8;301;3.98;445;2.35;1;0
8ve3dyb7uc23;120;6;0;16;1061011;645693;1;1061;2182.1;Powiat m. £Ûdü;292.8501406;1049.525352;358.3830796;4.03;2296;784.0187459;763.4;260.6794036;10260.45235;9306.274946;12;S;633;8.75;709;2.13;633;8.75;747;3.9;0;0
4zw9gve83zo9;121;6;0;18;1016011;56681;2;1016;106;Powiat tomaszowski;1023.091277;198.4567764;19.39775862;7.99;616;60.20968156;975.8;95.3776092;6690.695787;2766.584909;5;S;1530;21.45;1772;7.83;1530;21.45;1796;3.52;0;1
4sw4bul2pmj9;122;6;0;16;1016062;7146;3;1016;106;Powiat tomaszowski;1023.091277;198.4567764;19.39775862;7.99;616;60.20968156;975.8;95.3776092;4404.877821;0;1;S;7689;103.65;7805;25.12;23285;86.58;7816;10.73;0;0
3on3vhz6zrn8;123;6;1;16;1061011;645693;1;1061;2182.1;Powiat m. £Ûdü;292.8501406;1049.525352;358.3830796;4.03;2296;784.0187459;763.4;260.6794036;11298.68502;4710.591122;10;S;3708;51.78;5116;16.02;4375;28.88;4543;11.45;0;0
3839epo2inw7;124;6;1;16;1016011;56681;2;1016;106;Powiat tomaszowski;1023.091277;198.4567764;19.39775862;7.99;616;60.20968156;975.8;95.3776092;10761.08346;7275.610273;6;S;2457;34.42;2856;11.93;3789;21.72;2677;6.55;1;1
9pb7nn2x6od4;125;6;1;16;1016042;4790;3;1016;106;Powiat tomaszowski;1023.091277;198.4567764;19.39775862;7.99;616;60.20968156;975.8;95.3776092;15216.95673;523.7336828;3;S;18979;256.35;21411;65.22;;;21672;18.8;0;1
72gyl9oi8zxu;126;6;1;17;1010022;4026;3;1010;62.4;Powiat piotrkowski;1426.409646;162.5195004;11.39360638;2.45;896;62.81505476;1306.2;91.57257202;6265.331198;1317.35868;1;S;23995;325.53;29323;89.97;51631;126.78;24504;30.62;0;1
4r7j47izd969;127;6;1;17;1061011;645693;1;1061;2182.1;Powiat m. £Ûdü;292.8501406;1049.525352;358.3830796;4.03;2296;784.0187459;763.4;260.6794036;6807.680437;2762.822206;4;S;5332;72.43;5331;16;5852;22.82;5800;9.85;0;0
7j3hiw696yp3;128;6;1;16;1061011;645693;1;1061;2182.1;Powiat m. £Ûdü;292.8501406;1049.525352;358.3830796;4.03;2296;784.0187459;763.4;260.6794036;9947.246742;1459.989709;9;S;5883;82.88;6278;23.87;8012;38.97;6281;15.9;0;0
7jo77gnl2d88;129;6;1;17;1016011;56681;2;1016;106;Powiat tomaszowski;1023.091277;198.4567764;19.39775862;7.99;616;60.20968156;975.8;95.3776092;9199.945896;639.6576569;5;S;3535;49.3;3727;11.93;5605;16.87;3694;6.4;0;0
8lx4tsy6dpc6;130;6;0;16;1016092;11492;2;1016;106;Powiat tomaszowski;1023.091277;198.4567764;19.39775862;7.99;616;60.20968156;975.8;95.3776092;7614.934333;0;2;S;3644;49.42;4349;13.48;5939;23.83;3751;8.5;0;0
34i3f2gbm4l9;131;6;1;17;1061011;645693;1;1061;2182.1;Powiat m. £Ûdü;292.8501406;1049.525352;358.3830796;4.03;2296;784.0187459;763.4;260.6794036;6314.532156;4907.52221;3;S;4677;65.52;4977;18.45;10162;48.6;5184;14.83;;
8jd2y7t9n2c3;132;6;1;17;1016062;7146;3;1016;106;Powiat tomaszowski;1023.091277;198.4567764;19.39775862;7.99;616;60.20968156;975.8;95.3776092;3133.678395;0;1;S;12028;162.95;14111;44.7;19836;72.37;13999;16.28;1;1
9cu94w4sfp69;133;6;1;17;1016062;7146;3;1016;106;Powiat tomaszowski;1023.091277;198.4567764;19.39775862;7.99;616;60.20968156;975.8;95.3776092;1848.151093;0;2;S;16585;223.93;18668;57.33;;;18555;20.03;0;0
2xu3u9cmz6o6;134;6;0;16;1016011;56681;2;1016;106;Powiat tomaszowski;1023.091277;198.4567764;19.39775862;7.99;616;60.20968156;975.8;95.3776092;9259.709222;4805.456299;8;S;2335;32.87;2388;9.73;2687;23.58;2767;5.42;0;0
3h9whv6hwy29;135;6;1;16;1061011;645693;1;1061;2182.1;Powiat m. £Ûdü;292.8501406;1049.525352;358.3830796;4.03;2296;784.0187459;763.4;260.6794036;9182.411974;10922.56924;10;S;433;6.1;434;1.37;433;6.1;861;4.02;0;0
34jc9fgd9ex6;136;6;0;17;1016062;7146;3;1016;106;Powiat tomaszowski;1023.091277;198.4567764;19.39775862;7.99;616;60.20968156;975.8;95.3776092;5718.773912;1036.791101;2;S;10302;140.08;12389;40.15;17981;47.67;12032;14.53;0;0
9czr7rfk9cz3;137;6;0;16;1016011;56681;2;1016;106;Powiat tomaszowski;1023.091277;198.4567764;19.39775862;7.99;616;60.20968156;975.8;95.3776092;11104.62735;8177.646311;7;S;2122;29.72;2615;10.45;3994;24.28;2152;5.87;0;0
7tr8cnx66jl7;138;6;0;17;1016054;765;3;1016;106;Powiat tomaszowski;1023.091277;198.4567764;19.39775862;7.99;616;60.20968156;975.8;95.3776092;2784.173113;1265.300486;0;S;17346;235.05;18111;59.83;;;17565;20.88;0;1
49os8xsx7oi4;139;6;0;16;1016011;56681;2;1016;106;Powiat tomaszowski;1023.091277;198.4567764;19.39775862;7.99;616;60.20968156;975.8;95.3776092;10570.65097;10739.6991;6;S;2441;34.12;2641;9.42;2816;27.73;2525;7.47;1;0
7mf4l4trf3ze;140;6;1;17;1061011;645693;1;1061;2182.1;Powiat m. £Ûdü;292.8501406;1049.525352;358.3830796;4.03;2296;784.0187459;763.4;260.6794036;9153.930939;9366.764227;3;S;52480;711.47;54789;168.22;68338;128.88;85633;67.5;0;0
3688cti4uea8;141;6;1;16;1016092;11492;2;1016;106;Powiat tomaszowski;1023.091277;198.4567764;19.39775862;7.99;616;60.20968156;975.8;95.3776092;5345.036563;0;1;S;4593;63.45;4944;17.3;6085;20.87;5077;8.75;0;0
4f83r7de66n6;142;6;1;16;1016092;11492;2;1016;106;Powiat tomaszowski;1023.091277;198.4567764;19.39775862;7.99;616;60.20968156;975.8;95.3776092;7636.255509;0;2;S;7445;100.57;7777;22.95;7718;32.63;7908;11.23;0;0
7mjw2chk2g83;143;6;1;16;1016104;1499;3;1016;106;Powiat tomaszowski;1023.091277;198.4567764;19.39775862;7.99;616;60.20968156;975.8;95.3776092;5176.529467;1169.548601;2;S;11238;153.65;11696;37.95;14851;41.95;13114;17.03;0;0
889tao7rvt44;144;6;0;16;1016011;56681;2;1016;106;Powiat tomaszowski;1023.091277;198.4567764;19.39775862;7.99;616;60.20968156;975.8;95.3776092;11295.22139;8973.560068;6;S;2135;29.83;2187;9.35;2751;23.27;2567;5.78;0;0
498tfd8lj6t3;145;6;0;16;1016011;56681;2;1016;106;Powiat tomaszowski;1023.091277;198.4567764;19.39775862;7.99;616;60.20968156;975.8;95.3776092;6696.687995;7700.19261;8;S;145;2.03;145;0.48;145;2.03;145;0.35;0;0
6lhd98mxj8m3;146;6;1;17;1016011;56681;2;1016;106;Powiat tomaszowski;1023.091277;198.4567764;19.39775862;7.99;616;60.20968156;975.8;95.3776092;9208.185761;9427.412991;3;S;2475;34.4;2751;10.97;3223;19.68;3279;6.53;0;0
948vaj33uch8;147;6;0;16;1016011;56681;2;1016;106;Powiat tomaszowski;1023.091277;198.4567764;19.39775862;7.99;616;60.20968156;975.8;95.3776092;12003.91902;9229.486809;7;S;2096;29.28;2199;10;3730;26.52;2145;5.97;0;0
77l6ahj37zi9;148;6;0;16;1061011;645693;1;1061;2182.1;Powiat m. £Ûdü;292.8501406;1049.525352;358.3830796;4.03;2296;784.0187459;763.4;260.6794036;11707.19358;6415.980739;24;S;4155;56.73;4584;14.53;5247;28.65;4323;10.85;;
9ko33z9t7ws8;149;6;1;16;1016011;56681;2;1016;106;Powiat tomaszowski;1023.091277;198.4567764;19.39775862;7.99;616;60.20968156;975.8;95.3776092;10952.12837;3343.078206;10;S;1006;13.97;1006;4.62;1006;13.97;1006;3.22;0;0
7fh22r6wkh7a;150;6;1;16;1006022;14838;2;1006;151;Powiat ≥Ûdzki wschodni;499.1387193;129.2560513;25.89581739;10.7;448;89.75460783;667;133.6301862;7357.584558;0;1;S;14222;195.38;14771;45.75;22486;64.68;16007;25.15;0;0
7atu6vk3oj64;151;6;0;16;1061011;645693;1;1061;2182.1;Powiat m. £Ûdü;292.8501406;1049.525352;358.3830796;4.03;2296;784.0187459;763.4;260.6794036;6433.246761;0;2;S;9316;128.52;13182;41.4;11713;39.18;11143;17.72;0;1
4s77njg9r64i;152;6;0;16;1061011;645693;1;1061;2182.1;Powiat m. £Ûdü;292.8501406;1049.525352;358.3830796;4.03;2296;784.0187459;763.4;260.6794036;15606.31315;10705.90057;11;S;719;9.8;775;2.35;719;9.8;1587;5.3;0;0
9ua7446fnv2m;153;6;0;17;1061011;645693;1;1061;2182.1;Powiat m. £Ûdü;292.8501406;1049.525352;358.3830796;4.03;2296;784.0187459;763.4;260.6794036;8310.749872;8454.752167;10;S;4660;65.55;5705;18.57;5185;27.25;5786;12.43;0;0
7je7ywm6kmh8;154;6;1;17;1008052;7656;3;1008;240.6;Powiat pabianicki;491.5247438;135.3532664;27.53742677;4.91;456;92.77254212;567.3;115.4163665;6647.570755;517.4324384;6;S;11084;154.3;11500;39.23;12113;49.68;12136;22.77;0;0
8vsc9atc2ig6;155;6;0;0;1061011;645693;1;1061;2182.1;Powiat m. £Ûdü;292.8501406;1049.525352;358.3830796;4.03;2296;784.0187459;763.4;260.6794036;9202.117374;8423.332775;3;S;735;10.27;738;2.17;735;10.27;860;2.1;;
8um48a6lg494;156;6;0;17;1061011;645693;1;1061;2182.1;Powiat m. £Ûdü;292.8501406;1049.525352;358.3830796;4.03;2296;784.0187459;763.4;260.6794036;12238.80328;6004.743052;9;S;2065;28.68;2200;7.82;2414;18.17;3554;6.7;0;0
2iou8kkj9iwm;157;6;1;16;1006075;10788;2;1006;151;Powiat ≥Ûdzki wschodni;499.1387193;129.2560513;25.89581739;10.7;448;89.75460783;667;133.6301862;2607.490201;0;0;S;16880;232.68;18439;55.42;19347;44.63;18853;28.33;0;0
7bm4y2pm7n27;158;6;1;17;1006105;8110;3;1006;151;Powiat ≥Ûdzki wschodni;499.1387193;129.2560513;25.89581739;10.7;448;89.75460783;667;133.6301862;4351.043403;707.9824837;3;S;15162;206.73;18364;57.38;;;19989;22.9;0;1
48ek47wgz9b6;159;6;0;16;1061011;645693;1;1061;2182.1;Powiat m. £Ûdü;292.8501406;1049.525352;358.3830796;4.03;2296;784.0187459;763.4;260.6794036;5028.78006;13654.93176;1;S;8100;113;9279;31.17;13841;59.85;8887;19.5;0;0
8jg9mse6chz8;160;6;;16;1061011;645693;1;1061;2182.1;Powiat m. £Ûdü;292.8501406;1049.525352;358.3830796;4.03;2296;784.0187459;763.4;260.6794036;7580.38773;12510.51797;0;S;3611;50.88;3778;13.9;4176;23.97;4971;10.9;0;0
7bf4u9ssd2u3;161;6;0;16;1061011;645693;1;1061;2182.1;Powiat m. £Ûdü;292.8501406;1049.525352;358.3830796;4.03;2296;784.0187459;763.4;260.6794036;13078.94109;11875.6848;6;S;2514;34.3;2514;7.9;4711;22.9;4769;9.43;0;0
8akx9i9grz64;162;6;1;16;1016104;1499;3;1016;106;Powiat tomaszowski;1023.091277;198.4567764;19.39775862;7.99;616;60.20968156;975.8;95.3776092;5176.529467;1169.548601;2;S;11234;153.6;11693;37.93;14848;41.9;13110;17.02;0;0
8yu7u9dsg3r9;163;6;0;16;1016092;11492;2;1016;106;Powiat tomaszowski;1023.091277;198.4567764;19.39775862;7.99;616;60.20968156;975.8;95.3776092;7265.93248;0;2;S;3413;46.3;4118;12.32;5663;19.9;3521;7.15;0;0
233k2pxo3ju3;164;6;1;9;1061011;645693;1;1061;2182.1;Powiat m. £Ûdü;292.8501406;1049.525352;358.3830796;4.03;2296;784.0187459;763.4;260.6794036;12439.86945;2324.039028;14;OR_N1;1524;20.77;2371;7.07;2093;17.83;1621;4.88;1;0
26xip874hvx8;165;6;1;18;1061011;645693;1;1061;2182.1;Powiat m. £Ûdü;292.8501406;1049.525352;358.3830796;4.03;2296;784.0187459;763.4;260.6794036;8906.049073;5924.610432;12;OR_N1;981;13.4;981;3.2;981;13.4;952;3.07;;
27zbi9vpg3z6;166;6;1;12;1008011;19276;2;1008;240.6;Powiat pabianicki;491.5247438;135.3532664;27.53742677;4.91;456;92.77254212;567.3;115.4163665;5134.879163;0;0;OR_N1;3013;41.72;3013;9.67;3013;41.72;4302;10.55;1;0
2du2axj46el8;167;6;1;16;1016011;56681;2;1016;106;Powiat tomaszowski;1023.091277;198.4567764;19.39775862;7.99;616;60.20968156;975.8;95.3776092;9642.72979;2190.58007;7;OR_N1;1095;14.95;1095;4.42;1095;14.95;1453;4.73;0;0
2dx8ntr6u3p7;168;6;1;9;1061011;645693;1;1061;2182.1;Powiat m. £Ûdü;292.8501406;1049.525352;358.3830796;4.03;2296;784.0187459;763.4;260.6794036;8275.309989;2702.630823;16;OR_N1;1529;20.98;1953;7.78;1674;17.08;1413;5.68;1;0
2ej7uw8v6437;169;6;1;18;1061011;645693;1;1061;2182.1;Powiat m. £Ûdü;292.8501406;1049.525352;358.3830796;4.03;2296;784.0187459;763.4;260.6794036;8190.114064;1661.024169;23;OR_N1;600;8.08;729;2.42;600;8.08;729;2.78;0;0
2ko2rum9mxy8;170;6;1;18;1061011;645693;1;1061;2182.1;Powiat m. £Ûdü;292.8501406;1049.525352;358.3830796;4.03;2296;784.0187459;763.4;260.6794036;12417.70073;6971.853989;10;OR_N1;8252;110.95;9004;28.72;12122;40.17;12107;25.22;0;0
2n3k6ghy89c7;171;6;0;12;1061011;645693;1;1061;2182.1;Powiat m. £Ûdü;292.8501406;1049.525352;358.3830796;4.03;2296;784.0187459;763.4;260.6794036;9056.95102;2469.217016;16;OR_N1;1548;21.2;1686;6.43;1694;17.3;2897;8.83;1;0
2o8xhr7k6nrv;172;6;1;14;1061011;645693;1;1061;2182.1;Powiat m. £Ûdü;292.8501406;1049.525352;358.3830796;4.03;2296;784.0187459;763.4;260.6794036;11773.74209;3707.15273;20;OR_N1;669;9.05;756;2.77;669;9.05;1218;6.12;;
2rc8zdf4gle9;173;6;0;16;1016112;3065;3;1016;106;Powiat tomaszowski;1023.091277;198.4567764;19.39775862;7.99;616;60.20968156;975.8;95.3776092;5412.936538;0;1;OR_N1;1501;20.27;1501;4.42;1501;20.27;2018;3.07;0;0
2xe7r3dr364v;174;6;0;11;1010022;4026;3;1010;62.4;Powiat piotrkowski;1426.409646;162.5195004;11.39360638;2.45;896;62.81505476;1306.2;91.57257202;5822.150752;0;1;OR_N1;19241;261.07;19887;59.75;68122;188.83;20392;23.2;;
2xk4nas4k249;175;6;1;17;1061011;645693;1;1061;2182.1;Powiat m. £Ûdü;292.8501406;1049.525352;358.3830796;4.03;2296;784.0187459;763.4;260.6794036;10934.81723;5786.509206;12;OR_N1;1065;14.5;1065;3.97;1161;9.42;1794;6.27;1;1
2zir9dn2hgr4;176;6;1;16;1016092;11492;2;1016;106;Powiat tomaszowski;1023.091277;198.4567764;19.39775862;7.99;616;60.20968156;975.8;95.3776092;5066.386004;144.8328213;2;OR_N1;5655;76.43;5685;17.58;9413;60.43;7543;7.35;0;0
36f82lsz2mr6;177;6;1;17;1061011;645693;1;1061;2182.1;Powiat m. £Ûdü;292.8501406;1049.525352;358.3830796;4.03;2296;784.0187459;763.4;260.6794036;10364.50176;2286.406817;6;OR_N1;2953;41.43;3964;14.07;3153;29.62;3244;7.9;0;0
3au8rjg8kra3;178;6;0;16;1020045;13380;2;1020;193.4;Powiat zgierski;853.9990645;182.2143352;21.33659658;2.18;888;103.9813785;1106.6;129.5785963;11606.15205;0;1;OR_N1;132;1.88;132;0.72;132;1.88;132;0.6;0;0
3cp9rp47jfb6;179;6;0;13;1061011;645693;1;1061;2182.1;Powiat m. £Ûdü;292.8501406;1049.525352;358.3830796;4.03;2296;784.0187459;763.4;260.6794036;10185.85035;3326.207838;14;OR_N1;4645;63.22;5132;20.12;5973;38.53;6363;14.57;1;0
3gb3vwm8hlb3;180;6;1;16;1061011;645693;1;1061;2182.1;Powiat m. £Ûdü;292.8501406;1049.525352;358.3830796;4.03;2296;784.0187459;763.4;260.6794036;9834.35267;8148.652897;6;OR_N1;4243;59.22;4505;15.33;10215;49.75;4273;13;1;1
3go4fki2ue29;181;6;1;16;1061011;645693;1;1061;2182.1;Powiat m. £Ûdü;292.8501406;1049.525352;358.3830796;4.03;2296;784.0187459;763.4;260.6794036;11344.58041;3413.189673;14;OR_N1;1182;16.48;1339;4.83;1314;10.62;1475;4.83;1;0
3ht6stl64x34;182;6;1;17;1016011;56681;2;1016;106;Powiat tomaszowski;1023.091277;198.4567764;19.39775862;7.99;616;60.20968156;975.8;95.3776092;9051.691328;5190.352661;9;OR_N1;638;8.48;638;1.72;638;8.48;1667;4.15;0;0
3on3hvn42jv3;183;6;0;18;1013011;15783;2;1013;70;Powiat rawski;645.5332469;90.80383441;14.06648455;4.73;252;39.03749361;647.5;100.3046711;9356.730973;0;0;OR_N1;1900;25.85;2208;7.62;1900;25.85;2398;5.27;1;0
3tg3ibp6zxf3;184;6;1;18;1061011;645693;1;1061;2182.1;Powiat m. £Ûdü;292.8501406;1049.525352;358.3830796;4.03;2296;784.0187459;763.4;260.6794036;8644.531516;9096.997373;2;OR_N1;608;8.28;611;1.82;608;8.28;564;2.38;0;0
3x6k8mg2fvh6;185;6;0;16;1016092;11492;2;1016;106;Powiat tomaszowski;1023.091277;198.4567764;19.39775862;7.99;616;60.20968156;975.8;95.3776092;6026.822418;0;0;OR_N1;1153;15.6;1153;3.37;1153;15.6;4224;6.2;0;0
3xbe9s3xy8o4;186;6;1;10;1061011;645693;1;1061;2182.1;Powiat m. £Ûdü;292.8501406;1049.525352;358.3830796;4.03;2296;784.0187459;763.4;260.6794036;8576.899613;3397.02132;16;OR_N1;309;4.53;327;2.63;309;4.53;2232;7.9;;
3y2lsk8l49b4;187;6;0;7;1061011;645693;1;1061;2182.1;Powiat m. £Ûdü;292.8501406;1049.525352;358.3830796;4.03;2296;784.0187459;763.4;260.6794036;10223.57553;11311.05842;6;OR_N1;1011;13.37;1036;2.77;1011;13.37;765;1.55;0;0
3z4f7gi3w7xe;188;6;0;15;1061011;645693;1;1061;2182.1;Powiat m. £Ûdü;292.8501406;1049.525352;358.3830796;4.03;2296;784.0187459;763.4;260.6794036;7027.07254;7622.31247;9;OR_N1;527;7.3;530;2.5;527;7.3;530;1.82;;
42srw7uo87m7;189;6;1;17;1009052;4876;3;1009;59.1;Powiat pajÍczaÒski;803.0385073;66.0912157;8.230142776;16.28;280;34.8675683;627.1;78.09090029;3590.790245;0;3;OR_N1;87;1.2;87;0.27;87;1.2;87;0.15;0;0
42tsi2klr8a9;190;6;0;12;1061011;645693;1;1061;2182.1;Powiat m. £Ûdü;292.8501406;1049.525352;358.3830796;4.03;2296;784.0187459;763.4;260.6794036;11739.31906;4261.189338;6;OR_N1;248;3.52;326;1.92;248;3.52;1638;3.72;0;0
476pyf7mzi93;191;6;1;16;1020011;12956;2;1020;193.4;Powiat zgierski;853.9990645;182.2143352;21.33659658;2.18;888;103.9813785;1106.6;129.5785963;3277.529619;378.8529425;0;OR_N1;34088;470.65;42428;138.87;42692;100.05;35938;47.12;0;0
47gw3dym2wp3;192;6;0;11;1061011;645693;1;1061;2182.1;Powiat m. £Ûdü;292.8501406;1049.525352;358.3830796;4.03;2296;784.0187459;763.4;260.6794036;13279.58359;4874.043571;10;OR_N1;809;10.85;809;4.92;809;10.85;2351;7.02;0;0
4af9frv8ctg9;193;6;1;18;1061011;645693;1;1061;2182.1;Powiat m. £Ûdü;292.8501406;1049.525352;358.3830796;4.03;2296;784.0187459;763.4;260.6794036;12495.11962;10407.26663;4;OR_N1;1532;20.45;1539;4.37;1687;11.82;2505;5.53;0;0
4an62jin83w9;194;6;1;16;1061011;645693;1;1061;2182.1;Powiat m. £Ûdü;292.8501406;1049.525352;358.3830796;4.03;2296;784.0187459;763.4;260.6794036;11319.27252;11284.2932;6;OR_N1;994;13.32;994;3.28;994;13.32;1604;4.05;;
4bu4ne3uhm37;195;6;1;17;1001072;8116;3;1001;110.8;Powiat be≥chatowski;966.2626658;198.2751399;20.51979724;14.05;961;99.45535868;943.4;97.63390778;5919.398048;1192.876914;0;OR_N1;982;13.53;1145;3.77;982;13.53;990;3.47;1;1
4jg2zp2rmh47;196;6;1;16;1061011;645693;1;1061;2182.1;Powiat m. £Ûdü;292.8501406;1049.525352;358.3830796;4.03;2296;784.0187459;763.4;260.6794036;7407.928761;9896.721601;9;OR_N1;10164;141.28;11341;40.63;11520;56.52;11889;25.42;;
4tc49psw89d4;198;6;1;17;1001072;8116;3;1001;110.8;Powiat be≥chatowski;966.2626658;198.2751399;20.51979724;14.05;961;99.45535868;943.4;97.63390778;3843.194407;0;2;OR_N1;22976;311.75;23680;73.37;23906;44.58;22638;24.3;0;1
4xx4s7jse6n4;199;6;1;16;1020085;9675;3;1020;193.4;Powiat zgierski;853.9990645;182.2143352;21.33659658;2.18;888;103.9813785;1106.6;129.5785963;3359.823334;0;0;OR_N1;984;13.15;984;2.83;984;13.15;984;2.58;0;0
6d36nm7pzj86;200;6;1;16;1016032;2069;3;1016;106;Powiat tomaszowski;1023.091277;198.4567764;19.39775862;7.99;616;60.20968156;975.8;95.3776092;4758.173036;0;1;OR_N1;18710;250.72;20687;61.17;;;20386;20.77;1;1
6hx2yg9sv774;201;6;1;13;1061011;645693;1;1061;2182.1;Powiat m. £Ûdü;292.8501406;1049.525352;358.3830796;4.03;2296;784.0187459;763.4;260.6794036;12274.89621;7306.47684;8;OR_N1;539;7.23;671;1.88;539;7.23;770;3.05;0;0
6k499kz2gx99;202;6;1;18;1016072;5984;3;1016;106;Powiat tomaszowski;1023.091277;198.4567764;19.39775862;7.99;616;60.20968156;975.8;95.3776092;4807.81025;1101.43564;4;OR_N1;27346;372.38;28609;86.22;33182;89.88;28134;36.62;;
6pz7mb6nrp99;203;6;1;18;1061011;645693;1;1061;2182.1;Powiat m. £Ûdü;292.8501406;1049.525352;358.3830796;4.03;2296;784.0187459;763.4;260.6794036;12272.17438;10852.56545;6;OR_N1;900;12.73;900;3.75;900;12.73;776;2.5;0;0
6rzb33d28el6;204;6;0;18;1013011;15783;2;1013;70;Powiat rawski;645.5332469;90.80383441;14.06648455;4.73;252;39.03749361;647.5;100.3046711;6405.453483;0;0;OR_N1;1188;15.93;1188;3.55;1188;15.93;1089;1.88;;
6to2po2ecb69;205;6;0;18;1061011;645693;1;1061;2182.1;Powiat m. £Ûdü;292.8501406;1049.525352;358.3830796;4.03;2296;784.0187459;763.4;260.6794036;8121.147336;10132.2345;9;OR_N1;7281;102.53;8336;29.97;9099;38.7;8847;20.1;1;0
6vd6nsa7bo43;206;6;0;11;1061011;645693;1;1061;2182.1;Powiat m. £Ûdü;292.8501406;1049.525352;358.3830796;4.03;2296;784.0187459;763.4;260.6794036;10334.07983;10701.68234;6;OR_N1;249;3.3;251;0.67;249;3.3;204;0.85;1;0
6vw884jia7vs;207;6;1;9;1061011;645693;1;1061;2182.1;Powiat m. £Ûdü;292.8501406;1049.525352;358.3830796;4.03;2296;784.0187459;763.4;260.6794036;12680.22482;3722.511044;11;OR_N1;819;11.02;1763;5.98;819;11.02;2325;6.92;1;0
722wv6i8eza8;208;6;1;12;1006082;5811;3;1006;151;Powiat ≥Ûdzki wschodni;499.1387193;129.2560513;25.89581739;10.7;448;89.75460783;667;133.6301862;5748.39385;264.4064392;4;OR_N1;5562;76.62;5562;18.45;6066;22.67;5562;8.93;;
72hi2n74vau7;209;6;0;13;1061011;645693;1;1061;2182.1;Powiat m. £Ûdü;292.8501406;1049.525352;358.3830796;4.03;2296;784.0187459;763.4;260.6794036;14949.96648;1511.054291;15;OR_N1;932;12.95;1049;4.25;1106;8.63;1116;2.25;0;0
73ayd2h7seb3;210;6;1;16;1012042;5606;3;1012;72.5;Powiat radomszczaÒski;1441.229323;125.7545581;8.725506492;2.07;833;57.79788039;1190.9;82.63084725;5958.68693;2184.950857;1;OR_N1;14032;191.25;16319;53.78;15040;61.62;14139;19.37;;
74wis3tyl8y6;211;6;1;15;1061011;645693;1;1061;2182.1;Powiat m. £Ûdü;292.8501406;1049.525352;358.3830796;4.03;2296;784.0187459;763.4;260.6794036;8339.263574;5184.172472;9;OR_N1;524;6.97;524;1.48;524;6.97;296;0.72;1;1
7c94t9elp9c3;212;6;1;12;1061011;645693;1;1061;2182.1;Powiat m. £Ûdü;292.8501406;1049.525352;358.3830796;4.03;2296;784.0187459;763.4;260.6794036;11060.95797;6826.706303;12;OR_N1;372;4.78;372;0.85;372;4.78;283;1.2;;
7de2vma2xvh3;213;6;1;17;1012142;4735;3;1012;72.5;Powiat radomszczaÒski;1441.229323;125.7545581;8.725506492;2.07;833;57.79788039;1190.9;82.63084725;5155.598929;351.9768498;1;OR_N1;2103;28.68;2103;7.17;2103;28.68;2103;3.4;1;0
7dv6llr6zbx3;214;6;1;16;1061011;645693;1;1061;2182.1;Powiat m. £Ûdü;292.8501406;1049.525352;358.3830796;4.03;2296;784.0187459;763.4;260.6794036;6825.153418;2325.589667;2;OR_N1;1170;16.08;1174;4.02;1170;16.08;1221;3.4;0;0
7hu39ehn8dx8;215;6;0;14;1063011;45121;2;1063;1295.2;Powiat m. Skierniewice;34.55875472;71.15621041;205.8992316;6.85;187;541.1074604;143;413.788058;12663.86334;4668.23965;5;OR_N1;298;4.32;1044;3.52;298;4.32;1044;2.72;1;1
7kx8gnn6gku6;216;6;0;15;1020044;22023;2;1020;193.4;Powiat zgierski;853.9990645;182.2143352;21.33659658;2.18;888;103.9813785;1106.6;129.5785963;7723.5086;0;0;OR_N1;479;6.55;479;1.42;479;6.55;479;1.5;;
7lv8b2pgg6s6;217;6;0;13;1061011;645693;1;1061;2182.1;Powiat m. £Ûdü;292.8501406;1049.525352;358.3830796;4.03;2296;784.0187459;763.4;260.6794036;8931.032738;8699.408424;4;OR_N1;526;6.97;597;1.55;526;6.97;796;3.97;;
7o2dmi4lho6a;218;6;1;17;1016092;11492;2;1016;106;Powiat tomaszowski;1023.091277;198.4567764;19.39775862;7.99;616;60.20968156;975.8;95.3776092;4970.05896;144.8328213;3;OR_N1;187;2.52;187;0.57;187;2.52;187;0.22;0;0
7o9p4n8nzh93;219;6;1;10;1008052;7656;3;1008;240.6;Powiat pabianicki;491.5247438;135.3532664;27.53742677;4.91;456;92.77254212;567.3;115.4163665;5797.552486;752.7879757;4;OR_N1;3498;46.73;3498;10.17;3498;46.73;4216;7.37;0;0
7p27gdp9zj97;220;6;1;18;1061011;645693;1;1061;2182.1;Powiat m. £Ûdü;292.8501406;1049.525352;358.3830796;4.03;2296;784.0187459;763.4;260.6794036;11532.87888;3506.918817;7;OR_N1;619;8.6;772;3.4;619;8.6;998;3.97;;
7pr6zb9uw8k7;221;6;0;18;1012011;42412;2;1012;72.5;Powiat radomszczaÒski;1441.229323;125.7545581;8.725506492;2.07;833;57.79788039;1190.9;82.63084725;10967.05271;2348.609729;7;OR_N1;668;9.62;668;2.68;668;9.62;668;1.78;;
7rm48jw6w766;222;6;1;18;1061011;645693;1;1061;2182.1;Powiat m. £Ûdü;292.8501406;1049.525352;358.3830796;4.03;2296;784.0187459;763.4;260.6794036;11604.71875;10827.98871;6;OR_N1;4989;70.17;5950;19.53;7237;37.62;6210;17.63;0;0
7wc7fma2ag77;223;6;1;17;1016062;7146;3;1016;106;Powiat tomaszowski;1023.091277;198.4567764;19.39775862;7.99;616;60.20968156;975.8;95.3776092;4068.116669;73.5026774;1;OR_N1;930;12.5;930;3.1;930;12.5;930;1.42;1;0
83bi7nhl3wm6;224;6;1;17;1061011;645693;1;1061;2182.1;Powiat m. £Ûdü;292.8501406;1049.525352;358.3830796;4.03;2296;784.0187459;763.4;260.6794036;10092.50843;2951.650447;2;OR_N1;989;13.58;1074;3.73;989;13.58;1650;5.12;;
8eg9hd9mfm7r;225;6;1;15;1016072;5984;3;1016;106;Powiat tomaszowski;1023.091277;198.4567764;19.39775862;7.99;616;60.20968156;975.8;95.3776092;3425.027828;71.45405789;0;OR_N1;382;5.35;382;1.13;382;5.35;382;0.55;0;0
8fj2yja69ug7;226;6;1;18;1061011;645693;1;1061;2182.1;Powiat m. £Ûdü;292.8501406;1049.525352;358.3830796;4.03;2296;784.0187459;763.4;260.6794036;9670.024441;6119.346317;19;OR_N1;623;8.28;626;1.65;623;8.28;876;3.72;;
8he7ybk732j4;227;6;0;18;1013011;15783;2;1013;70;Powiat rawski;645.5332469;90.80383441;14.06648455;4.73;252;39.03749361;647.5;100.3046711;6341.743212;0;0;OR_N1;1128;15.1;1128;3.35;1128;15.1;1224;2.25;1;1
8j23srv6j7e6;228;6;0;18;1012011;42412;2;1012;72.5;Powiat radomszczaÒski;1441.229323;125.7545581;8.725506492;2.07;833;57.79788039;1190.9;82.63084725;11017.09857;2348.609729;7;OR_N1;664;9.57;664;2.67;664;9.57;664;1.78;1;0
8ru6zac4h6bz;229;6;1;14;1008011;19276;2;1008;240.6;Powiat pabianicki;491.5247438;135.3532664;27.53742677;4.91;456;92.77254212;567.3;115.4163665;5595.456756;0;0;OR_N1;692;9.37;692;2.03;692;9.37;692;2.45;1;0
8rx4hrv2hl66;230;6;0;15;1063011;45121;2;1063;1295.2;Powiat m. Skierniewice;34.55875472;71.15621041;205.8992316;6.85;187;541.1074604;143;413.788058;10406.2918;3718.434591;7;OR_N1;694;9.55;1019;4.25;694;9.55;1063;3.57;;
8ut24lsg7sat;231;6;0;7;1061011;645693;1;1061;2182.1;Powiat m. £Ûdü;292.8501406;1049.525352;358.3830796;4.03;2296;784.0187459;763.4;260.6794036;8163.53138;9021.815222;2;OR_N1;485;6.4;509;1.35;485;6.4;1648;4.85;;
93buz4udu9m7;232;6;1;16;1020031;52938;2;1020;193.4;Powiat zgierski;853.9990645;182.2143352;21.33659658;2.18;888;103.9813785;1106.6;129.5785963;9119.727001;1304.081742;6;OR_N1;10869;149.9;11227;39.63;13256;42.42;11467;25.67;1;0
94ggd4iiy8f7;233;6;0;15;1012011;42412;2;1012;72.5;Powiat radomszczaÒski;1441.229323;125.7545581;8.725506492;2.07;833;57.79788039;1190.9;82.63084725;6643.388115;0;4;OR_N1;232;3.22;232;1.02;232;3.22;232;0.63;1;0
94jeu24oxi69;234;6;1;17;1012132;4243;3;1012;72.5;Powiat radomszczaÒski;1441.229323;125.7545581;8.725506492;2.07;833;57.79788039;1190.9;82.63084725;5352.295104;0;0;OR_N1;16510;220.57;16510;48.95;;;16510;18.52;0;0
96h7o9if2jh8;235;6;1;18;1061011;645693;1;1061;2182.1;Powiat m. £Ûdü;292.8501406;1049.525352;358.3830796;4.03;2296;784.0187459;763.4;260.6794036;13316.58839;9242.969011;13;OR_N1;1079;14.38;1143;4.93;1840;12.87;2864;8.07;0;0
9mm26obd4ci7;236;6;1;18;1061011;645693;1;1061;2182.1;Powiat m. £Ûdü;292.8501406;1049.525352;358.3830796;4.03;2296;784.0187459;763.4;260.6794036;8123.983199;16783.94954;6;OR_N1;456;6.13;501;1.82;456;6.13;539;2.32;0;0
9yl3yai8bbi4;237;6;0;16;1012011;42412;2;1012;72.5;Powiat radomszczaÒski;1441.229323;125.7545581;8.725506492;2.07;833;57.79788039;1190.9;82.63084725;3942.602815;0;3;OR_N1;611;8.27;627;2.15;611;8.27;611;1.33;0;0
9zf39gaa3ay3;238;6;1;18;1017094;20141;2;1017;77.1;Powiat wieluÒski;924.9576466;121.9433161;13.18366485;5.58;548;59.24595597;873.6;94.44756776;9806.575436;6036.921912;5;OR_N1;3678;50.53;4006;12.75;3678;50.53;4075;8.28;;
4myc3jiy9zca;239;6;0;11;1061011;645693;1;1061;2182.1;Powiat m. £Ûdü;292.8501406;1049.525352;358.3830796;4.03;2296;784.0187459;763.4;260.6794036;12229.60146;10164.31605;10;OR_N1;402;5.32;413;3.32;402;5.32;1657;5.57;;
4sw4bul2pmj9;240;6;0;16;1016062;7146;3;1016;106;Powiat tomaszowski;1023.091277;198.4567764;19.39775862;7.99;616;60.20968156;975.8;95.3776092;4404.877821;0;1;OR_N1;7549;100.9;7637;22.63;22655;81.52;8064;11.5;0;1
3839epo2inw7;241;6;1;16;1016011;56681;2;1016;106;Powiat tomaszowski;1023.091277;198.4567764;19.39775862;7.99;616;60.20968156;975.8;95.3776092;10761.08346;7275.610273;6;OR_N1;1535;20.42;1565;5.02;3052;15.27;2613;6.55;1;1
9pb7nn2x6od4;242;6;1;16;1016042;4790;3;1016;106;Powiat tomaszowski;1023.091277;198.4567764;19.39775862;7.99;616;60.20968156;975.8;95.3776092;15216.95673;523.7336828;3;OR_N1;18435;247.75;22108;66.43;;;20606;15.98;;
72gyl9oi8zxu;243;6;1;17;1010022;4026;3;1010;62.4;Powiat piotrkowski;1426.409646;162.5195004;11.39360638;2.45;896;62.81505476;1306.2;91.57257202;6265.331198;1317.35868;1;OR_N1;690;9.02;851;2.07;690;9.02;665;0.65;1;0
4r7j47izd969;244;6;1;17;1061011;645693;1;1061;2182.1;Powiat m. £Ûdü;292.8501406;1049.525352;358.3830796;4.03;2296;784.0187459;763.4;260.6794036;6807.680437;2762.822206;4;OR_N1;1635;22.52;1635;5.17;1852;10.42;1648;3.9;1;0
7j3hiw696yp3;245;6;1;16;1061011;645693;1;1061;2182.1;Powiat m. £Ûdü;292.8501406;1049.525352;358.3830796;4.03;2296;784.0187459;763.4;260.6794036;9947.246742;1459.989709;9;OR_N1;3793;52.17;4230;14.25;4876;27.97;4170;8;1;0
7jo77gnl2d88;246;6;1;17;1016011;56681;2;1016;106;Powiat tomaszowski;1023.091277;198.4567764;19.39775862;7.99;616;60.20968156;975.8;95.3776092;9199.945896;639.6576569;5;OR_N1;61;0.78;61;0.15;61;0.78;61;0.12;;
8lx4tsy6dpc6;247;6;0;16;1016092;11492;2;1016;106;Powiat tomaszowski;1023.091277;198.4567764;19.39775862;7.99;616;60.20968156;975.8;95.3776092;7614.934333;0;2;OR_N1;3737;50.77;3911;13.38;5425;24.95;3820;9.62;;
2xu3u9cmz6o6;248;6;0;16;1016011;56681;2;1016;106;Powiat tomaszowski;1023.091277;198.4567764;19.39775862;7.99;616;60.20968156;975.8;95.3776092;9259.709222;4805.456299;8;OR_N1;2245;31.12;2615;7.75;2966;17.07;3022;7.22;;
34jc9fgd9ex6;249;6;0;17;1016062;7146;3;1016;106;Powiat tomaszowski;1023.091277;198.4567764;19.39775862;7.99;616;60.20968156;975.8;95.3776092;5718.773912;1036.791101;2;OR_N1;564;7.75;564;2.07;564;7.75;564;1.73;;
9czr7rfk9cz3;250;6;0;16;1016011;56681;2;1016;106;Powiat tomaszowski;1023.091277;198.4567764;19.39775862;7.99;616;60.20968156;975.8;95.3776092;11104.62735;8177.646311;7;OR_N1;1461;19.83;1614;5.15;2985;14.37;1574;4.35;0;0
49os8xsx7oi4;251;6;0;16;1016011;56681;2;1016;106;Powiat tomaszowski;1023.091277;198.4567764;19.39775862;7.99;616;60.20968156;975.8;95.3776092;10570.65097;10739.6991;6;OR_N1;2211;29.63;2411;7.43;2357;24.43;2296;5.78;1;1
498tfd8lj6t3;252;6;0;16;1016011;56681;2;1016;106;Powiat tomaszowski;1023.091277;198.4567764;19.39775862;7.99;616;60.20968156;975.8;95.3776092;6696.687995;7700.19261;8;OR_N1;1966;26.28;2253;6.3;1966;26.28;2253;4.47;;
77l6ahj37zi9;253;6;0;16;1061011;645693;1;1061;2182.1;Powiat m. £Ûdü;292.8501406;1049.525352;358.3830796;4.03;2296;784.0187459;763.4;260.6794036;11707.19358;6415.980739;24;OR_N1;2462;33.07;2462;7.98;2987;16.33;2462;5.72;0;0
7fh22r6wkh7a;254;6;1;16;1006022;14838;2;1006;151;Powiat ≥Ûdzki wschodni;499.1387193;129.2560513;25.89581739;10.7;448;89.75460783;667;133.6301862;7357.584558;0;1;OR_N1;14107;194.48;14878;46.87;22742;68.67;16017;25.28;;
7atu6vk3oj64;255;6;0;16;1061011;645693;1;1061;2182.1;Powiat m. £Ûdü;292.8501406;1049.525352;358.3830796;4.03;2296;784.0187459;763.4;260.6794036;6433.246761;0;2;OR_N1;9325;129.27;13264;42.75;12775;42.97;10201;15.33;;
828ura4v8gk3;256;6;0;16;1006022;14838;2;1006;151;Powiat ≥Ûdzki wschodni;499.1387193;129.2560513;25.89581739;10.7;448;89.75460783;667;133.6301862;9062.169803;3838.803007;4;OR_N1;860;11.6;893;2.45;860;11.6;901;2.5;;
48ek47wgz9b6;257;6;0;16;1061011;645693;1;1061;2182.1;Powiat m. £Ûdü;292.8501406;1049.525352;358.3830796;4.03;2296;784.0187459;763.4;260.6794036;5028.78006;13654.93176;1;OR_N1;7387;99.82;8200;28.78;8470;56.27;8333;18.32;;
8jg9mse6chz8;258;6;;16;1061011;645693;1;1061;2182.1;Powiat m. £Ûdü;292.8501406;1049.525352;358.3830796;4.03;2296;784.0187459;763.4;260.6794036;7580.38773;12510.51797;0;OR_N1;68;0.87;68;0.15;68;0.87;517;2.02;;
8akx9i9grz64;259;6;1;16;1016104;1499;3;1016;106;Powiat tomaszowski;1023.091277;198.4567764;19.39775862;7.99;616;60.20968156;975.8;95.3776092;5176.529467;1169.548601;2;OR_N1;1880;26.62;1880;7.03;2622;15.73;1880;2.87;0;0
8yu7u9dsg3r9;260;6;0;16;1016092;11492;2;1016;106;Powiat tomaszowski;1023.091277;198.4567764;19.39775862;7.99;616;60.20968156;975.8;95.3776092;7265.93248;0;2;OR_N1;3499;47.58;3673;12.2;5142;20.95;3582;8.23;;
233k2pxo3ju3;261;6;1;9;1061011;645693;1;1061;2182.1;Powiat m. £Ûdü;292.8501406;1049.525352;358.3830796;4.03;2296;784.0187459;763.4;260.6794036;12439.86945;2324.039028;14;OR_N2;1172;16.72;1462;6.53;2011;16.67;1499;6.3;1;0
26xip874hvx8;262;6;1;18;1061011;645693;1;1061;2182.1;Powiat m. £Ûdü;292.8501406;1049.525352;358.3830796;4.03;2296;784.0187459;763.4;260.6794036;8906.049073;5924.610432;12;OR_N2;1233;17.15;1265;5.13;1436;13.18;1283;4.22;;
27zbi9vpg3z6;263;6;1;12;1008011;19276;2;1008;240.6;Powiat pabianicki;491.5247438;135.3532664;27.53742677;4.91;456;92.77254212;567.3;115.4163665;5134.879163;0;0;OR_N2;177;2.38;177;0.47;177;2.38;177;0.67;1;0
2du2axj46el8;264;6;1;16;1016011;56681;2;1016;106;Powiat tomaszowski;1023.091277;198.4567764;19.39775862;7.99;616;60.20968156;975.8;95.3776092;9642.72979;2190.58007;7;OR_N2;1383;18.87;1750;5.73;1383;18.87;937;3.52;1;0
2dx8ntr6u3p7;265;6;1;9;1061011;645693;1;1061;2182.1;Powiat m. £Ûdü;292.8501406;1049.525352;358.3830796;4.03;2296;784.0187459;763.4;260.6794036;8275.309989;2702.630823;16;OR_N2;1951;26.67;2125;8.27;2096;22.75;3141;9.63;1;0
2ej7uw8v6437;266;6;1;18;1061011;645693;1;1061;2182.1;Powiat m. £Ûdü;292.8501406;1049.525352;358.3830796;4.03;2296;784.0187459;763.4;260.6794036;8190.114064;1661.024169;23;OR_N2;344;5.18;344;3.02;344;5.18;591;2.83;0;0
2n3k6ghy89c7;267;6;0;12;1061011;645693;1;1061;2182.1;Powiat m. £Ûdü;292.8501406;1049.525352;358.3830796;4.03;2296;784.0187459;763.4;260.6794036;9056.95102;2469.217016;16;OR_N2;6904;95.05;7624;23.82;7391;34.12;7297;15.82;1;0
2o8xhr7k6nrv;268;6;1;14;1061011;645693;1;1061;2182.1;Powiat m. £Ûdü;292.8501406;1049.525352;358.3830796;4.03;2296;784.0187459;763.4;260.6794036;11773.74209;3707.15273;20;OR_N2;1727;24.05;2154;8.5;2650;21.18;1959;6.92;;
2rc8zdf4gle9;269;6;0;16;1016112;3065;3;1016;106;Powiat tomaszowski;1023.091277;198.4567764;19.39775862;7.99;616;60.20968156;975.8;95.3776092;5412.936538;0;1;OR_N2;1013;14;1013;4.2;1013;14;1439;1.77;1;0
2xe7r3dr364v;270;6;0;11;1010022;4026;3;1010;62.4;Powiat piotrkowski;1426.409646;162.5195004;11.39360638;2.45;896;62.81505476;1306.2;91.57257202;5822.150752;0;1;OR_N2;2125;28.35;2188;6.57;2125;28.35;2125;2.48;1;1
2xk4nas4k249;271;6;1;17;1061011;645693;1;1061;2182.1;Powiat m. £Ûdü;292.8501406;1049.525352;358.3830796;4.03;2296;784.0187459;763.4;260.6794036;10934.81723;5786.509206;12;OR_N2;2055;28.07;2055;7.38;3316;22.73;2228;6.5;1;0
2zir9dn2hgr4;272;6;1;16;1016092;11492;2;1016;106;Powiat tomaszowski;1023.091277;198.4567764;19.39775862;7.99;616;60.20968156;975.8;95.3776092;5066.386004;144.8328213;2;OR_N2;260;3.48;260;0.77;260;3.48;260;0.3;0;0
36f82lsz2mr6;273;6;1;17;1061011;645693;1;1061;2182.1;Powiat m. £Ûdü;292.8501406;1049.525352;358.3830796;4.03;2296;784.0187459;763.4;260.6794036;10364.50176;2286.406817;6;OR_N2;8111;110.58;8783;27.62;13404;64.9;11309;18.83;0;0
3au8rjg8kra3;274;6;0;16;1020045;13380;2;1020;193.4;Powiat zgierski;853.9990645;182.2143352;21.33659658;2.18;888;103.9813785;1106.6;129.5785963;11606.15205;0;1;OR_N2;646;9.18;661;2.58;646;9.18;661;1.78;1;0
3cp9rp47jfb6;275;6;0;13;1061011;645693;1;1061;2182.1;Powiat m. £Ûdü;292.8501406;1049.525352;358.3830796;4.03;2296;784.0187459;763.4;260.6794036;10185.85035;3326.207838;14;OR_N2;3649;50.17;3940;17.22;4585;29.97;3902;11.43;1;1
3gb3vwm8hlb3;276;6;1;16;1061011;645693;1;1061;2182.1;Powiat m. £Ûdü;292.8501406;1049.525352;358.3830796;4.03;2296;784.0187459;763.4;260.6794036;9834.35267;8148.652897;6;OR_N2;3470;48.45;3667;13.17;4207;25.68;4573;10.98;1;1
3go4fki2ue29;277;6;1;16;1061011;645693;1;1061;2182.1;Powiat m. £Ûdü;292.8501406;1049.525352;358.3830796;4.03;2296;784.0187459;763.4;260.6794036;11344.58041;3413.189673;14;OR_N2;1151;15.88;1269;4.83;1413;12.12;2554;9.27;1;0
3ht6stl64x34;278;6;1;17;1016011;56681;2;1016;106;Powiat tomaszowski;1023.091277;198.4567764;19.39775862;7.99;616;60.20968156;975.8;95.3776092;9051.691328;5190.352661;9;OR_N2;577;7.65;577;1.53;577;7.65;881;2.37;1;0
3on3hvn42jv3;279;6;0;18;1013011;15783;2;1013;70;Powiat rawski;645.5332469;90.80383441;14.06648455;4.73;252;39.03749361;647.5;100.3046711;9356.730973;0;0;OR_N2;3768;51.55;3753;12.1;3768;51.55;3761;6.53;1;0
3tg3ibp6zxf3;280;6;1;18;1061011;645693;1;1061;2182.1;Powiat m. £Ûdü;292.8501406;1049.525352;358.3830796;4.03;2296;784.0187459;763.4;260.6794036;8644.531516;9096.997373;2;OR_N2;2667;36.85;3623;11.53;3385;18.57;3079;8.05;0;0
3x6k8mg2fvh6;281;6;0;16;1016092;11492;2;1016;106;Powiat tomaszowski;1023.091277;198.4567764;19.39775862;7.99;616;60.20968156;975.8;95.3776092;6026.822418;0;0;OR_N2;3577;47.68;3776;10.78;4524;28.57;4107;6.98;0;1
3xbe9s3xy8o4;282;6;1;10;1061011;645693;1;1061;2182.1;Powiat m. £Ûdü;292.8501406;1049.525352;358.3830796;4.03;2296;784.0187459;763.4;260.6794036;8576.899613;3397.02132;16;OR_N2;800;10.97;820;2.82;800;10.97;2723;9.55;;
3y2lsk8l49b4;283;6;0;7;1061011;645693;1;1061;2182.1;Powiat m. £Ûdü;292.8501406;1049.525352;358.3830796;4.03;2296;784.0187459;763.4;260.6794036;10223.57553;11311.05842;6;OR_N2;1047;14.35;1068;3.55;1047;14.35;5511;12.2;0;0
42srw7uo87m7;284;6;1;17;1009052;4876;3;1009;59.1;Powiat pajÍczaÒski;803.0385073;66.0912157;8.230142776;16.28;280;34.8675683;627.1;78.09090029;3590.790245;0;3;OR_N2;4017;55;4035;12.48;4017;55;4035;4.55;0;0
4a9gl6njo9uk;285;6;0;18;1020011;12956;2;1020;193.4;Powiat zgierski;853.9990645;182.2143352;21.33659658;2.18;888;103.9813785;1106.6;129.5785963;4850.81326;62.99420572;0;OR_N2;1652;21.97;1739;5.87;1652;21.97;1694;3.77;;
4af9frv8ctg9;286;6;1;18;1061011;645693;1;1061;2182.1;Powiat m. £Ûdü;292.8501406;1049.525352;358.3830796;4.03;2296;784.0187459;763.4;260.6794036;12495.11962;10407.26663;4;OR_N2;2431;32.38;2541;7.13;2685;24.48;3213;7.22;1;1
4bu4ne3uhm37;287;6;1;17;1001072;8116;3;1001;110.8;Powiat be≥chatowski;966.2626658;198.2751399;20.51979724;14.05;961;99.45535868;943.4;97.63390778;5919.398048;1192.876914;0;OR_N2;9973;134.1;11438;35.05;97038;731.88;10119;11.07;1;0
4jg2zp2rmh47;288;6;1;16;1061011;645693;1;1061;2182.1;Powiat m. £Ûdü;292.8501406;1049.525352;358.3830796;4.03;2296;784.0187459;763.4;260.6794036;7407.928761;9896.721601;9;OR_N2;9931;138.28;11333;40.72;11590;57.63;12643;27.07;0;0
4xx4s7jse6n4;290;6;1;16;1020085;9675;3;1020;193.4;Powiat zgierski;853.9990645;182.2143352;21.33659658;2.18;888;103.9813785;1106.6;129.5785963;3359.823334;0;0;OR_N2;45;0.58;45;0.08;45;0.58;45;0.23;;
4zm8obt2xcd4;291;6;1;17;1016011;56681;2;1016;106;Powiat tomaszowski;1023.091277;198.4567764;19.39775862;7.99;616;60.20968156;975.8;95.3776092;6864.022174;46.23310951;4;OR_N2;3584;48.27;3606;11.75;5219;16.25;3876;6.48;;
62pbm94hiy37;292;6;1;16;1016062;7146;3;1016;106;Powiat tomaszowski;1023.091277;198.4567764;19.39775862;7.99;616;60.20968156;975.8;95.3776092;6859.291174;0;4;OR_N2;5119;68.63;5499;17.78;10476;52.87;5587;10.63;0;0
68uzd7gvw2o4;293;6;1;14;1061011;645693;1;1061;2182.1;Powiat m. £Ûdü;292.8501406;1049.525352;358.3830796;4.03;2296;784.0187459;763.4;260.6794036;11849.6004;3619.541545;19;OR_N2;828;10.95;935;3.75;828;10.95;1624;6.03;0;0
6d36nm7pzj86;294;6;1;16;1016032;2069;3;1016;106;Powiat tomaszowski;1023.091277;198.4567764;19.39775862;7.99;616;60.20968156;975.8;95.3776092;4758.173036;0;1;OR_N2;18430;246.93;18430;55;;;20755;21.88;1;1
6gl2wtt6zef9;295;6;1;16;1016011;56681;2;1016;106;Powiat tomaszowski;1023.091277;198.4567764;19.39775862;7.99;616;60.20968156;975.8;95.3776092;11960.16849;11001.19645;8;OR_N2;10573;142.53;10639;31.98;16298;70.05;10520;13.77;1;1
6k499kz2gx99;296;6;1;18;1016072;5984;3;1016;106;Powiat tomaszowski;1023.091277;198.4567764;19.39775862;7.99;616;60.20968156;975.8;95.3776092;4807.81025;1101.43564;4;OR_N2;2083;28.07;2083;6.38;2083;28.07;2083;3.02;1;1
6pz7mb6nrp99;297;6;1;18;1061011;645693;1;1061;2182.1;Powiat m. £Ûdü;292.8501406;1049.525352;358.3830796;4.03;2296;784.0187459;763.4;260.6794036;12272.17438;10852.56545;6;OR_N2;1922;25.45;1975;5.65;2374;20.48;2949;6.08;1;0
6to2po2ecb69;298;6;0;18;1061011;645693;1;1061;2182.1;Powiat m. £Ûdü;292.8501406;1049.525352;358.3830796;4.03;2296;784.0187459;763.4;260.6794036;8121.147336;10132.2345;9;OR_N2;1992;27.18;1992;6.68;1992;27.18;4916;8.62;1;0
6vd6nsa7bo43;299;6;0;11;1061011;645693;1;1061;2182.1;Powiat m. £Ûdü;292.8501406;1049.525352;358.3830796;4.03;2296;784.0187459;763.4;260.6794036;10334.07983;10701.68234;6;OR_N2;1607;21.3;1810;5.6;2193;17.72;1834;5.67;1;0
6vw884jia7vs;300;6;1;9;1061011;645693;1;1061;2182.1;Powiat m. £Ûdü;292.8501406;1049.525352;358.3830796;4.03;2296;784.0187459;763.4;260.6794036;12680.22482;3722.511044;11;OR_N2;1122;14.9;1425;5.78;1122;14.9;1425;4.92;1;0
722wv6i8eza8;301;6;1;12;1006082;5811;3;1006;151;Powiat ≥Ûdzki wschodni;499.1387193;129.2560513;25.89581739;10.7;448;89.75460783;667;133.6301862;5748.39385;264.4064392;4;OR_N2;13;0.15;13;0.03;13;0.15;13;0.02;0;0
72hi2n74vau7;302;6;0;13;1061011;645693;1;1061;2182.1;Powiat m. £Ûdü;292.8501406;1049.525352;358.3830796;4.03;2296;784.0187459;763.4;260.6794036;14949.96648;1511.054291;15;OR_N2;650;9.12;762;2.6;650;9.12;758;1.77;;
73ayd2h7seb3;303;6;1;16;1012042;5606;3;1012;72.5;Powiat radomszczaÒski;1441.229323;125.7545581;8.725506492;2.07;833;57.79788039;1190.9;82.63084725;5958.68693;2184.950857;1;OR_N2;12847;174.03;15435;49.68;13567;40.07;13142;17.12;1;1
74wis3tyl8y6;304;6;1;15;1061011;645693;1;1061;2182.1;Powiat m. £Ûdü;292.8501406;1049.525352;358.3830796;4.03;2296;784.0187459;763.4;260.6794036;8339.263574;5184.172472;9;OR_N2;1110;15.38;1148;4.23;1651;10.6;2483;5.78;1;0
7c94t9elp9c3;305;6;1;12;1061011;645693;1;1061;2182.1;Powiat m. £Ûdü;292.8501406;1049.525352;358.3830796;4.03;2296;784.0187459;763.4;260.6794036;11060.95797;6826.706303;12;OR_N2;1588;21.22;1591;4.88;2019;19.37;1732;5.5;;
7de2vma2xvh3;306;6;1;17;1012142;4735;3;1012;72.5;Powiat radomszczaÒski;1441.229323;125.7545581;8.725506492;2.07;833;57.79788039;1190.9;82.63084725;5155.598929;351.9768498;1;OR_N2;1416;19.38;1416;4.5;1416;19.38;1416;1.75;1;0
7dv6llr6zbx3;307;6;1;16;1061011;645693;1;1061;2182.1;Powiat m. £Ûdü;292.8501406;1049.525352;358.3830796;4.03;2296;784.0187459;763.4;260.6794036;6825.153418;2325.589667;2;OR_N2;1383;19.48;1415;5.1;1383;19.48;1313;4.18;1;0
7hu39ehn8dx8;308;6;0;14;1063011;45121;2;1063;1295.2;Powiat m. Skierniewice;34.55875472;71.15621041;205.8992316;6.85;187;541.1074604;143;413.788058;12663.86334;4668.23965;5;OR_N2;144;2.07;890;3.03;144;2.07;890;2.22;1;1
7kx8gnn6gku6;309;6;0;15;1020044;22023;2;1020;193.4;Powiat zgierski;853.9990645;182.2143352;21.33659658;2.18;888;103.9813785;1106.6;129.5785963;7723.5086;0;0;OR_N2;11705;163.07;12361;42.07;12692;66.98;15469;31.28;1;0
7lv8b2pgg6s6;310;6;0;13;1061011;645693;1;1061;2182.1;Powiat m. £Ûdü;292.8501406;1049.525352;358.3830796;4.03;2296;784.0187459;763.4;260.6794036;8931.032738;8699.408424;4;OR_N2;355;4.72;482;1.28;355;4.72;576;3.03;;
7o2dmi4lho6a;311;6;1;17;1016092;11492;2;1016;106;Powiat tomaszowski;1023.091277;198.4567764;19.39775862;7.99;616;60.20968156;975.8;95.3776092;4970.05896;144.8328213;3;OR_N2;6736;92.23;7210;22.03;11690;369;6544;9.43;;
7o9p4n8nzh93;312;6;1;10;1008052;7656;3;1008;240.6;Powiat pabianicki;491.5247438;135.3532664;27.53742677;4.91;456;92.77254212;567.3;115.4163665;5797.552486;752.7879757;4;OR_N2;1392;19.32;1616;5.88;1392;19.32;1616;3.17;1;0
7p27gdp9zj97;313;6;1;18;1061011;645693;1;1061;2182.1;Powiat m. £Ûdü;292.8501406;1049.525352;358.3830796;4.03;2296;784.0187459;763.4;260.6794036;11532.87888;3506.918817;7;OR_N2;5113;72.05;5300;19.9;5674;30.85;6641;14.13;0;0
7rm48jw6w766;314;6;1;18;1061011;645693;1;1061;2182.1;Powiat m. £Ûdü;292.8501406;1049.525352;358.3830796;4.03;2296;784.0187459;763.4;260.6794036;11604.71875;10827.98871;6;OR_N2;74;1.25;74;1.02;74;1.25;211;2.32;1;0
7wc7fma2ag77;315;6;1;17;1016062;7146;3;1016;106;Powiat tomaszowski;1023.091277;198.4567764;19.39775862;7.99;616;60.20968156;975.8;95.3776092;4068.116669;73.5026774;1;OR_N2;2247;30.22;2248;7.07;2247;30.22;2248;2.68;1;0
879oxx6war8a;316;6;0;18;1061011;645693;1;1061;2182.1;Powiat m. £Ûdü;292.8501406;1049.525352;358.3830796;4.03;2296;784.0187459;763.4;260.6794036;6844.032282;14190.66673;0;OR_N2;487;6.28;793;2.68;487;6.28;1824;4.85;;
8eg9hd9mfm7r;317;6;1;15;1016072;5984;3;1016;106;Powiat tomaszowski;1023.091277;198.4567764;19.39775862;7.99;616;60.20968156;975.8;95.3776092;3425.027828;71.45405789;0;OR_N2;421;5.47;421;0.93;421;5.47;421;0.55;0;0
8he7ybk732j4;318;6;0;18;1013011;15783;2;1013;70;Powiat rawski;645.5332469;90.80383441;14.06648455;4.73;252;39.03749361;647.5;100.3046711;6341.743212;0;0;OR_N2;2703;36.3;2703;8.08;2703;36.3;3018;5.88;1;0
8j23srv6j7e6;319;6;0;18;1012011;42412;2;1012;72.5;Powiat radomszczaÒski;1441.229323;125.7545581;8.725506492;2.07;833;57.79788039;1190.9;82.63084725;11017.09857;2348.609729;7;OR_N2;1963;27.82;1992;7.93;1963;27.82;2706;6.05;1;0
8ru6zac4h6bz;320;6;1;14;1008011;19276;2;1008;240.6;Powiat pabianicki;491.5247438;135.3532664;27.53742677;4.91;456;92.77254212;567.3;115.4163665;5595.456756;0;0;OR_N2;3450;47.65;3450;11.17;5401;39.93;5584;10.85;1;0
8ut24lsg7sat;321;6;0;7;1061011;645693;1;1061;2182.1;Powiat m. £Ûdü;292.8501406;1049.525352;358.3830796;4.03;2296;784.0187459;763.4;260.6794036;8163.53138;9021.815222;2;OR_N2;11;0.15;11;0.03;11;0.15;11;0.05;;
93buz4udu9m7;322;6;1;16;1020031;52938;2;1020;193.4;Powiat zgierski;853.9990645;182.2143352;21.33659658;2.18;888;103.9813785;1106.6;129.5785963;9119.727001;1304.081742;6;OR_N2;11382;157.67;11808;42.52;13774;42.78;12026;28.08;1;0
94ggd4iiy8f7;323;6;0;15;1012011;42412;2;1012;72.5;Powiat radomszczaÒski;1441.229323;125.7545581;8.725506492;2.07;833;57.79788039;1190.9;82.63084725;6643.388115;0;4;OR_N2;855;11.43;855;2.67;855;11.43;1110;1.9;1;0
94jeu24oxi69;324;6;1;17;1012132;4243;3;1012;72.5;Powiat radomszczaÒski;1441.229323;125.7545581;8.725506492;2.07;833;57.79788039;1190.9;82.63084725;5352.295104;0;0;OR_N2;5178;68.98;5279;15.67;;;5178;5.73;0;0
96h7o9if2jh8;325;6;1;18;1061011;645693;1;1061;2182.1;Powiat m. £Ûdü;292.8501406;1049.525352;358.3830796;4.03;2296;784.0187459;763.4;260.6794036;13316.58839;9242.969011;13;OR_N2;3177;44.08;3592;13.37;3286;16.03;4954;10.97;0;0
9mm26obd4ci7;326;6;1;18;1061011;645693;1;1061;2182.1;Powiat m. £Ûdü;292.8501406;1049.525352;358.3830796;4.03;2296;784.0187459;763.4;260.6794036;8123.983199;16783.94954;6;OR_N2;6382;86.83;7052;25.83;7415;45.38;8278;18.27;0;0
4myc3jiy9zca;327;6;0;11;1061011;645693;1;1061;2182.1;Powiat m. £Ûdü;292.8501406;1049.525352;358.3830796;4.03;2296;784.0187459;763.4;260.6794036;12229.60146;10164.31605;10;OR_N2;366;4.75;366;2.62;366;4.75;1816;5.1;1;0
4sw4bul2pmj9;328;6;0;16;1016062;7146;3;1016;106;Powiat tomaszowski;1023.091277;198.4567764;19.39775862;7.99;616;60.20968156;975.8;95.3776092;4404.877821;0;1;OR_N2;8138;109.35;8714;27.03;22628;81.63;8756;12.83;;
3839epo2inw7;329;6;1;16;1016011;56681;2;1016;106;Powiat tomaszowski;1023.091277;198.4567764;19.39775862;7.99;616;60.20968156;975.8;95.3776092;10761.08346;7275.610273;6;OR_N2;4121;56.68;4885;15.5;8011;29.87;6356;9.72;1;0
9pb7nn2x6od4;330;6;1;16;1016042;4790;3;1016;106;Powiat tomaszowski;1023.091277;198.4567764;19.39775862;7.99;616;60.20968156;975.8;95.3776092;15216.95673;523.7336828;3;OR_N2;18267;245.75;21666;65.32;;;20960;16.77;;
72gyl9oi8zxu;331;6;1;17;1010022;4026;3;1010;62.4;Powiat piotrkowski;1426.409646;162.5195004;11.39360638;2.45;896;62.81505476;1306.2;91.57257202;6265.331198;1317.35868;1;OR_N2;4577;61.57;4577;13.2;4620;10.95;4577;5.2;1;1
4r7j47izd969;332;6;1;17;1061011;645693;1;1061;2182.1;Powiat m. £Ûdü;292.8501406;1049.525352;358.3830796;4.03;2296;784.0187459;763.4;260.6794036;6807.680437;2762.822206;4;OR_N2;1084;14.55;1084;2.85;1640;14.53;944;2.53;;
7j3hiw696yp3;333;6;1;16;1061011;645693;1;1061;2182.1;Powiat m. £Ûdü;292.8501406;1049.525352;358.3830796;4.03;2296;784.0187459;763.4;260.6794036;9947.246742;1459.989709;9;OR_N2;2443;33.05;2443;6.9;3867;29.02;2443;4.43;0;0
2xu3u9cmz6o6;334;6;0;16;1016011;56681;2;1016;106;Powiat tomaszowski;1023.091277;198.4567764;19.39775862;7.99;616;60.20968156;975.8;95.3776092;9259.709222;4805.456299;8;OR_N2;1477;19.85;1539;4.45;1664;13.15;1515;3.62;;
3h9whv6hwy29;335;6;1;16;1061011;645693;1;1061;2182.1;Powiat m. £Ûdü;292.8501406;1049.525352;358.3830796;4.03;2296;784.0187459;763.4;260.6794036;9182.411974;10922.56924;10;OR_N2;419;5.62;419;1.87;419;5.62;502;1.57;0;0
49os8xsx7oi4;336;6;0;16;1016011;56681;2;1016;106;Powiat tomaszowski;1023.091277;198.4567764;19.39775862;7.99;616;60.20968156;975.8;95.3776092;10570.65097;10739.6991;6;OR_N2;1511;20.67;1564;5;2873;18.47;2743;7.9;0;0
7fh22r6wkh7a;337;6;1;16;1006022;14838;2;1006;151;Powiat ≥Ûdzki wschodni;499.1387193;129.2560513;25.89581739;10.7;448;89.75460783;667;133.6301862;7357.584558;0;1;OR_N2;45290;606.87;47835;140.62;;;46694;46.1;;
7atu6vk3oj64;338;6;0;16;1061011;645693;1;1061;2182.1;Powiat m. £Ûdü;292.8501406;1049.525352;358.3830796;4.03;2296;784.0187459;763.4;260.6794036;6433.246761;0;2;OR_N2;3890;53.08;3890;11.55;4166;9.85;3890;5.38;;
4s77njg9r64i;339;6;0;16;1061011;645693;1;1061;2182.1;Powiat m. £Ûdü;292.8501406;1049.525352;358.3830796;4.03;2296;784.0187459;763.4;260.6794036;15606.31315;10705.90057;11;OR_N2;672;9.17;736;2;672;9.17;1057;3.72;0;0
6gd6vfw4r7i4;340;6;0;17;1061011;645693;1;1061;2182.1;Powiat m. £Ûdü;292.8501406;1049.525352;358.3830796;4.03;2296;784.0187459;763.4;260.6794036;9966.539379;11603.25347;0;OR_N2;259;3.6;259;0.82;259;3.6;54;0.2;;
8jg9mse6chz8;341;6;;16;1061011;645693;1;1061;2182.1;Powiat m. £Ûdü;292.8501406;1049.525352;358.3830796;4.03;2296;784.0187459;763.4;260.6794036;7580.38773;12510.51797;0;OR_N2;262;3.43;262;1.3;262;3.43;598;2.58;;
8akx9i9grz64;342;6;1;16;1016104;1499;3;1016;106;Powiat tomaszowski;1023.091277;198.4567764;19.39775862;7.99;616;60.20968156;975.8;95.3776092;5176.529467;1169.548601;2;OR_N2;2149;30.28;2149;7.78;2891;19.4;2149;3.87;1;0
8yu7u9dsg3r9;343;6;0;16;1016092;11492;2;1016;106;Powiat tomaszowski;1023.091277;198.4567764;19.39775862;7.99;616;60.20968156;975.8;95.3776092;7265.93248;0;2;OR_N2;4494;60.75;4503;12.85;7355;29.67;4521;7.82;;
233k2pxo3ju3;344;6;1;9;1061011;645693;1;1061;2182.1;Powiat m. £Ûdü;292.8501406;1049.525352;358.3830796;4.03;2296;784.0187459;763.4;260.6794036;12439.86945;2324.039028;14;OR_C1;4618;62.92;5243;21.62;5192;33.02;5184;10.92;1;1
26xip874hvx8;345;6;1;18;1061011;645693;1;1061;2182.1;Powiat m. £Ûdü;292.8501406;1049.525352;358.3830796;4.03;2296;784.0187459;763.4;260.6794036;8906.049073;5924.610432;12;OR_C1;2449;32.97;2526;7.63;2731;15.3;3377;12.38;;
27zbi9vpg3z6;346;6;1;12;1008011;19276;2;1008;240.6;Powiat pabianicki;491.5247438;135.3532664;27.53742677;4.91;456;92.77254212;567.3;115.4163665;5134.879163;0;0;OR_C1;28;0.4;28;0.08;28;0.4;28;0.18;0;0
2du2axj46el8;347;6;1;16;1016011;56681;2;1016;106;Powiat tomaszowski;1023.091277;198.4567764;19.39775862;7.99;616;60.20968156;975.8;95.3776092;9642.72979;2190.58007;7;OR_C1;8977;122.85;9118;29.45;13136;33.47;9513;12.42;1;0
2dx8ntr6u3p7;348;6;1;9;1061011;645693;1;1061;2182.1;Powiat m. £Ûdü;292.8501406;1049.525352;358.3830796;4.03;2296;784.0187459;763.4;260.6794036;8275.309989;2702.630823;16;OR_C1;2548;35.97;2906;11.13;4684;25.92;2771;10.07;1;1
2ej7uw8v6437;349;6;1;18;1061011;645693;1;1061;2182.1;Powiat m. £Ûdü;292.8501406;1049.525352;358.3830796;4.03;2296;784.0187459;763.4;260.6794036;8190.114064;1661.024169;23;OR_C1;1927;27.07;2013;8.43;1994;11.37;1938;6.47;0;0
2o8xhr7k6nrv;350;6;1;14;1061011;645693;1;1061;2182.1;Powiat m. £Ûdü;292.8501406;1049.525352;358.3830796;4.03;2296;784.0187459;763.4;260.6794036;11773.74209;3707.15273;20;OR_C1;7267;102.28;7356;27.3;8393;48.53;7659;15.03;;
2rc8zdf4gle9;351;6;0;16;1016112;3065;3;1016;106;Powiat tomaszowski;1023.091277;198.4567764;19.39775862;7.99;616;60.20968156;975.8;95.3776092;5412.936538;0;1;OR_C1;23876;321.25;24143;74.33;;;25870;25.27;0;0
2xk4nas4k249;352;6;1;17;1061011;645693;1;1061;2182.1;Powiat m. £Ûdü;292.8501406;1049.525352;358.3830796;4.03;2296;784.0187459;763.4;260.6794036;10934.81723;5786.509206;12;OR_C1;3211;44.05;3500;12.33;3365;25.27;3282;11.1;1;1
2zir9dn2hgr4;353;6;1;16;1016092;11492;2;1016;106;Powiat tomaszowski;1023.091277;198.4567764;19.39775862;7.99;616;60.20968156;975.8;95.3776092;5066.386004;144.8328213;2;OR_C1;6648;91.03;7062;21.62;11601;367.8;6456;9.37;0;0
36f82lsz2mr6;354;6;1;17;1061011;645693;1;1061;2182.1;Powiat m. £Ûdü;292.8501406;1049.525352;358.3830796;4.03;2296;784.0187459;763.4;260.6794036;10364.50176;2286.406817;6;OR_C1;2393;33.38;2404;9.82;2425;20;2814;9.83;0;0
3au8rjg8kra3;355;6;0;16;1020045;13380;2;1020;193.4;Powiat zgierski;853.9990645;182.2143352;21.33659658;2.18;888;103.9813785;1106.6;129.5785963;11606.15205;0;1;OR_C1;10361;146.38;12213;40.97;12442;58.8;10573;22.08;1;0
3cp9rp47jfb6;356;6;0;13;1061011;645693;1;1061;2182.1;Powiat m. £Ûdü;292.8501406;1049.525352;358.3830796;4.03;2296;784.0187459;763.4;260.6794036;10185.85035;3326.207838;14;OR_C1;3652;50.2;3942;17.23;4582;29.92;3902;11.43;1;1
3gb3vwm8hlb3;357;6;1;16;1061011;645693;1;1061;2182.1;Powiat m. £Ûdü;292.8501406;1049.525352;358.3830796;4.03;2296;784.0187459;763.4;260.6794036;9834.35267;8148.652897;6;OR_C1;14801;199.8;15126;47.95;17165;60.02;16950;23.35;0;1
3go4fki2ue29;358;6;1;16;1061011;645693;1;1061;2182.1;Powiat m. £Ûdü;292.8501406;1049.525352;358.3830796;4.03;2296;784.0187459;763.4;260.6794036;11344.58041;3413.189673;14;OR_C1;2424;33.75;2640;8.78;3167;19.93;3405;6.77;1;0
3ht6stl64x34;359;6;1;17;1016011;56681;2;1016;106;Powiat tomaszowski;1023.091277;198.4567764;19.39775862;7.99;616;60.20968156;975.8;95.3776092;9051.691328;5190.352661;9;OR_C1;2910;39.2;2910;8.87;2910;39.2;2910;5.98;1;1
3on3hvn42jv3;360;6;0;18;1013011;15783;2;1013;70;Powiat rawski;645.5332469;90.80383441;14.06648455;4.73;252;39.03749361;647.5;100.3046711;9356.730973;0;0;OR_C1;1878;26.7;1878;6.83;1878;26.7;1878;3.15;1;0
3tg3ibp6zxf3;361;6;1;18;1061011;645693;1;1061;2182.1;Powiat m. £Ûdü;292.8501406;1049.525352;358.3830796;4.03;2296;784.0187459;763.4;260.6794036;8644.531516;9096.997373;2;OR_C1;6369;87.82;7497;25.52;6981;38.03;8045;18.6;0;0
3x6k8mg2fvh6;362;6;0;16;1016092;11492;2;1016;106;Powiat tomaszowski;1023.091277;198.4567764;19.39775862;7.99;616;60.20968156;975.8;95.3776092;6026.822418;0;0;OR_C1;4352;59.32;4562;14.58;4999;31.77;4789;8.8;0;1
3xbe9s3xy8o4;363;6;1;10;1061011;645693;1;1061;2182.1;Powiat m. £Ûdü;292.8501406;1049.525352;358.3830796;4.03;2296;784.0187459;763.4;260.6794036;8576.899613;3397.02132;16;OR_C1;1817;24.73;1907;6.52;2139;13.77;2521;10.3;;
3y2lsk8l49b4;364;6;0;7;1061011;645693;1;1061;2182.1;Powiat m. £Ûdü;292.8501406;1049.525352;358.3830796;4.03;2296;784.0187459;763.4;260.6794036;10223.57553;11311.05842;6;OR_C1;13842;188.75;14779;50.3;16662;60.02;15598;27.07;1;1
42srw7uo87m7;365;6;1;17;1009052;4876;3;1009;59.1;Powiat pajÍczaÒski;803.0385073;66.0912157;8.230142776;16.28;280;34.8675683;627.1;78.09090029;3590.790245;0;3;OR_C1;13964;186.9;14495;43.32;24227;45.17;13959;13.32;1;1
42tsi2klr8a9;366;6;0;12;1061011;645693;1;1061;2182.1;Powiat m. £Ûdü;292.8501406;1049.525352;358.3830796;4.03;2296;784.0187459;763.4;260.6794036;11739.31906;4261.189338;6;OR_C1;7169;98.92;7982;27.45;8593;45.83;8023;21.1;0;0
4af9frv8ctg9;367;6;1;18;1061011;645693;1;1061;2182.1;Powiat m. £Ûdü;292.8501406;1049.525352;358.3830796;4.03;2296;784.0187459;763.4;260.6794036;12495.11962;10407.26663;4;OR_C1;5789;81.68;6345;26.23;6429;26.02;6856;16.25;1;0
4jg2zp2rmh47;368;6;1;16;1061011;645693;1;1061;2182.1;Powiat m. £Ûdü;292.8501406;1049.525352;358.3830796;4.03;2296;784.0187459;763.4;260.6794036;7407.928761;9896.721601;9;OR_C1;11518;159.5;12609;44.32;13575;63.5;13608;27;0;0
4tc49psw89d4;370;6;1;17;1001072;8116;3;1001;110.8;Powiat be≥chatowski;966.2626658;198.2751399;20.51979724;14.05;961;99.45535868;943.4;97.63390778;3843.194407;0;2;OR_C1;23271;315.23;23276;71.38;27231;55.98;23927;22.3;0;0
6d36nm7pzj86;371;6;1;16;1016032;2069;3;1016;106;Powiat tomaszowski;1023.091277;198.4567764;19.39775862;7.99;616;60.20968156;975.8;95.3776092;4758.173036;0;1;OR_C1;20548;276.63;21744;64.73;;;20776;24.9;1;1
6gl2wtt6zef9;372;6;1;16;1016011;56681;2;1016;106;Powiat tomaszowski;1023.091277;198.4567764;19.39775862;7.99;616;60.20968156;975.8;95.3776092;11960.16849;11001.19645;8;OR_C1;3975;54.43;4078;14.48;4808;25.33;4789;9.32;1;0
6hx2yg9sv774;373;6;1;13;1061011;645693;1;1061;2182.1;Powiat m. £Ûdü;292.8501406;1049.525352;358.3830796;4.03;2296;784.0187459;763.4;260.6794036;12274.89621;7306.47684;8;OR_C1;689;9.27;701;2;689;9.27;692;2.52;0;0
6k499kz2gx99;374;6;1;18;1016072;5984;3;1016;106;Powiat tomaszowski;1023.091277;198.4567764;19.39775862;7.99;616;60.20968156;975.8;95.3776092;4807.81025;1101.43564;4;OR_C1;31401;426.98;33309;102.32;39630;113.13;35711;43.4;0;0
6pz7mb6nrp99;375;6;1;18;1061011;645693;1;1061;2182.1;Powiat m. £Ûdü;292.8501406;1049.525352;358.3830796;4.03;2296;784.0187459;763.4;260.6794036;12272.17438;10852.56545;6;OR_C1;12082;169.88;13615;45.03;15172;76.02;13414;28.45;0;1
6to2po2ecb69;376;6;0;18;1061011;645693;1;1061;2182.1;Powiat m. £Ûdü;292.8501406;1049.525352;358.3830796;4.03;2296;784.0187459;763.4;260.6794036;8121.147336;10132.2345;9;OR_C1;15394;216.2;17143;57.73;20494;84.07;25697;28.63;1;1
6vd6nsa7bo43;377;6;0;11;1061011;645693;1;1061;2182.1;Powiat m. £Ûdü;292.8501406;1049.525352;358.3830796;4.03;2296;784.0187459;763.4;260.6794036;10334.07983;10701.68234;6;OR_C1;3350;46.22;3459;12.18;3826;30.73;4895;11.17;1;1
6vw884jia7vs;378;6;1;9;1061011;645693;1;1061;2182.1;Powiat m. £Ûdü;292.8501406;1049.525352;358.3830796;4.03;2296;784.0187459;763.4;260.6794036;12680.22482;3722.511044;11;OR_C1;1461;19.48;1737;6.63;1772;14.4;1729;5.48;1;0
722wv6i8eza8;379;6;1;12;1006082;5811;3;1006;151;Powiat ≥Ûdzki wschodni;499.1387193;129.2560513;25.89581739;10.7;448;89.75460783;667;133.6301862;5748.39385;264.4064392;4;OR_C1;13797;187.57;14427;46.12;17457;71.95;16494;28.08;0;1
7c94t9elp9c3;380;6;1;12;1061011;645693;1;1061;2182.1;Powiat m. £Ûdü;292.8501406;1049.525352;358.3830796;4.03;2296;784.0187459;763.4;260.6794036;11060.95797;6826.706303;12;OR_C1;4911;67.22;5705;18.27;6417;37.22;5866;17.82;;
7de2vma2xvh3;381;6;1;17;1012142;4735;3;1012;72.5;Powiat radomszczaÒski;1441.229323;125.7545581;8.725506492;2.07;833;57.79788039;1190.9;82.63084725;5155.598929;351.9768498;1;OR_C1;22942;310.28;24871;74.63;;;26370;26.15;1;1
7dv6llr6zbx3;382;6;1;16;1061011;645693;1;1061;2182.1;Powiat m. £Ûdü;292.8501406;1049.525352;358.3830796;4.03;2296;784.0187459;763.4;260.6794036;6825.153418;2325.589667;2;OR_C1;5487;74.37;5609;18.7;7250;49.25;8467;15.25;1;1
7hr22ben944c;383;6;0;16;1006082;5811;3;1006;151;Powiat ≥Ûdzki wschodni;499.1387193;129.2560513;25.89581739;10.7;448;89.75460783;667;133.6301862;5748.39385;264.4064392;4;OR_C1;7331;99.63;7967;26.45;11258;50.18;7312;11.25;;
7hu39ehn8dx8;384;6;0;14;1063011;45121;2;1063;1295.2;Powiat m. Skierniewice;34.55875472;71.15621041;205.8992316;6.85;187;541.1074604;143;413.788058;12663.86334;4668.23965;5;OR_C1;293;4.27;1039;3.5;293;4.27;1039;2.72;1;1
7kx8gnn6gku6;385;6;0;15;1020044;22023;2;1020;193.4;Powiat zgierski;853.9990645;182.2143352;21.33659658;2.18;888;103.9813785;1106.6;129.5785963;7723.5086;0;0;OR_C1;9654;131.83;11765;36.6;13894;55.98;11018;19.45;0;0
7o2dmi4lho6a;386;6;1;17;1016092;11492;2;1016;106;Powiat tomaszowski;1023.091277;198.4567764;19.39775862;7.99;616;60.20968156;975.8;95.3776092;4970.05896;144.8328213;3;OR_C1;13442;182.03;13318;40.97;20405;548.08;13857;15.72;;
7o9p4n8nzh93;387;6;1;10;1008052;7656;3;1008;240.6;Powiat pabianicki;491.5247438;135.3532664;27.53742677;4.91;456;92.77254212;567.3;115.4163665;5797.552486;752.7879757;4;OR_C1;6221;85.43;6402;19.33;9615;54.68;5881;10.18;0;1
7p27gdp9zj97;388;6;1;18;1061011;645693;1;1061;2182.1;Powiat m. £Ûdü;292.8501406;1049.525352;358.3830796;4.03;2296;784.0187459;763.4;260.6794036;11532.87888;3506.918817;7;OR_C1;17267;236.23;20643;63.33;;;17139;31.03;;
7rm48jw6w766;389;6;1;18;1061011;645693;1;1061;2182.1;Powiat m. £Ûdü;292.8501406;1049.525352;358.3830796;4.03;2296;784.0187459;763.4;260.6794036;11604.71875;10827.98871;6;OR_C1;1943;27.27;1981;6.92;2279;15.85;2611;6.9;1;0
7wc7fma2ag77;390;6;1;17;1016062;7146;3;1016;106;Powiat tomaszowski;1023.091277;198.4567764;19.39775862;7.99;616;60.20968156;975.8;95.3776092;4068.116669;73.5026774;1;OR_C1;9770;131.48;10641;32.65;20476;61.3;10438;16.48;1;0
879oxx6war8a;391;6;0;18;1061011;645693;1;1061;2182.1;Powiat m. £Ûdü;292.8501406;1049.525352;358.3830796;4.03;2296;784.0187459;763.4;260.6794036;6844.032282;14190.66673;0;OR_C1;8516;116.38;9079;28.65;10810;70.85;11009;23.05;0;0
8eg9hd9mfm7r;392;6;1;15;1016072;5984;3;1016;106;Powiat tomaszowski;1023.091277;198.4567764;19.39775862;7.99;616;60.20968156;975.8;95.3776092;3425.027828;71.45405789;0;OR_C1;20518;275.92;20610;59.75;60598;110.67;20885;23.48;0;0
8he7ybk732j4;393;6;0;18;1013011;15783;2;1013;70;Powiat rawski;645.5332469;90.80383441;14.06648455;4.73;252;39.03749361;647.5;100.3046711;6341.743212;0;0;OR_C1;5113;69.73;5387;17.65;;;7208;7.8;1;1
8j23srv6j7e6;394;6;0;18;1012011;42412;2;1012;72.5;Powiat radomszczaÒski;1441.229323;125.7545581;8.725506492;2.07;833;57.79788039;1190.9;82.63084725;11017.09857;2348.609729;7;OR_C1;4919;67.8;4923;16.08;9261;56;5132;8.23;0;1
8ru6zac4h6bz;395;6;1;14;1008011;19276;2;1008;240.6;Powiat pabianicki;491.5247438;135.3532664;27.53742677;4.91;456;92.77254212;567.3;115.4163665;5595.456756;0;0;OR_C1;7981;109.32;8644;26.15;10183;59.87;9540;19.33;0;1
8ut24lsg7sat;396;6;0;7;1061011;645693;1;1061;2182.1;Powiat m. £Ûdü;292.8501406;1049.525352;358.3830796;4.03;2296;784.0187459;763.4;260.6794036;8163.53138;9021.815222;2;OR_C1;2064;27.8;2210;7.5;2868;18.9;2275;5.05;;
93buz4udu9m7;397;6;1;16;1020031;52938;2;1020;193.4;Powiat zgierski;853.9990645;182.2143352;21.33659658;2.18;888;103.9813785;1106.6;129.5785963;9119.727001;1304.081742;6;OR_C1;1343;17.83;1343;4.4;1343;17.83;1875;4.23;;
94ggd4iiy8f7;398;6;0;15;1012011;42412;2;1012;72.5;Powiat radomszczaÒski;1441.229323;125.7545581;8.725506492;2.07;833;57.79788039;1190.9;82.63084725;6643.388115;0;4;OR_C1;2189;29.65;2189;6.32;2189;29.65;2189;4.18;1;0
94jeu24oxi69;399;6;1;17;1012132;4243;3;1012;72.5;Powiat radomszczaÒski;1441.229323;125.7545581;8.725506492;2.07;833;57.79788039;1190.9;82.63084725;5352.295104;0;0;OR_C1;7647;103.98;7647;24.9;;;7647;7.82;0;0
96h7o9if2jh8;400;6;1;18;1061011;645693;1;1061;2182.1;Powiat m. £Ûdü;292.8501406;1049.525352;358.3830796;4.03;2296;784.0187459;763.4;260.6794036;13316.58839;9242.969011;13;OR_C1;4174;58.03;4295;14.9;4280;20.95;4490;15.73;0;0
9mm26obd4ci7;401;6;1;18;1061011;645693;1;1061;2182.1;Powiat m. £Ûdü;292.8501406;1049.525352;358.3830796;4.03;2296;784.0187459;763.4;260.6794036;8123.983199;16783.94954;6;OR_C1;3701;50.18;4101;13.87;3928;22.47;4084;13.33;0;0
4myc3jiy9zca;402;6;0;11;1061011;645693;1;1061;2182.1;Powiat m. £Ûdü;292.8501406;1049.525352;358.3830796;4.03;2296;784.0187459;763.4;260.6794036;12229.60146;10164.31605;10;OR_C1;2224;30.95;2244;8.57;2884;14.25;3749;9.52;1;1
3839epo2inw7;403;6;1;16;1016011;56681;2;1016;106;Powiat tomaszowski;1023.091277;198.4567764;19.39775862;7.99;616;60.20968156;975.8;95.3776092;10761.08346;7275.610273;6;OR_C1;3887;53.55;4651;14.88;8104;31.23;4769;9.5;1;1
72gyl9oi8zxu;404;6;1;17;1010022;4026;3;1010;62.4;Powiat piotrkowski;1426.409646;162.5195004;11.39360638;2.45;896;62.81505476;1306.2;91.57257202;6265.331198;1317.35868;1;OR_C1;9827;133.53;9827;29.73;10452;20.92;9827;9.88;1;1
4r7j47izd969;405;6;1;17;1061011;645693;1;1061;2182.1;Powiat m. £Ûdü;292.8501406;1049.525352;358.3830796;4.03;2296;784.0187459;763.4;260.6794036;6807.680437;2762.822206;4;OR_C1;450;6.27;450;1.68;450;6.27;450;1.6;;
7j3hiw696yp3;406;6;1;16;1061011;645693;1;1061;2182.1;Powiat m. £Ûdü;292.8501406;1049.525352;358.3830796;4.03;2296;784.0187459;763.4;260.6794036;9947.246742;1459.989709;9;OR_C1;14145;199.83;14872;53.65;15378;74.98;15724;29.37;0;0
2xu3u9cmz6o6;407;6;0;16;1016011;56681;2;1016;106;Powiat tomaszowski;1023.091277;198.4567764;19.39775862;7.99;616;60.20968156;975.8;95.3776092;9259.709222;4805.456299;8;OR_C1;1693;23.48;1701;5.98;1697;13.8;3496;8.47;;
3h9whv6hwy29;408;6;1;16;1061011;645693;1;1061;2182.1;Powiat m. £Ûdü;292.8501406;1049.525352;358.3830796;4.03;2296;784.0187459;763.4;260.6794036;9182.411974;10922.56924;10;OR_C1;7736;106.28;8017;31.02;9961;52.88;8398;18.48;;
49os8xsx7oi4;409;6;0;16;1016011;56681;2;1016;106;Powiat tomaszowski;1023.091277;198.4567764;19.39775862;7.99;616;60.20968156;975.8;95.3776092;10570.65097;10739.6991;6;OR_C1;1516;20.73;1568;5.02;2868;18.4;2748;7.92;;
77l6ahj37zi9;410;6;0;16;1061011;645693;1;1061;2182.1;Powiat m. £Ûdü;292.8501406;1049.525352;358.3830796;4.03;2296;784.0187459;763.4;260.6794036;11707.19358;6415.980739;24;OR_C1;6082;82.58;6676;23.87;6723;37.48;6644;12.55;;
7atu6vk3oj64;411;6;0;16;1061011;645693;1;1061;2182.1;Powiat m. £Ûdü;292.8501406;1049.525352;358.3830796;4.03;2296;784.0187459;763.4;260.6794036;6433.246761;0;2;OR_C1;15485;212.5;20937;65.73;16634;61.78;18884;29.88;;
4s77njg9r64i;412;6;0;16;1061011;645693;1;1061;2182.1;Powiat m. £Ûdü;292.8501406;1049.525352;358.3830796;4.03;2296;784.0187459;763.4;260.6794036;15606.31315;10705.90057;11;OR_C1;5721;76.93;6032;23.48;5872;25.28;6463;13.8;0;0
6gd6vfw4r7i4;413;6;0;17;1061011;645693;1;1061;2182.1;Powiat m. £Ûdü;292.8501406;1049.525352;358.3830796;4.03;2296;784.0187459;763.4;260.6794036;9966.539379;11603.25347;0;OR_C1;823;11.82;1018;4;858;9.47;1793;8.4;;
8akx9i9grz64;414;6;1;16;1016104;1499;3;1016;106;Powiat tomaszowski;1023.091277;198.4567764;19.39775862;7.99;616;60.20968156;975.8;95.3776092;5176.529467;1169.548601;2;OR_C1;10786;146.45;11109;33.67;14333;34.28;11903;14.13;0;1
233k2pxo3ju3;415;6;1;9;1061011;645693;1;1061;2182.1;Powiat m. £Ûdü;292.8501406;1049.525352;358.3830796;4.03;2296;784.0187459;763.4;260.6794036;12439.86945;2324.039028;14;OR_C2;8294;115.62;8611;30.48;9104;47.72;11181;21.62;1;0
26xip874hvx8;416;6;1;18;1061011;645693;1;1061;2182.1;Powiat m. £Ûdü;292.8501406;1049.525352;358.3830796;4.03;2296;784.0187459;763.4;260.6794036;8906.049073;5924.610432;12;OR_C2;2377;31.9;2430;7.62;3096;20.18;2737;9.87;;
27zbi9vpg3z6;417;6;1;12;1008011;19276;2;1008;240.6;Powiat pabianicki;491.5247438;135.3532664;27.53742677;4.91;456;92.77254212;567.3;115.4163665;5134.879163;0;0;OR_C2;3495;47.58;3536;11.1;3985;25.83;3536;7.37;0;1
2du2axj46el8;418;6;1;16;1016011;56681;2;1016;106;Powiat tomaszowski;1023.091277;198.4567764;19.39775862;7.99;616;60.20968156;975.8;95.3776092;9642.72979;2190.58007;7;OR_C2;18017;244.18;23225;70.28;;;17599;15.1;1;1
2dx8ntr6u3p7;419;6;1;9;1061011;645693;1;1061;2182.1;Powiat m. £Ûdü;292.8501406;1049.525352;358.3830796;4.03;2296;784.0187459;763.4;260.6794036;8275.309989;2702.630823;16;OR_C2;1948;26.88;1947;6.92;2979;17.15;2423;7.37;1;1
2ej7uw8v6437;420;6;1;18;1061011;645693;1;1061;2182.1;Powiat m. £Ûdü;292.8501406;1049.525352;358.3830796;4.03;2296;784.0187459;763.4;260.6794036;8190.114064;1661.024169;23;OR_C2;8049;113.8;8206;30.8;9461;48.38;8208;16.8;1;0
2ko2rum9mxy8;421;6;1;18;1061011;645693;1;1061;2182.1;Powiat m. £Ûdü;292.8501406;1049.525352;358.3830796;4.03;2296;784.0187459;763.4;260.6794036;12417.70073;6971.853989;10;OR_C2;18265;244.93;19346;58.42;19785;45.1;22577;26.07;;
2o8xhr7k6nrv;422;6;1;14;1061011;645693;1;1061;2182.1;Powiat m. £Ûdü;292.8501406;1049.525352;358.3830796;4.03;2296;784.0187459;763.4;260.6794036;11773.74209;3707.15273;20;OR_C2;1910;26.85;1986;7.57;2114;12.37;2225;9.3;0;0
2rc8zdf4gle9;423;6;0;16;1016112;3065;3;1016;106;Powiat tomaszowski;1023.091277;198.4567764;19.39775862;7.99;616;60.20968156;975.8;95.3776092;5412.936538;0;1;OR_C2;24742;334.27;25008;78.43;;;26916;28.33;0;0
2xk4nas4k249;424;6;1;17;1061011;645693;1;1061;2182.1;Powiat m. £Ûdü;292.8501406;1049.525352;358.3830796;4.03;2296;784.0187459;763.4;260.6794036;10934.81723;5786.509206;12;OR_C2;4587;61.82;4605;15.02;4870;27.55;5625;14.35;1;1
2zir9dn2hgr4;425;6;1;16;1016092;11492;2;1016;106;Powiat tomaszowski;1023.091277;198.4567764;19.39775862;7.99;616;60.20968156;975.8;95.3776092;5066.386004;144.8328213;2;OR_C2;8198;111.7;8521;26.42;13916;383.3;8233;11.52;1;1
36f82lsz2mr6;426;6;1;17;1061011;645693;1;1061;2182.1;Powiat m. £Ûdü;292.8501406;1049.525352;358.3830796;4.03;2296;784.0187459;763.4;260.6794036;10364.50176;2286.406817;6;OR_C2;471;6.32;680;1.95;471;6.32;976;4.5;0;0
3au8rjg8kra3;427;6;0;16;1020045;13380;2;1020;193.4;Powiat zgierski;853.9990645;182.2143352;21.33659658;2.18;888;103.9813785;1106.6;129.5785963;11606.15205;0;1;OR_C2;10060;139.95;10504;33.97;11286;34.75;10498;19.25;0;0
3cp9rp47jfb6;428;6;0;13;1061011;645693;1;1061;2182.1;Powiat m. £Ûdü;292.8501406;1049.525352;358.3830796;4.03;2296;784.0187459;763.4;260.6794036;10185.85035;3326.207838;14;OR_C2;3514;48.17;3998;13.68;3902;25.43;3546;13.4;1;1
3gb3vwm8hlb3;429;6;1;16;1061011;645693;1;1061;2182.1;Powiat m. £Ûdü;292.8501406;1049.525352;358.3830796;4.03;2296;784.0187459;763.4;260.6794036;9834.35267;8148.652897;6;OR_C2;13020;178.07;14053;46.05;14736;69.67;16014;30.57;0;1
3go4fki2ue29;430;6;1;16;1061011;645693;1;1061;2182.1;Powiat m. £Ûdü;292.8501406;1049.525352;358.3830796;4.03;2296;784.0187459;763.4;260.6794036;11344.58041;3413.189673;14;OR_C2;2077;29.03;2435;9.02;2531;19.12;2631;8.17;1;0
3on3hvn42jv3;431;6;0;18;1013011;15783;2;1013;70;Powiat rawski;645.5332469;90.80383441;14.06648455;4.73;252;39.03749361;647.5;100.3046711;9356.730973;0;0;OR_C2;5506;76.2;5454;18.83;;;5812;10.33;1;0
3tg3ibp6zxf3;432;6;1;18;1061011;645693;1;1061;2182.1;Powiat m. £Ûdü;292.8501406;1049.525352;358.3830796;4.03;2296;784.0187459;763.4;260.6794036;8644.531516;9096.997373;2;OR_C2;5098;71.48;5684;18.82;6226;36.23;5825;14.22;0;1
3x6k8mg2fvh6;433;6;0;16;1016092;11492;2;1016;106;Powiat tomaszowski;1023.091277;198.4567764;19.39775862;7.99;616;60.20968156;975.8;95.3776092;6026.822418;0;0;OR_C2;5285;72.45;5427;17.68;6570;28.63;5427;10.9;0;0
3xbe9s3xy8o4;434;6;1;10;1061011;645693;1;1061;2182.1;Powiat m. £Ûdü;292.8501406;1049.525352;358.3830796;4.03;2296;784.0187459;763.4;260.6794036;8576.899613;3397.02132;16;OR_C2;3548;48.88;3790;14.77;4207;29.35;3607;13.02;;
3y2lsk8l49b4;435;6;0;7;1061011;645693;1;1061;2182.1;Powiat m. £Ûdü;292.8501406;1049.525352;358.3830796;4.03;2296;784.0187459;763.4;260.6794036;10223.57553;11311.05842;6;OR_C2;16165;222.1;17872;57.52;19812;79.17;17814;30.07;0;1
42tsi2klr8a9;436;6;0;12;1061011;645693;1;1061;2182.1;Powiat m. £Ûdü;292.8501406;1049.525352;358.3830796;4.03;2296;784.0187459;763.4;260.6794036;11739.31906;4261.189338;6;OR_C2;4632;64.05;4831;19.83;5374;29.45;4892;13.25;0;0
4af9frv8ctg9;437;6;1;18;1061011;645693;1;1061;2182.1;Powiat m. £Ûdü;292.8501406;1049.525352;358.3830796;4.03;2296;784.0187459;763.4;260.6794036;12495.11962;10407.26663;4;OR_C2;8729;123.75;9174;34.85;9946;40.55;10063;20.88;0;0
4jg2zp2rmh47;438;6;1;16;1061011;645693;1;1061;2182.1;Powiat m. £Ûdü;292.8501406;1049.525352;358.3830796;4.03;2296;784.0187459;763.4;260.6794036;7407.928761;9896.721601;9;OR_C2;12616;173.8;13954;47.23;15470;79.07;16546;28.25;0;1
4tc49psw89d4;440;6;1;17;1001072;8116;3;1001;110.8;Powiat be≥chatowski;966.2626658;198.2751399;20.51979724;14.05;961;99.45535868;943.4;97.63390778;3843.194407;0;2;OR_C2;13786;186.17;14504;44.37;15569;50.75;13846;13.35;;
4xx4s7jse6n4;441;6;1;16;1020085;9675;3;1020;193.4;Powiat zgierski;853.9990645;182.2143352;21.33659658;2.18;888;103.9813785;1106.6;129.5785963;3359.823334;0;0;OR_C2;16936;232.45;17513;58.83;22322;83.67;19515;29;1;1
6d36nm7pzj86;442;6;1;16;1016032;2069;3;1016;106;Powiat tomaszowski;1023.091277;198.4567764;19.39775862;7.99;616;60.20968156;975.8;95.3776092;4758.173036;0;1;OR_C2;21508;290.13;23485;71.07;;;21823;26.15;1;1
6gl2wtt6zef9;443;6;1;16;1016011;56681;2;1016;106;Powiat tomaszowski;1023.091277;198.4567764;19.39775862;7.99;616;60.20968156;975.8;95.3776092;11960.16849;11001.19645;8;OR_C2;769;9.85;774;1.87;769;9.85;774;1.85;1;0
6pz7mb6nrp99;444;6;1;18;1061011;645693;1;1061;2182.1;Powiat m. £Ûdü;292.8501406;1049.525352;358.3830796;4.03;2296;784.0187459;763.4;260.6794036;12272.17438;10852.56545;6;OR_C2;3454;47.92;3657;12.57;3858;25.78;5229;9.7;1;0
6to2po2ecb69;445;6;0;18;1061011;645693;1;1061;2182.1;Powiat m. £Ûdü;292.8501406;1049.525352;358.3830796;4.03;2296;784.0187459;763.4;260.6794036;8121.147336;10132.2345;9;OR_C2;5012;70.18;5478;19.92;5353;24.82;5141;10.93;0;0
6vd6nsa7bo43;446;6;0;11;1061011;645693;1;1061;2182.1;Powiat m. £Ûdü;292.8501406;1049.525352;358.3830796;4.03;2296;784.0187459;763.4;260.6794036;10334.07983;10701.68234;6;OR_C2;2373;31.42;2407;7.45;2790;26.2;3210;7.5;1;1
6vw884jia7vs;447;6;1;9;1061011;645693;1;1061;2182.1;Powiat m. £Ûdü;292.8501406;1049.525352;358.3830796;4.03;2296;784.0187459;763.4;260.6794036;12680.22482;3722.511044;11;OR_C2;652;8.9;2008;6.87;652;8.9;2551;6.47;0;0
722wv6i8eza8;448;6;1;12;1006082;5811;3;1006;151;Powiat ≥Ûdzki wschodni;499.1387193;129.2560513;25.89581739;10.7;448;89.75460783;667;133.6301862;5748.39385;264.4064392;4;OR_C2;14003;190.9;14768;47.67;18277;75.77;14709;27.07;0;1
72hi2n74vau7;449;6;0;13;1061011;645693;1;1061;2182.1;Powiat m. £Ûdü;292.8501406;1049.525352;358.3830796;4.03;2296;784.0187459;763.4;260.6794036;14949.96648;1511.054291;15;OR_C2;2527;33.93;2980;8.97;2544;16.45;2954;6.48;1;1
7c94t9elp9c3;450;6;1;12;1061011;645693;1;1061;2182.1;Powiat m. £Ûdü;292.8501406;1049.525352;358.3830796;4.03;2296;784.0187459;763.4;260.6794036;11060.95797;6826.706303;12;OR_C2;1345;19.07;1743;6.53;1345;19.07;1721;5.48;;
7de2vma2xvh3;451;6;1;17;1012142;4735;3;1012;72.5;Powiat radomszczaÒski;1441.229323;125.7545581;8.725506492;2.07;833;57.79788039;1190.9;82.63084725;5155.598929;351.9768498;1;OR_C2;15774;210.58;15774;46.45;;;15774;15.17;1;1
7dv6llr6zbx3;452;6;1;16;1061011;645693;1;1061;2182.1;Powiat m. £Ûdü;292.8501406;1049.525352;358.3830796;4.03;2296;784.0187459;763.4;260.6794036;6825.153418;2325.589667;2;OR_C2;9512;132.95;10436;34.77;15436;80.65;10628;23.7;0;0
7hu39ehn8dx8;453;6;0;14;1063011;45121;2;1063;1295.2;Powiat m. Skierniewice;34.55875472;71.15621041;205.8992316;6.85;187;541.1074604;143;413.788058;12663.86334;4668.23965;5;OR_C2;295;4.28;1042;3.52;295;4.28;1042;2.72;1;1
7kx8gnn6gku6;454;6;0;15;1020044;22023;2;1020;193.4;Powiat zgierski;853.9990645;182.2143352;21.33659658;2.18;888;103.9813785;1106.6;129.5785963;7723.5086;0;0;OR_C2;10658;145.57;13176;42.12;11856;60.12;12520;22.58;0;0
7lv8b2pgg6s6;455;6;0;13;1061011;645693;1;1061;2182.1;Powiat m. £Ûdü;292.8501406;1049.525352;358.3830796;4.03;2296;784.0187459;763.4;260.6794036;8931.032738;8699.408424;4;OR_C2;10976;153.65;12685;42.47;16842;89.67;12080;30.73;1;0
7o2dmi4lho6a;456;6;1;17;1016092;11492;2;1016;106;Powiat tomaszowski;1023.091277;198.4567764;19.39775862;7.99;616;60.20968156;975.8;95.3776092;4970.05896;144.8328213;3;OR_C2;6336;86.02;6336;19.87;10703;366.32;8030;8.13;;
7o9p4n8nzh93;457;6;1;10;1008052;7656;3;1008;240.6;Powiat pabianicki;491.5247438;135.3532664;27.53742677;4.91;456;92.77254212;567.3;115.4163665;5797.552486;752.7879757;4;OR_C2;3172;43.77;3335;11;3773;24.73;3318;5.55;0;0
7p27gdp9zj97;458;6;1;18;1061011;645693;1;1061;2182.1;Powiat m. £Ûdü;292.8501406;1049.525352;358.3830796;4.03;2296;784.0187459;763.4;260.6794036;11532.87888;3506.918817;7;OR_C2;7604;106.58;8172;28.18;10512;50.85;10298;25.18;0;0
7rm48jw6w766;459;6;1;18;1061011;645693;1;1061;2182.1;Powiat m. £Ûdü;292.8501406;1049.525352;358.3830796;4.03;2296;784.0187459;763.4;260.6794036;11604.71875;10827.98871;6;OR_C2;4025;56.5;4362;15.47;4718;25.38;4496;10.38;0;0
7wc7fma2ag77;460;6;1;17;1016062;7146;3;1016;106;Powiat tomaszowski;1023.091277;198.4567764;19.39775862;7.99;616;60.20968156;975.8;95.3776092;4068.116669;73.5026774;1;OR_C2;9093;122.45;9733;29.32;21202;67.42;9415;13.45;1;0
879oxx6war8a;461;6;0;18;1061011;645693;1;1061;2182.1;Powiat m. £Ûdü;292.8501406;1049.525352;358.3830796;4.03;2296;784.0187459;763.4;260.6794036;6844.032282;14190.66673;0;OR_C2;7602;104.2;8246;27.7;9391;47.58;8866;23.82;0;0
8eg9hd9mfm7r;462;6;1;15;1016072;5984;3;1016;106;Powiat tomaszowski;1023.091277;198.4567764;19.39775862;7.99;616;60.20968156;975.8;95.3776092;3425.027828;71.45405789;0;OR_C2;23469;317.67;23875;70.87;67050;124.87;24250;29.22;0;0
8he7ybk732j4;463;6;0;18;1013011;15783;2;1013;70;Powiat rawski;645.5332469;90.80383441;14.06648455;4.73;252;39.03749361;647.5;100.3046711;6341.743212;0;0;OR_C2;4176;57.43;4479;15.65;4176;57.43;7230;8.23;0;1
8j23srv6j7e6;464;6;0;18;1012011;42412;2;1012;72.5;Powiat radomszczaÒski;1441.229323;125.7545581;8.725506492;2.07;833;57.79788039;1190.9;82.63084725;11017.09857;2348.609729;7;OR_C2;1329;17.87;1445;4.65;1329;17.87;1946;4.23;1;1
8ru6zac4h6bz;465;6;1;14;1008011;19276;2;1008;240.6;Powiat pabianicki;491.5247438;135.3532664;27.53742677;4.91;456;92.77254212;567.3;115.4163665;5595.456756;0;0;OR_C2;3;0.03;3;0;3;0.03;3;0;0;0
94ggd4iiy8f7;466;6;0;15;1012011;42412;2;1012;72.5;Powiat radomszczaÒski;1441.229323;125.7545581;8.725506492;2.07;833;57.79788039;1190.9;82.63084725;6643.388115;0;4;OR_C2;1834;24.85;2704;8.8;1834;24.85;2379;4.82;1;1
96h7o9if2jh8;467;6;1;18;1061011;645693;1;1061;2182.1;Powiat m. £Ûdü;292.8501406;1049.525352;358.3830796;4.03;2296;784.0187459;763.4;260.6794036;13316.58839;9242.969011;13;OR_C2;4737;66.9;5368;21.85;8721;39.92;6513;12.38;;
98an97hyj4u3;468;6;1;18;1016104;1499;3;1016;106;Powiat tomaszowski;1023.091277;198.4567764;19.39775862;7.99;616;60.20968156;975.8;95.3776092;6204.480806;3363.612962;2;OR_C2;41222;560.85;42314;132.92;51499;139.82;45893;50.83;1;1
9mm26obd4ci7;469;6;1;18;1061011;645693;1;1061;2182.1;Powiat m. £Ûdü;292.8501406;1049.525352;358.3830796;4.03;2296;784.0187459;763.4;260.6794036;8123.983199;16783.94954;6;OR_C2;2749;36.62;3097;9.75;3077;15.45;3163;9.37;0;0
3839epo2inw7;470;6;1;16;1016011;56681;2;1016;106;Powiat tomaszowski;1023.091277;198.4567764;19.39775862;7.99;616;60.20968156;975.8;95.3776092;10761.08346;7275.610273;6;OR_C2;1963;26.47;2368;7.37;3181;17.27;2321;5.13;1;1
72gyl9oi8zxu;471;6;1;17;1010022;4026;3;1010;62.4;Powiat piotrkowski;1426.409646;162.5195004;11.39360638;2.45;896;62.81505476;1306.2;91.57257202;6265.331198;1317.35868;1;OR_C2;16413;222.88;17629;52.9;65468;152.78;17037;19.95;0;1
4r7j47izd969;472;6;1;17;1061011;645693;1;1061;2182.1;Powiat m. £Ûdü;292.8501406;1049.525352;358.3830796;4.03;2296;784.0187459;763.4;260.6794036;6807.680437;2762.822206;4;OR_C2;8643;118.18;9523;34.9;9792;40.75;9447;17.35;;
7j3hiw696yp3;473;6;1;16;1061011;645693;1;1061;2182.1;Powiat m. £Ûdü;292.8501406;1049.525352;358.3830796;4.03;2296;784.0187459;763.4;260.6794036;9947.246742;1459.989709;9;OR_C2;4392;60.98;4834;17.18;4590;26.98;4937;10.68;1;0
2xu3u9cmz6o6;474;6;0;16;1016011;56681;2;1016;106;Powiat tomaszowski;1023.091277;198.4567764;19.39775862;7.99;616;60.20968156;975.8;95.3776092;9259.709222;4805.456299;8;OR_C2;2264;30.6;2264;6.9;4991;25.75;2264;4.42;;
3h9whv6hwy29;475;6;1;16;1061011;645693;1;1061;2182.1;Powiat m. £Ûdü;292.8501406;1049.525352;358.3830796;4.03;2296;784.0187459;763.4;260.6794036;9182.411974;10922.56924;10;OR_C2;7530;103.58;8281;29.03;8227;41.87;8994;26.62;0;0
49os8xsx7oi4;476;6;0;16;1016011;56681;2;1016;106;Powiat tomaszowski;1023.091277;198.4567764;19.39775862;7.99;616;60.20968156;975.8;95.3776092;10570.65097;10739.6991;6;OR_C2;1237;16.23;1237;4.57;1593;12.27;1505;4.88;;
7atu6vk3oj64;477;6;0;16;1061011;645693;1;1061;2182.1;Powiat m. £Ûdü;292.8501406;1049.525352;358.3830796;4.03;2296;784.0187459;763.4;260.6794036;6433.246761;0;2;OR_C2;14720;202.37;17716;52.22;16949;58.65;16475;25.82;;
4s77njg9r64i;478;6;0;16;1061011;645693;1;1061;2182.1;Powiat m. £Ûdü;292.8501406;1049.525352;358.3830796;4.03;2296;784.0187459;763.4;260.6794036;15606.31315;10705.90057;11;OR_C2;7689;103.15;8522;27.8;10615;44.82;9234;22.47;0;0
8akx9i9grz64;479;6;1;16;1016104;1499;3;1016;106;Powiat tomaszowski;1023.091277;198.4567764;19.39775862;7.99;616;60.20968156;975.8;95.3776092;5176.529467;1169.548601;2;OR_C2;10521;142.92;10926;33.68;13774;31.1;12396;15.62;0;0
9uk9pp7smb64;480;6;0;11;1061011;645693;1;1061;2182.1;Powiat m. £Ûdü;292.8501406;1049.525352;358.3830796;4.03;2296;784.0187459;763.4;260.6794036;6376.283067;15756.69428;0;OR_N2;181;0.97;148;1.22;148;2.02;181;0.97;0;0
9uk9pp7smb64;481;6;0;11;1061011;645693;1;1061;2182.1;Powiat m. £Ûdü;292.8501406;1049.525352;358.3830796;4.03;2296;784.0187459;763.4;260.6794036;6376.283067;15756.69428;0;OR_N1;202;1.02;242;1.72;242;3.12;202;1.02;;
224ufg3bxo49;482;6;;;1061011;645693;1;1061;2182.1;Powiat m. £Ûdü;292.8501406;1049.525352;358.3830796;4.03;2296;784.0187459;763.4;260.6794036;;;;OR_C1;;;;;;;;;;
3j9irh9sxs33;483;1;1;17;1061011;645693;1;1061;2182.1;Powiat m. £Ûdü;292.8501406;1049.525352;358.3830796;4.03;2296;784.0187459;763.4;260.6794036;11022.37966;134.7830001;7;OR_N2;;;;;;;;;0;0
48rka8fno834;484;1;1;17;1001072;8116;3;1001;110.8;Powiat be≥chatowski;966.2626658;198.2751399;20.51979724;14.05;961;99.45535868;943.4;97.63390778;6150.382231;0;2;OR_N2;;;;;;;;;1;1
4j7xjz2w3fr4;485;1;1;13;1061011;645693;1;1061;2182.1;Powiat m. £Ûdü;292.8501406;1049.525352;358.3830796;4.03;2296;784.0187459;763.4;260.6794036;9675.510758;1637.468546;2;OR_N2;;;;;;;;;0;0
4zh87sa8kbc6;486;1;1;18;1061011;645693;1;1061;2182.1;Powiat m. £Ûdü;292.8501406;1049.525352;358.3830796;4.03;2296;784.0187459;763.4;260.6794036;5802.245796;655.8743772;2;OR_N2;;;;;;;;;0;0
622nvb4dbl76;487;1;1;18;1061011;645693;1;1061;2182.1;Powiat m. £Ûdü;292.8501406;1049.525352;358.3830796;4.03;2296;784.0187459;763.4;260.6794036;12042.24721;11524.08415;7;OR_N2;;;;;;;;;1;1
6ki3s8kdc7f8;488;1;1;18;1020044;22023;2;1020;193.4;Powiat zgierski;853.9990645;182.2143352;21.33659658;2.18;888;103.9813785;1106.6;129.5785963;8016.165447;0;0;OR_N2;;;;;;;;;1;1
98an97hyj4u3;489;1;1;18;1016104;1499;3;1016;106;Powiat tomaszowski;1023.091277;198.4567764;19.39775862;7.99;616;60.20968156;975.8;95.3776092;6204.480806;3363.612962;2;OR_N2;;;;;;;;;1;0
9as67mid33v9;490;1;0;12;1061011;645693;1;1061;2182.1;Powiat m. £Ûdü;292.8501406;1049.525352;358.3830796;4.03;2296;784.0187459;763.4;260.6794036;9968.674416;2576.345711;12;OR_N2;;;;;;;;;0;1
9i7uig8jkh73;491;1;1;16;1061011;645693;1;1061;2182.1;Powiat m. £Ûdü;292.8501406;1049.525352;358.3830796;4.03;2296;784.0187459;763.4;260.6794036;8115.117899;8813.702188;3;OR_N2;;;;;;;;;0;0
9yl3yai8bbi4;492;1;0;16;1012011;42412;2;1012;72.5;Powiat radomszczaÒski;1441.229323;125.7545581;8.725506492;2.07;833;57.79788039;1190.9;82.63084725;3942.602815;0;3;OR_N2;;;;;;;;;1;1
2r9sbu8lhl93;493;1;1;18;;;;;;;;;;;;;;;;;;OR_C2;;;;;;;;;0;0
42srw7uo87m7;494;1;1;17;1009052;4876;3;1009;59.1;Powiat pajÍczaÒski;803.0385073;66.0912157;8.230142776;16.28;280;34.8675683;627.1;78.09090029;3590.790245;0;3;OR_C2;;;;;;;;;1;0
48rka8fno834;495;1;1;17;1001072;8116;3;1001;110.8;Powiat be≥chatowski;966.2626658;198.2751399;20.51979724;14.05;961;99.45535868;943.4;97.63390778;6150.382231;0;2;OR_C2;;;;;;;;;0;0
4a9gl6njo9uk;496;1;0;18;1020011;12956;2;1020;193.4;Powiat zgierski;853.9990645;182.2143352;21.33659658;2.18;888;103.9813785;1106.6;129.5785963;4850.81326;62.99420572;0;OR_C2;;;;;;;;;0;0
4bu4ne3uhm37;497;1;1;17;1001072;8116;3;1001;110.8;Powiat be≥chatowski;966.2626658;198.2751399;20.51979724;14.05;961;99.45535868;943.4;97.63390778;5919.398048;1192.876914;0;OR_C2;;;;;;;;;1;1
622nvb4dbl76;498;1;1;18;1061011;645693;1;1061;2182.1;Powiat m. £Ûdü;292.8501406;1049.525352;358.3830796;4.03;2296;784.0187459;763.4;260.6794036;12042.24721;11524.08415;7;OR_C2;;;;;;;;;0;0
6ki3s8kdc7f8;499;1;1;18;1020044;22023;2;1020;193.4;Powiat zgierski;853.9990645;182.2143352;21.33659658;2.18;888;103.9813785;1106.6;129.5785963;8016.165447;0;0;OR_C2;;;;;;;;;1;0
7hr22ben944c;500;1;0;16;1006082;5811;3;1006;151;Powiat ≥Ûdzki wschodni;499.1387193;129.2560513;25.89581739;10.7;448;89.75460783;667;133.6301862;5748.39385;264.4064392;4;OR_C2;;;;;;;;;1;0
9as67mid33v9;501;1;0;12;1061011;645693;1;1061;2182.1;Powiat m. £Ûdü;292.8501406;1049.525352;358.3830796;4.03;2296;784.0187459;763.4;260.6794036;9968.674416;2576.345711;12;OR_C2;;;;;;;;;1;1
9i7uig8jkh73;502;1;1;16;1061011;645693;1;1061;2182.1;Powiat m. £Ûdü;292.8501406;1049.525352;358.3830796;4.03;2296;784.0187459;763.4;260.6794036;8115.117899;8813.702188;3;OR_C2;;;;;;;;;0;0
9yl3yai8bbi4;503;1;0;16;1012011;42412;2;1012;72.5;Powiat radomszczaÒski;1441.229323;125.7545581;8.725506492;2.07;833;57.79788039;1190.9;82.63084725;3942.602815;0;3;OR_C2;;;;;;;;;1;0
9ua7446fnv2m;504;1;0;17;1061011;645693;1;1061;2182.1;Powiat m. £Ûdü;292.8501406;1049.525352;358.3830796;4.03;2296;784.0187459;763.4;260.6794036;8310.749872;8454.752167;10;OR_N2;;;;;;;;;0;1
7je7ywm6kmh8;505;1;1;17;1008052;7656;3;1008;240.6;Powiat pabianicki;491.5247438;135.3532664;27.53742677;4.91;456;92.77254212;567.3;115.4163665;6647.570755;517.4324384;6;OR_N2;;;;;;;;;0;0
48ek47wgz9b6;506;1;0;16;1061011;645693;1;1061;2182.1;Powiat m. £Ûdü;292.8501406;1049.525352;358.3830796;4.03;2296;784.0187459;763.4;260.6794036;5028.78006;13654.93176;1;OR_N2;;;;;;;;;0;0
6s9dlj6zni43;507;1;1;14;1061011;645693;1;1061;2182.1;Powiat m. £Ûdü;292.8501406;1049.525352;358.3830796;4.03;2296;784.0187459;763.4;260.6794036;9606.731195;2915.68441;15;OR_C1;;;;;;;;;1;0
9ua7446fnv2m;508;1;0;17;1061011;645693;1;1061;2182.1;Powiat m. £Ûdü;292.8501406;1049.525352;358.3830796;4.03;2296;784.0187459;763.4;260.6794036;8310.749872;8454.752167;10;OR_C1;;;;;;;;;0;1
7je7ywm6kmh8;509;1;1;17;1008052;7656;3;1008;240.6;Powiat pabianicki;491.5247438;135.3532664;27.53742677;4.91;456;92.77254212;567.3;115.4163665;6647.570755;517.4324384;6;OR_C1;;;;;;;;;0;0
8um48a6lg494;510;1;0;17;1061011;645693;1;1061;2182.1;Powiat m. £Ûdü;292.8501406;1049.525352;358.3830796;4.03;2296;784.0187459;763.4;260.6794036;12238.80328;6004.743052;9;OR_C1;;;;;;;;;0;0
48ek47wgz9b6;511;1;0;16;1061011;645693;1;1061;2182.1;Powiat m. £Ûdü;292.8501406;1049.525352;358.3830796;4.03;2296;784.0187459;763.4;260.6794036;5028.78006;13654.93176;1;OR_C1;;;;;;;;;0;0
6v4ru436byk2;512;1;0;17;1061011;645693;1;1061;2182.1;Powiat m. £Ûdü;292.8501406;1049.525352;358.3830796;4.03;2296;784.0187459;763.4;260.6794036;12475.11073;6376.522371;10;OR_N1;;;;;;;;;0;0
3h9whv6hwy29;513;1;1;16;1061011;645693;1;1061;2182.1;Powiat m. £Ûdü;292.8501406;1049.525352;358.3830796;4.03;2296;784.0187459;763.4;260.6794036;9182.411974;10922.56924;10;OR_N1;;;;;;;;;0;1
4s77njg9r64i;514;1;0;16;1061011;645693;1;1061;2182.1;Powiat m. £Ûdü;292.8501406;1049.525352;358.3830796;4.03;2296;784.0187459;763.4;260.6794036;15606.31315;10705.90057;11;OR_N1;;;;;;;;;0;1
9ua7446fnv2m;515;1;0;17;1061011;645693;1;1061;2182.1;Powiat m. £Ûdü;292.8501406;1049.525352;358.3830796;4.03;2296;784.0187459;763.4;260.6794036;8310.749872;8454.752167;10;OR_N1;;;;;;;;;1;1
7je7ywm6kmh8;516;1;1;17;1008052;7656;3;1008;240.6;Powiat pabianicki;491.5247438;135.3532664;27.53742677;4.91;456;92.77254212;567.3;115.4163665;6647.570755;517.4324384;6;OR_N1;;;;;;;;;1;1
2iou8kkj9iwm;517;1;1;16;1006075;10788;2;1006;151;Powiat ≥Ûdzki wschodni;499.1387193;129.2560513;25.89581739;10.7;448;89.75460783;667;133.6301862;2607.490201;0;0;OR_N1;;;;;;;;;0;1
3on3vhz6zrn8;518;1;1;16;1061011;645693;1;1061;2182.1;Powiat m. £Ûdü;292.8501406;1049.525352;358.3830796;4.03;2296;784.0187459;763.4;260.6794036;11298.68502;4710.591122;10;OR_C2;;;;;;;;;0;0
77l6ahj37zi9;519;1;0;16;1061011;645693;1;1061;2182.1;Powiat m. £Ûdü;292.8501406;1049.525352;358.3830796;4.03;2296;784.0187459;763.4;260.6794036;11707.19358;6415.980739;24;OR_C2;;;;;;;;;0;0
7je7ywm6kmh8;520;1;1;17;1008052;7656;3;1008;240.6;Powiat pabianicki;491.5247438;135.3532664;27.53742677;4.91;456;92.77254212;567.3;115.4163665;6647.570755;517.4324384;6;OR_C2;;;;;;;;;0;0
48ek47wgz9b6;521;1;0;16;1061011;645693;1;1061;2182.1;Powiat m. £Ûdü;292.8501406;1049.525352;358.3830796;4.03;2296;784.0187459;763.4;260.6794036;5028.78006;13654.93176;1;OR_C2;;;;;;;;;0;0
2r9sbu8lhl93;522;1;1;18;;;;;;;;;;;;;;;;;;OR_C1;;;;;;;;;0;0
3j9irh9sxs33;523;1;1;17;1061011;645693;1;1061;2182.1;Powiat m. £Ûdü;292.8501406;1049.525352;358.3830796;4.03;2296;784.0187459;763.4;260.6794036;11022.37966;134.7830001;7;OR_C1;;;;;;;;;1;1
48rka8fno834;524;1;1;17;1001072;8116;3;1001;110.8;Powiat be≥chatowski;966.2626658;198.2751399;20.51979724;14.05;961;99.45535868;943.4;97.63390778;6150.382231;0;2;OR_C1;;;;;;;;;0;0
4a9gl6njo9uk;525;1;0;18;1020011;12956;2;1020;193.4;Powiat zgierski;853.9990645;182.2143352;21.33659658;2.18;888;103.9813785;1106.6;129.5785963;4850.81326;62.99420572;0;OR_C1;;;;;;;;;0;0
4bu4ne3uhm37;526;1;1;17;1001072;8116;3;1001;110.8;Powiat be≥chatowski;966.2626658;198.2751399;20.51979724;14.05;961;99.45535868;943.4;97.63390778;5919.398048;1192.876914;0;OR_C1;;;;;;;;;1;1
622nvb4dbl76;527;1;1;18;1061011;645693;1;1061;2182.1;Powiat m. £Ûdü;292.8501406;1049.525352;358.3830796;4.03;2296;784.0187459;763.4;260.6794036;12042.24721;11524.08415;7;OR_C1;;;;;;;;;0;0
6ki3s8kdc7f8;528;1;1;18;1020044;22023;2;1020;193.4;Powiat zgierski;853.9990645;182.2143352;21.33659658;2.18;888;103.9813785;1106.6;129.5785963;8016.165447;0;0;OR_C1;;;;;;;;;1;1
98an97hyj4u3;529;1;1;18;1016104;1499;3;1016;106;Powiat tomaszowski;1023.091277;198.4567764;19.39775862;7.99;616;60.20968156;975.8;95.3776092;6204.480806;3363.612962;2;OR_C1;;;;;;;;;1;0
9as67mid33v9;530;1;0;12;1061011;645693;1;1061;2182.1;Powiat m. £Ûdü;292.8501406;1049.525352;358.3830796;4.03;2296;784.0187459;763.4;260.6794036;9968.674416;2576.345711;12;OR_C1;;;;;;;;;1;1
9uk9pp7smb64;531;1;0;11;1061011;645693;1;1061;2182.1;Powiat m. £Ûdü;292.8501406;1049.525352;358.3830796;4.03;2296;784.0187459;763.4;260.6794036;6376.283067;15756.69428;0;OR_C1;;;;;;;;;0;0
3j9irh9sxs33;483;2;1;17;1061011;645693;1;1061;2182.1;Powiat m. £Ûdü;292.8501406;1049.525352;358.3830796;4.03;2296;784.0187459;763.4;260.6794036;11022.37966;134.7830001;7;OR_N2;;;;;;;;;0;0
48rka8fno834;484;2;1;17;1001072;8116;3;1001;110.8;Powiat be≥chatowski;966.2626658;198.2751399;20.51979724;14.05;961;99.45535868;943.4;97.63390778;6150.382231;0;2;OR_N2;;;;;;;;;1;0
4j7xjz2w3fr4;485;2;1;13;1061011;645693;1;1061;2182.1;Powiat m. £Ûdü;292.8501406;1049.525352;358.3830796;4.03;2296;784.0187459;763.4;260.6794036;9675.510758;1637.468546;2;OR_N2;;;;;;;;;0;1
4zh87sa8kbc6;486;2;1;18;1061011;645693;1;1061;2182.1;Powiat m. £Ûdü;292.8501406;1049.525352;358.3830796;4.03;2296;784.0187459;763.4;260.6794036;5802.245796;655.8743772;2;OR_N2;;;;;;;;;0;0
622nvb4dbl76;487;2;1;18;1061011;645693;1;1061;2182.1;Powiat m. £Ûdü;292.8501406;1049.525352;358.3830796;4.03;2296;784.0187459;763.4;260.6794036;12042.24721;11524.08415;7;OR_N2;;;;;;;;;1;0
6ki3s8kdc7f8;488;2;1;18;1020044;22023;2;1020;193.4;Powiat zgierski;853.9990645;182.2143352;21.33659658;2.18;888;103.9813785;1106.6;129.5785963;8016.165447;0;0;OR_N2;;;;;;;;;1;1
98an97hyj4u3;489;2;1;18;1016104;1499;3;1016;106;Powiat tomaszowski;1023.091277;198.4567764;19.39775862;7.99;616;60.20968156;975.8;95.3776092;6204.480806;3363.612962;2;OR_N2;;;;;;;;;1;0
9as67mid33v9;490;2;0;12;1061011;645693;1;1061;2182.1;Powiat m. £Ûdü;292.8501406;1049.525352;358.3830796;4.03;2296;784.0187459;763.4;260.6794036;9968.674416;2576.345711;12;OR_N2;;;;;;;;;0;0
9i7uig8jkh73;491;2;1;16;1061011;645693;1;1061;2182.1;Powiat m. £Ûdü;292.8501406;1049.525352;358.3830796;4.03;2296;784.0187459;763.4;260.6794036;8115.117899;8813.702188;3;OR_N2;;;;;;;;;0;0
9yl3yai8bbi4;492;2;0;16;1012011;42412;2;1012;72.5;Powiat radomszczaÒski;1441.229323;125.7545581;8.725506492;2.07;833;57.79788039;1190.9;82.63084725;3942.602815;0;3;OR_N2;;;;;;;;;1;1
2r9sbu8lhl93;493;2;1;18;;;;;;;;;;;;;;;;;;OR_C2;;;;;;;;;0;1
42srw7uo87m7;494;2;1;17;1009052;4876;3;1009;59.1;Powiat pajÍczaÒski;803.0385073;66.0912157;8.230142776;16.28;280;34.8675683;627.1;78.09090029;3590.790245;0;3;OR_C2;;;;;;;;;1;0
48rka8fno834;495;2;1;17;1001072;8116;3;1001;110.8;Powiat be≥chatowski;966.2626658;198.2751399;20.51979724;14.05;961;99.45535868;943.4;97.63390778;6150.382231;0;2;OR_C2;;;;;;;;;0;0
4a9gl6njo9uk;496;2;0;18;1020011;12956;2;1020;193.4;Powiat zgierski;853.9990645;182.2143352;21.33659658;2.18;888;103.9813785;1106.6;129.5785963;4850.81326;62.99420572;0;OR_C2;;;;;;;;;0;0
4bu4ne3uhm37;497;2;1;17;1001072;8116;3;1001;110.8;Powiat be≥chatowski;966.2626658;198.2751399;20.51979724;14.05;961;99.45535868;943.4;97.63390778;5919.398048;1192.876914;0;OR_C2;;;;;;;;;1;0
622nvb4dbl76;498;2;1;18;1061011;645693;1;1061;2182.1;Powiat m. £Ûdü;292.8501406;1049.525352;358.3830796;4.03;2296;784.0187459;763.4;260.6794036;12042.24721;11524.08415;7;OR_C2;;;;;;;;;0;0
6ki3s8kdc7f8;499;2;1;18;1020044;22023;2;1020;193.4;Powiat zgierski;853.9990645;182.2143352;21.33659658;2.18;888;103.9813785;1106.6;129.5785963;8016.165447;0;0;OR_C2;;;;;;;;;1;0
7hr22ben944c;500;2;0;16;1006082;5811;3;1006;151;Powiat ≥Ûdzki wschodni;499.1387193;129.2560513;25.89581739;10.7;448;89.75460783;667;133.6301862;5748.39385;264.4064392;4;OR_C2;;;;;;;;;1;1
9as67mid33v9;501;2;0;12;1061011;645693;1;1061;2182.1;Powiat m. £Ûdü;292.8501406;1049.525352;358.3830796;4.03;2296;784.0187459;763.4;260.6794036;9968.674416;2576.345711;12;OR_C2;;;;;;;;;1;1
9i7uig8jkh73;502;2;1;16;1061011;645693;1;1061;2182.1;Powiat m. £Ûdü;292.8501406;1049.525352;358.3830796;4.03;2296;784.0187459;763.4;260.6794036;8115.117899;8813.702188;3;OR_C2;;;;;;;;;0;0
9yl3yai8bbi4;503;2;0;16;1012011;42412;2;1012;72.5;Powiat radomszczaÒski;1441.229323;125.7545581;8.725506492;2.07;833;57.79788039;1190.9;82.63084725;3942.602815;0;3;OR_C2;;;;;;;;;1;1
9ua7446fnv2m;504;2;0;17;1061011;645693;1;1061;2182.1;Powiat m. £Ûdü;292.8501406;1049.525352;358.3830796;4.03;2296;784.0187459;763.4;260.6794036;8310.749872;8454.752167;10;OR_N2;;;;;;;;;0;0
7je7ywm6kmh8;505;2;1;17;1008052;7656;3;1008;240.6;Powiat pabianicki;491.5247438;135.3532664;27.53742677;4.91;456;92.77254212;567.3;115.4163665;6647.570755;517.4324384;6;OR_N2;;;;;;;;;0;0
48ek47wgz9b6;506;2;0;16;1061011;645693;1;1061;2182.1;Powiat m. £Ûdü;292.8501406;1049.525352;358.3830796;4.03;2296;784.0187459;763.4;260.6794036;5028.78006;13654.93176;1;OR_N2;;;;;;;;;0;0
6s9dlj6zni43;507;2;1;14;1061011;645693;1;1061;2182.1;Powiat m. £Ûdü;292.8501406;1049.525352;358.3830796;4.03;2296;784.0187459;763.4;260.6794036;9606.731195;2915.68441;15;OR_C1;;;;;;;;;1;1
9ua7446fnv2m;508;2;0;17;1061011;645693;1;1061;2182.1;Powiat m. £Ûdü;292.8501406;1049.525352;358.3830796;4.03;2296;784.0187459;763.4;260.6794036;8310.749872;8454.752167;10;OR_C1;;;;;;;;;0;0
7je7ywm6kmh8;509;2;1;17;1008052;7656;3;1008;240.6;Powiat pabianicki;491.5247438;135.3532664;27.53742677;4.91;456;92.77254212;567.3;115.4163665;6647.570755;517.4324384;6;OR_C1;;;;;;;;;0;0
8um48a6lg494;510;2;0;17;1061011;645693;1;1061;2182.1;Powiat m. £Ûdü;292.8501406;1049.525352;358.3830796;4.03;2296;784.0187459;763.4;260.6794036;12238.80328;6004.743052;9;OR_C1;;;;;;;;;0;0
48ek47wgz9b6;511;2;0;16;1061011;645693;1;1061;2182.1;Powiat m. £Ûdü;292.8501406;1049.525352;358.3830796;4.03;2296;784.0187459;763.4;260.6794036;5028.78006;13654.93176;1;OR_C1;;;;;;;;;0;0
6v4ru436byk2;512;2;0;17;1061011;645693;1;1061;2182.1;Powiat m. £Ûdü;292.8501406;1049.525352;358.3830796;4.03;2296;784.0187459;763.4;260.6794036;12475.11073;6376.522371;10;OR_N1;;;;;;;;;0;0
3h9whv6hwy29;513;2;1;16;1061011;645693;1;1061;2182.1;Powiat m. £Ûdü;292.8501406;1049.525352;358.3830796;4.03;2296;784.0187459;763.4;260.6794036;9182.411974;10922.56924;10;OR_N1;;;;;;;;;0;0
4s77njg9r64i;514;2;0;16;1061011;645693;1;1061;2182.1;Powiat m. £Ûdü;292.8501406;1049.525352;358.3830796;4.03;2296;784.0187459;763.4;260.6794036;15606.31315;10705.90057;11;OR_N1;;;;;;;;;0;0
9ua7446fnv2m;515;2;0;17;1061011;645693;1;1061;2182.1;Powiat m. £Ûdü;292.8501406;1049.525352;358.3830796;4.03;2296;784.0187459;763.4;260.6794036;8310.749872;8454.752167;10;OR_N1;;;;;;;;;1;0
7je7ywm6kmh8;516;2;1;17;1008052;7656;3;1008;240.6;Powiat pabianicki;491.5247438;135.3532664;27.53742677;4.91;456;92.77254212;567.3;115.4163665;6647.570755;517.4324384;6;OR_N1;;;;;;;;;1;1
2iou8kkj9iwm;517;2;1;16;1006075;10788;2;1006;151;Powiat ≥Ûdzki wschodni;499.1387193;129.2560513;25.89581739;10.7;448;89.75460783;667;133.6301862;2607.490201;0;0;OR_N1;;;;;;;;;0;0
3on3vhz6zrn8;518;2;1;16;1061011;645693;1;1061;2182.1;Powiat m. £Ûdü;292.8501406;1049.525352;358.3830796;4.03;2296;784.0187459;763.4;260.6794036;11298.68502;4710.591122;10;OR_C2;;;;;;;;;0;0
77l6ahj37zi9;519;2;0;16;1061011;645693;1;1061;2182.1;Powiat m. £Ûdü;292.8501406;1049.525352;358.3830796;4.03;2296;784.0187459;763.4;260.6794036;11707.19358;6415.980739;24;OR_C2;;;;;;;;;0;0
7je7ywm6kmh8;520;2;1;17;1008052;7656;3;1008;240.6;Powiat pabianicki;491.5247438;135.3532664;27.53742677;4.91;456;92.77254212;567.3;115.4163665;6647.570755;517.4324384;6;OR_C2;;;;;;;;;0;0
48ek47wgz9b6;521;2;0;16;1061011;645693;1;1061;2182.1;Powiat m. £Ûdü;292.8501406;1049.525352;358.3830796;4.03;2296;784.0187459;763.4;260.6794036;5028.78006;13654.93176;1;OR_C2;;;;;;;;;0;0
2r9sbu8lhl93;522;2;1;18;;;;;;;;;;;;;;;;;;OR_C1;;;;;;;;;0;0
3j9irh9sxs33;523;2;1;17;1061011;645693;1;1061;2182.1;Powiat m. £Ûdü;292.8501406;1049.525352;358.3830796;4.03;2296;784.0187459;763.4;260.6794036;11022.37966;134.7830001;7;OR_C1;;;;;;;;;1;0
48rka8fno834;524;2;1;17;1001072;8116;3;1001;110.8;Powiat be≥chatowski;966.2626658;198.2751399;20.51979724;14.05;961;99.45535868;943.4;97.63390778;6150.382231;0;2;OR_C1;;;;;;;;;0;0
4a9gl6njo9uk;525;2;0;18;1020011;12956;2;1020;193.4;Powiat zgierski;853.9990645;182.2143352;21.33659658;2.18;888;103.9813785;1106.6;129.5785963;4850.81326;62.99420572;0;OR_C1;;;;;;;;;0;0
4bu4ne3uhm37;526;2;1;17;1001072;8116;3;1001;110.8;Powiat be≥chatowski;966.2626658;198.2751399;20.51979724;14.05;961;99.45535868;943.4;97.63390778;5919.398048;1192.876914;0;OR_C1;;;;;;;;;1;0
622nvb4dbl76;527;2;1;18;1061011;645693;1;1061;2182.1;Powiat m. £Ûdü;292.8501406;1049.525352;358.3830796;4.03;2296;784.0187459;763.4;260.6794036;12042.24721;11524.08415;7;OR_C1;;;;;;;;;0;0
6ki3s8kdc7f8;528;2;1;18;1020044;22023;2;1020;193.4;Powiat zgierski;853.9990645;182.2143352;21.33659658;2.18;888;103.9813785;1106.6;129.5785963;8016.165447;0;0;OR_C1;;;;;;;;;1;1
98an97hyj4u3;529;2;1;18;1016104;1499;3;1016;106;Powiat tomaszowski;1023.091277;198.4567764;19.39775862;7.99;616;60.20968156;975.8;95.3776092;6204.480806;3363.612962;2;OR_C1;;;;;;;;;1;0
9as67mid33v9;530;2;0;12;1061011;645693;1;1061;2182.1;Powiat m. £Ûdü;292.8501406;1049.525352;358.3830796;4.03;2296;784.0187459;763.4;260.6794036;9968.674416;2576.345711;12;OR_C1;;;;;;;;;1;1
9uk9pp7smb64;531;2;0;11;1061011;645693;1;1061;2182.1;Powiat m. £Ûdü;292.8501406;1049.525352;358.3830796;4.03;2296;784.0187459;763.4;260.6794036;6376.283067;15756.69428;0;OR_C1;;;;;;;;;0;0
3j9irh9sxs33;483;3;1;17;1061011;645693;1;1061;2182.1;Powiat m. £Ûdü;292.8501406;1049.525352;358.3830796;4.03;2296;784.0187459;763.4;260.6794036;11022.37966;134.7830001;7;OR_N2;;;;;;;;;0;0
48rka8fno834;484;3;1;17;1001072;8116;3;1001;110.8;Powiat be≥chatowski;966.2626658;198.2751399;20.51979724;14.05;961;99.45535868;943.4;97.63390778;6150.382231;0;2;OR_N2;;;;;;;;;1;0
4j7xjz2w3fr4;485;3;1;13;1061011;645693;1;1061;2182.1;Powiat m. £Ûdü;292.8501406;1049.525352;358.3830796;4.03;2296;784.0187459;763.4;260.6794036;9675.510758;1637.468546;2;OR_N2;;;;;;;;;0;0
4zh87sa8kbc6;486;3;1;18;1061011;645693;1;1061;2182.1;Powiat m. £Ûdü;292.8501406;1049.525352;358.3830796;4.03;2296;784.0187459;763.4;260.6794036;5802.245796;655.8743772;2;OR_N2;;;;;;;;;0;0
622nvb4dbl76;487;3;1;18;1061011;645693;1;1061;2182.1;Powiat m. £Ûdü;292.8501406;1049.525352;358.3830796;4.03;2296;784.0187459;763.4;260.6794036;12042.24721;11524.08415;7;OR_N2;;;;;;;;;1;0
6ki3s8kdc7f8;488;3;1;18;1020044;22023;2;1020;193.4;Powiat zgierski;853.9990645;182.2143352;21.33659658;2.18;888;103.9813785;1106.6;129.5785963;8016.165447;0;0;OR_N2;;;;;;;;;1;0
98an97hyj4u3;489;3;1;18;1016104;1499;3;1016;106;Powiat tomaszowski;1023.091277;198.4567764;19.39775862;7.99;616;60.20968156;975.8;95.3776092;6204.480806;3363.612962;2;OR_N2;;;;;;;;;1;0
9as67mid33v9;490;3;0;12;1061011;645693;1;1061;2182.1;Powiat m. £Ûdü;292.8501406;1049.525352;358.3830796;4.03;2296;784.0187459;763.4;260.6794036;9968.674416;2576.345711;12;OR_N2;;;;;;;;;0;0
9i7uig8jkh73;491;3;1;16;1061011;645693;1;1061;2182.1;Powiat m. £Ûdü;292.8501406;1049.525352;358.3830796;4.03;2296;784.0187459;763.4;260.6794036;8115.117899;8813.702188;3;OR_N2;;;;;;;;;0;0
9yl3yai8bbi4;492;3;0;16;1012011;42412;2;1012;72.5;Powiat radomszczaÒski;1441.229323;125.7545581;8.725506492;2.07;833;57.79788039;1190.9;82.63084725;3942.602815;0;3;OR_N2;;;;;;;;;1;0
2r9sbu8lhl93;493;3;1;18;;;;;;;;;;;;;;;;;;OR_C2;;;;;;;;;0;0
42srw7uo87m7;494;3;1;17;1009052;4876;3;1009;59.1;Powiat pajÍczaÒski;803.0385073;66.0912157;8.230142776;16.28;280;34.8675683;627.1;78.09090029;3590.790245;0;3;OR_C2;;;;;;;;;1;0
48rka8fno834;495;3;1;17;1001072;8116;3;1001;110.8;Powiat be≥chatowski;966.2626658;198.2751399;20.51979724;14.05;961;99.45535868;943.4;97.63390778;6150.382231;0;2;OR_C2;;;;;;;;;0;0
4a9gl6njo9uk;496;3;0;18;1020011;12956;2;1020;193.4;Powiat zgierski;853.9990645;182.2143352;21.33659658;2.18;888;103.9813785;1106.6;129.5785963;4850.81326;62.99420572;0;OR_C2;;;;;;;;;0;0
4bu4ne3uhm37;497;3;1;17;1001072;8116;3;1001;110.8;Powiat be≥chatowski;966.2626658;198.2751399;20.51979724;14.05;961;99.45535868;943.4;97.63390778;5919.398048;1192.876914;0;OR_C2;;;;;;;;;1;0
622nvb4dbl76;498;3;1;18;1061011;645693;1;1061;2182.1;Powiat m. £Ûdü;292.8501406;1049.525352;358.3830796;4.03;2296;784.0187459;763.4;260.6794036;12042.24721;11524.08415;7;OR_C2;;;;;;;;;0;0
6ki3s8kdc7f8;499;3;1;18;1020044;22023;2;1020;193.4;Powiat zgierski;853.9990645;182.2143352;21.33659658;2.18;888;103.9813785;1106.6;129.5785963;8016.165447;0;0;OR_C2;;;;;;;;;1;0
7hr22ben944c;500;3;0;16;1006082;5811;3;1006;151;Powiat ≥Ûdzki wschodni;499.1387193;129.2560513;25.89581739;10.7;448;89.75460783;667;133.6301862;5748.39385;264.4064392;4;OR_C2;;;;;;;;;1;0
9as67mid33v9;501;3;0;12;1061011;645693;1;1061;2182.1;Powiat m. £Ûdü;292.8501406;1049.525352;358.3830796;4.03;2296;784.0187459;763.4;260.6794036;9968.674416;2576.345711;12;OR_C2;;;;;;;;;1;1
9i7uig8jkh73;502;3;1;16;1061011;645693;1;1061;2182.1;Powiat m. £Ûdü;292.8501406;1049.525352;358.3830796;4.03;2296;784.0187459;763.4;260.6794036;8115.117899;8813.702188;3;OR_C2;;;;;;;;;0;0
9yl3yai8bbi4;503;3;0;16;1012011;42412;2;1012;72.5;Powiat radomszczaÒski;1441.229323;125.7545581;8.725506492;2.07;833;57.79788039;1190.9;82.63084725;3942.602815;0;3;OR_C2;;;;;;;;;1;0
9ua7446fnv2m;504;3;0;17;1061011;645693;1;1061;2182.1;Powiat m. £Ûdü;292.8501406;1049.525352;358.3830796;4.03;2296;784.0187459;763.4;260.6794036;8310.749872;8454.752167;10;OR_N2;;;;;;;;;0;0
7je7ywm6kmh8;505;3;1;17;1008052;7656;3;1008;240.6;Powiat pabianicki;491.5247438;135.3532664;27.53742677;4.91;456;92.77254212;567.3;115.4163665;6647.570755;517.4324384;6;OR_N2;;;;;;;;;0;0
48ek47wgz9b6;506;3;0;16;1061011;645693;1;1061;2182.1;Powiat m. £Ûdü;292.8501406;1049.525352;358.3830796;4.03;2296;784.0187459;763.4;260.6794036;5028.78006;13654.93176;1;OR_N2;;;;;;;;;0;0
6s9dlj6zni43;507;3;1;14;1061011;645693;1;1061;2182.1;Powiat m. £Ûdü;292.8501406;1049.525352;358.3830796;4.03;2296;784.0187459;763.4;260.6794036;9606.731195;2915.68441;15;OR_C1;;;;;;;;;1;0
9ua7446fnv2m;508;3;0;17;1061011;645693;1;1061;2182.1;Powiat m. £Ûdü;292.8501406;1049.525352;358.3830796;4.03;2296;784.0187459;763.4;260.6794036;8310.749872;8454.752167;10;OR_C1;;;;;;;;;0;0
7je7ywm6kmh8;509;3;1;17;1008052;7656;3;1008;240.6;Powiat pabianicki;491.5247438;135.3532664;27.53742677;4.91;456;92.77254212;567.3;115.4163665;6647.570755;517.4324384;6;OR_C1;;;;;;;;;0;0
8um48a6lg494;510;3;0;17;1061011;645693;1;1061;2182.1;Powiat m. £Ûdü;292.8501406;1049.525352;358.3830796;4.03;2296;784.0187459;763.4;260.6794036;12238.80328;6004.743052;9;OR_C1;;;;;;;;;0;0
48ek47wgz9b6;511;3;0;16;1061011;645693;1;1061;2182.1;Powiat m. £Ûdü;292.8501406;1049.525352;358.3830796;4.03;2296;784.0187459;763.4;260.6794036;5028.78006;13654.93176;1;OR_C1;;;;;;;;;0;0
6v4ru436byk2;512;3;0;17;1061011;645693;1;1061;2182.1;Powiat m. £Ûdü;292.8501406;1049.525352;358.3830796;4.03;2296;784.0187459;763.4;260.6794036;12475.11073;6376.522371;10;OR_N1;;;;;;;;;0;0
3h9whv6hwy29;513;3;1;16;1061011;645693;1;1061;2182.1;Powiat m. £Ûdü;292.8501406;1049.525352;358.3830796;4.03;2296;784.0187459;763.4;260.6794036;9182.411974;10922.56924;10;OR_N1;;;;;;;;;0;0
4s77njg9r64i;514;3;0;16;1061011;645693;1;1061;2182.1;Powiat m. £Ûdü;292.8501406;1049.525352;358.3830796;4.03;2296;784.0187459;763.4;260.6794036;15606.31315;10705.90057;11;OR_N1;;;;;;;;;0;0
9ua7446fnv2m;515;3;0;17;1061011;645693;1;1061;2182.1;Powiat m. £Ûdü;292.8501406;1049.525352;358.3830796;4.03;2296;784.0187459;763.4;260.6794036;8310.749872;8454.752167;10;OR_N1;;;;;;;;;1;0
7je7ywm6kmh8;516;3;1;17;1008052;7656;3;1008;240.6;Powiat pabianicki;491.5247438;135.3532664;27.53742677;4.91;456;92.77254212;567.3;115.4163665;6647.570755;517.4324384;6;OR_N1;;;;;;;;;1;1
2iou8kkj9iwm;517;3;1;16;1006075;10788;2;1006;151;Powiat ≥Ûdzki wschodni;499.1387193;129.2560513;25.89581739;10.7;448;89.75460783;667;133.6301862;2607.490201;0;0;OR_N1;;;;;;;;;0;0
3on3vhz6zrn8;518;3;1;16;1061011;645693;1;1061;2182.1;Powiat m. £Ûdü;292.8501406;1049.525352;358.3830796;4.03;2296;784.0187459;763.4;260.6794036;11298.68502;4710.591122;10;OR_C2;;;;;;;;;0;0
77l6ahj37zi9;519;3;0;16;1061011;645693;1;1061;2182.1;Powiat m. £Ûdü;292.8501406;1049.525352;358.3830796;4.03;2296;784.0187459;763.4;260.6794036;11707.19358;6415.980739;24;OR_C2;;;;;;;;;0;0
7je7ywm6kmh8;520;3;1;17;1008052;7656;3;1008;240.6;Powiat pabianicki;491.5247438;135.3532664;27.53742677;4.91;456;92.77254212;567.3;115.4163665;6647.570755;517.4324384;6;OR_C2;;;;;;;;;0;0
48ek47wgz9b6;521;3;0;16;1061011;645693;1;1061;2182.1;Powiat m. £Ûdü;292.8501406;1049.525352;358.3830796;4.03;2296;784.0187459;763.4;260.6794036;5028.78006;13654.93176;1;OR_C2;;;;;;;;;0;0
2r9sbu8lhl93;522;3;1;18;;;;;;;;;;;;;;;;;;OR_C1;;;;;;;;;0;0
3j9irh9sxs33;523;3;1;17;1061011;645693;1;1061;2182.1;Powiat m. £Ûdü;292.8501406;1049.525352;358.3830796;4.03;2296;784.0187459;763.4;260.6794036;11022.37966;134.7830001;7;OR_C1;;;;;;;;;1;0
48rka8fno834;524;3;1;17;1001072;8116;3;1001;110.8;Powiat be≥chatowski;966.2626658;198.2751399;20.51979724;14.05;961;99.45535868;943.4;97.63390778;6150.382231;0;2;OR_C1;;;;;;;;;0;0
4a9gl6njo9uk;525;3;0;18;1020011;12956;2;1020;193.4;Powiat zgierski;853.9990645;182.2143352;21.33659658;2.18;888;103.9813785;1106.6;129.5785963;4850.81326;62.99420572;0;OR_C1;;;;;;;;;0;0
4bu4ne3uhm37;526;3;1;17;1001072;8116;3;1001;110.8;Powiat be≥chatowski;966.2626658;198.2751399;20.51979724;14.05;961;99.45535868;943.4;97.63390778;5919.398048;1192.876914;0;OR_C1;;;;;;;;;1;0
622nvb4dbl76;527;3;1;18;1061011;645693;1;1061;2182.1;Powiat m. £Ûdü;292.8501406;1049.525352;358.3830796;4.03;2296;784.0187459;763.4;260.6794036;12042.24721;11524.08415;7;OR_C1;;;;;;;;;0;0
6ki3s8kdc7f8;528;3;1;18;1020044;22023;2;1020;193.4;Powiat zgierski;853.9990645;182.2143352;21.33659658;2.18;888;103.9813785;1106.6;129.5785963;8016.165447;0;0;OR_C1;;;;;;;;;1;0
98an97hyj4u3;529;3;1;18;1016104;1499;3;1016;106;Powiat tomaszowski;1023.091277;198.4567764;19.39775862;7.99;616;60.20968156;975.8;95.3776092;6204.480806;3363.612962;2;OR_C1;;;;;;;;;1;0
9as67mid33v9;530;3;0;12;1061011;645693;1;1061;2182.1;Powiat m. £Ûdü;292.8501406;1049.525352;358.3830796;4.03;2296;784.0187459;763.4;260.6794036;9968.674416;2576.345711;12;OR_C1;;;;;;;;;1;0
9uk9pp7smb64;531;3;0;11;1061011;645693;1;1061;2182.1;Powiat m. £Ûdü;292.8501406;1049.525352;358.3830796;4.03;2296;784.0187459;763.4;260.6794036;6376.283067;15756.69428;0;OR_C1;;;;;;;;;0;0
3j9irh9sxs33;483;4;1;17;1061011;645693;1;1061;2182.1;Powiat m. £Ûdü;292.8501406;1049.525352;358.3830796;4.03;2296;784.0187459;763.4;260.6794036;11022.37966;134.7830001;7;OR_N2;;;;;;;;;0;1
48rka8fno834;484;4;1;17;1001072;8116;3;1001;110.8;Powiat be≥chatowski;966.2626658;198.2751399;20.51979724;14.05;961;99.45535868;943.4;97.63390778;6150.382231;0;2;OR_N2;;;;;;;;;1;0
4j7xjz2w3fr4;485;4;1;13;1061011;645693;1;1061;2182.1;Powiat m. £Ûdü;292.8501406;1049.525352;358.3830796;4.03;2296;784.0187459;763.4;260.6794036;9675.510758;1637.468546;2;OR_N2;;;;;;;;;0;0
4zh87sa8kbc6;486;4;1;18;1061011;645693;1;1061;2182.1;Powiat m. £Ûdü;292.8501406;1049.525352;358.3830796;4.03;2296;784.0187459;763.4;260.6794036;5802.245796;655.8743772;2;OR_N2;;;;;;;;;0;0
622nvb4dbl76;487;4;1;18;1061011;645693;1;1061;2182.1;Powiat m. £Ûdü;292.8501406;1049.525352;358.3830796;4.03;2296;784.0187459;763.4;260.6794036;12042.24721;11524.08415;7;OR_N2;;;;;;;;;1;1
6ki3s8kdc7f8;488;4;1;18;1020044;22023;2;1020;193.4;Powiat zgierski;853.9990645;182.2143352;21.33659658;2.18;888;103.9813785;1106.6;129.5785963;8016.165447;0;0;OR_N2;;;;;;;;;1;0
98an97hyj4u3;489;4;1;18;1016104;1499;3;1016;106;Powiat tomaszowski;1023.091277;198.4567764;19.39775862;7.99;616;60.20968156;975.8;95.3776092;6204.480806;3363.612962;2;OR_N2;;;;;;;;;1;1
9as67mid33v9;490;4;0;12;1061011;645693;1;1061;2182.1;Powiat m. £Ûdü;292.8501406;1049.525352;358.3830796;4.03;2296;784.0187459;763.4;260.6794036;9968.674416;2576.345711;12;OR_N2;;;;;;;;;0;0
9i7uig8jkh73;491;4;1;16;1061011;645693;1;1061;2182.1;Powiat m. £Ûdü;292.8501406;1049.525352;358.3830796;4.03;2296;784.0187459;763.4;260.6794036;8115.117899;8813.702188;3;OR_N2;;;;;;;;;0;0
9yl3yai8bbi4;492;4;0;16;1012011;42412;2;1012;72.5;Powiat radomszczaÒski;1441.229323;125.7545581;8.725506492;2.07;833;57.79788039;1190.9;82.63084725;3942.602815;0;3;OR_N2;;;;;;;;;1;0
2r9sbu8lhl93;493;4;1;18;;;;;;;;;;;;;;;;;;OR_C2;;;;;;;;;0;0
42srw7uo87m7;494;4;1;17;1009052;4876;3;1009;59.1;Powiat pajÍczaÒski;803.0385073;66.0912157;8.230142776;16.28;280;34.8675683;627.1;78.09090029;3590.790245;0;3;OR_C2;;;;;;;;;1;1
48rka8fno834;495;4;1;17;1001072;8116;3;1001;110.8;Powiat be≥chatowski;966.2626658;198.2751399;20.51979724;14.05;961;99.45535868;943.4;97.63390778;6150.382231;0;2;OR_C2;;;;;;;;;0;0
4a9gl6njo9uk;496;4;0;18;1020011;12956;2;1020;193.4;Powiat zgierski;853.9990645;182.2143352;21.33659658;2.18;888;103.9813785;1106.6;129.5785963;4850.81326;62.99420572;0;OR_C2;;;;;;;;;0;0
4bu4ne3uhm37;497;4;1;17;1001072;8116;3;1001;110.8;Powiat be≥chatowski;966.2626658;198.2751399;20.51979724;14.05;961;99.45535868;943.4;97.63390778;5919.398048;1192.876914;0;OR_C2;;;;;;;;;1;0
622nvb4dbl76;498;4;1;18;1061011;645693;1;1061;2182.1;Powiat m. £Ûdü;292.8501406;1049.525352;358.3830796;4.03;2296;784.0187459;763.4;260.6794036;12042.24721;11524.08415;7;OR_C2;;;;;;;;;0;0
6ki3s8kdc7f8;499;4;1;18;1020044;22023;2;1020;193.4;Powiat zgierski;853.9990645;182.2143352;21.33659658;2.18;888;103.9813785;1106.6;129.5785963;8016.165447;0;0;OR_C2;;;;;;;;;1;1
7hr22ben944c;500;4;0;16;1006082;5811;3;1006;151;Powiat ≥Ûdzki wschodni;499.1387193;129.2560513;25.89581739;10.7;448;89.75460783;667;133.6301862;5748.39385;264.4064392;4;OR_C2;;;;;;;;;1;1
9as67mid33v9;501;4;0;12;1061011;645693;1;1061;2182.1;Powiat m. £Ûdü;292.8501406;1049.525352;358.3830796;4.03;2296;784.0187459;763.4;260.6794036;9968.674416;2576.345711;12;OR_C2;;;;;;;;;1;0
9i7uig8jkh73;502;4;1;16;1061011;645693;1;1061;2182.1;Powiat m. £Ûdü;292.8501406;1049.525352;358.3830796;4.03;2296;784.0187459;763.4;260.6794036;8115.117899;8813.702188;3;OR_C2;;;;;;;;;0;0
9yl3yai8bbi4;503;4;0;16;1012011;42412;2;1012;72.5;Powiat radomszczaÒski;1441.229323;125.7545581;8.725506492;2.07;833;57.79788039;1190.9;82.63084725;3942.602815;0;3;OR_C2;;;;;;;;;1;1
9ua7446fnv2m;504;4;0;17;1061011;645693;1;1061;2182.1;Powiat m. £Ûdü;292.8501406;1049.525352;358.3830796;4.03;2296;784.0187459;763.4;260.6794036;8310.749872;8454.752167;10;OR_N2;;;;;;;;;0;0
7je7ywm6kmh8;505;4;1;17;1008052;7656;3;1008;240.6;Powiat pabianicki;491.5247438;135.3532664;27.53742677;4.91;456;92.77254212;567.3;115.4163665;6647.570755;517.4324384;6;OR_N2;;;;;;;;;0;1
48ek47wgz9b6;506;4;0;16;1061011;645693;1;1061;2182.1;Powiat m. £Ûdü;292.8501406;1049.525352;358.3830796;4.03;2296;784.0187459;763.4;260.6794036;5028.78006;13654.93176;1;OR_N2;;;;;;;;;0;0
6s9dlj6zni43;507;4;1;14;1061011;645693;1;1061;2182.1;Powiat m. £Ûdü;292.8501406;1049.525352;358.3830796;4.03;2296;784.0187459;763.4;260.6794036;9606.731195;2915.68441;15;OR_C1;;;;;;;;;1;0
9ua7446fnv2m;508;4;0;17;1061011;645693;1;1061;2182.1;Powiat m. £Ûdü;292.8501406;1049.525352;358.3830796;4.03;2296;784.0187459;763.4;260.6794036;8310.749872;8454.752167;10;OR_C1;;;;;;;;;0;0
7je7ywm6kmh8;509;4;1;17;1008052;7656;3;1008;240.6;Powiat pabianicki;491.5247438;135.3532664;27.53742677;4.91;456;92.77254212;567.3;115.4163665;6647.570755;517.4324384;6;OR_C1;;;;;;;;;0;1
8um48a6lg494;510;4;0;17;1061011;645693;1;1061;2182.1;Powiat m. £Ûdü;292.8501406;1049.525352;358.3830796;4.03;2296;784.0187459;763.4;260.6794036;12238.80328;6004.743052;9;OR_C1;;;;;;;;;0;0
48ek47wgz9b6;511;4;0;16;1061011;645693;1;1061;2182.1;Powiat m. £Ûdü;292.8501406;1049.525352;358.3830796;4.03;2296;784.0187459;763.4;260.6794036;5028.78006;13654.93176;1;OR_C1;;;;;;;;;0;1
6v4ru436byk2;512;4;0;17;1061011;645693;1;1061;2182.1;Powiat m. £Ûdü;292.8501406;1049.525352;358.3830796;4.03;2296;784.0187459;763.4;260.6794036;12475.11073;6376.522371;10;OR_N1;;;;;;;;;0;0
3h9whv6hwy29;513;4;1;16;1061011;645693;1;1061;2182.1;Powiat m. £Ûdü;292.8501406;1049.525352;358.3830796;4.03;2296;784.0187459;763.4;260.6794036;9182.411974;10922.56924;10;OR_N1;;;;;;;;;0;0
4s77njg9r64i;514;4;0;16;1061011;645693;1;1061;2182.1;Powiat m. £Ûdü;292.8501406;1049.525352;358.3830796;4.03;2296;784.0187459;763.4;260.6794036;15606.31315;10705.90057;11;OR_N1;;;;;;;;;0;0
9ua7446fnv2m;515;4;0;17;1061011;645693;1;1061;2182.1;Powiat m. £Ûdü;292.8501406;1049.525352;358.3830796;4.03;2296;784.0187459;763.4;260.6794036;8310.749872;8454.752167;10;OR_N1;;;;;;;;;1;0
7je7ywm6kmh8;516;4;1;17;1008052;7656;3;1008;240.6;Powiat pabianicki;491.5247438;135.3532664;27.53742677;4.91;456;92.77254212;567.3;115.4163665;6647.570755;517.4324384;6;OR_N1;;;;;;;;;1;0
2iou8kkj9iwm;517;4;1;16;1006075;10788;2;1006;151;Powiat ≥Ûdzki wschodni;499.1387193;129.2560513;25.89581739;10.7;448;89.75460783;667;133.6301862;2607.490201;0;0;OR_N1;;;;;;;;;0;0
3on3vhz6zrn8;518;4;1;16;1061011;645693;1;1061;2182.1;Powiat m. £Ûdü;292.8501406;1049.525352;358.3830796;4.03;2296;784.0187459;763.4;260.6794036;11298.68502;4710.591122;10;OR_C2;;;;;;;;;0;0
77l6ahj37zi9;519;4;0;16;1061011;645693;1;1061;2182.1;Powiat m. £Ûdü;292.8501406;1049.525352;358.3830796;4.03;2296;784.0187459;763.4;260.6794036;11707.19358;6415.980739;24;OR_C2;;;;;;;;;0;0
7je7ywm6kmh8;520;4;1;17;1008052;7656;3;1008;240.6;Powiat pabianicki;491.5247438;135.3532664;27.53742677;4.91;456;92.77254212;567.3;115.4163665;6647.570755;517.4324384;6;OR_C2;;;;;;;;;0;1
48ek47wgz9b6;521;4;0;16;1061011;645693;1;1061;2182.1;Powiat m. £Ûdü;292.8501406;1049.525352;358.3830796;4.03;2296;784.0187459;763.4;260.6794036;5028.78006;13654.93176;1;OR_C2;;;;;;;;;0;0
2r9sbu8lhl93;522;4;1;18;;;;;;;;;;;;;;;;;;OR_C1;;;;;;;;;0;0
3j9irh9sxs33;523;4;1;17;1061011;645693;1;1061;2182.1;Powiat m. £Ûdü;292.8501406;1049.525352;358.3830796;4.03;2296;784.0187459;763.4;260.6794036;11022.37966;134.7830001;7;OR_C1;;;;;;;;;1;1
48rka8fno834;524;4;1;17;1001072;8116;3;1001;110.8;Powiat be≥chatowski;966.2626658;198.2751399;20.51979724;14.05;961;99.45535868;943.4;97.63390778;6150.382231;0;2;OR_C1;;;;;;;;;0;0
4a9gl6njo9uk;525;4;0;18;1020011;12956;2;1020;193.4;Powiat zgierski;853.9990645;182.2143352;21.33659658;2.18;888;103.9813785;1106.6;129.5785963;4850.81326;62.99420572;0;OR_C1;;;;;;;;;0;0
4bu4ne3uhm37;526;4;1;17;1001072;8116;3;1001;110.8;Powiat be≥chatowski;966.2626658;198.2751399;20.51979724;14.05;961;99.45535868;943.4;97.63390778;5919.398048;1192.876914;0;OR_C1;;;;;;;;;1;0
622nvb4dbl76;527;4;1;18;1061011;645693;1;1061;2182.1;Powiat m. £Ûdü;292.8501406;1049.525352;358.3830796;4.03;2296;784.0187459;763.4;260.6794036;12042.24721;11524.08415;7;OR_C1;;;;;;;;;0;1
6ki3s8kdc7f8;528;4;1;18;1020044;22023;2;1020;193.4;Powiat zgierski;853.9990645;182.2143352;21.33659658;2.18;888;103.9813785;1106.6;129.5785963;8016.165447;0;0;OR_C1;;;;;;;;;1;1
98an97hyj4u3;529;4;1;18;1016104;1499;3;1016;106;Powiat tomaszowski;1023.091277;198.4567764;19.39775862;7.99;616;60.20968156;975.8;95.3776092;6204.480806;3363.612962;2;OR_C1;;;;;;;;;1;1
9as67mid33v9;530;4;0;12;1061011;645693;1;1061;2182.1;Powiat m. £Ûdü;292.8501406;1049.525352;358.3830796;4.03;2296;784.0187459;763.4;260.6794036;9968.674416;2576.345711;12;OR_C1;;;;;;;;;1;0
9uk9pp7smb64;531;4;0;11;1061011;645693;1;1061;2182.1;Powiat m. £Ûdü;292.8501406;1049.525352;358.3830796;4.03;2296;784.0187459;763.4;260.6794036;6376.283067;15756.69428;0;OR_C1;;;;;;;;;0;0
3j9irh9sxs33;483;5;1;17;1061011;645693;1;1061;2182.1;Powiat m. £Ûdü;292.8501406;1049.525352;358.3830796;4.03;2296;784.0187459;763.4;260.6794036;11022.37966;134.7830001;7;OR_N2;;;;;;;;;0;0
48rka8fno834;484;5;1;17;1001072;8116;3;1001;110.8;Powiat be≥chatowski;966.2626658;198.2751399;20.51979724;14.05;961;99.45535868;943.4;97.63390778;6150.382231;0;2;OR_N2;;;;;;;;;1;1
4j7xjz2w3fr4;485;5;1;13;1061011;645693;1;1061;2182.1;Powiat m. £Ûdü;292.8501406;1049.525352;358.3830796;4.03;2296;784.0187459;763.4;260.6794036;9675.510758;1637.468546;2;OR_N2;;;;;;;;;0;0
4zh87sa8kbc6;486;5;1;18;1061011;645693;1;1061;2182.1;Powiat m. £Ûdü;292.8501406;1049.525352;358.3830796;4.03;2296;784.0187459;763.4;260.6794036;5802.245796;655.8743772;2;OR_N2;;;;;;;;;0;0
622nvb4dbl76;487;5;1;18;1061011;645693;1;1061;2182.1;Powiat m. £Ûdü;292.8501406;1049.525352;358.3830796;4.03;2296;784.0187459;763.4;260.6794036;12042.24721;11524.08415;7;OR_N2;;;;;;;;;1;0
6ki3s8kdc7f8;488;5;1;18;1020044;22023;2;1020;193.4;Powiat zgierski;853.9990645;182.2143352;21.33659658;2.18;888;103.9813785;1106.6;129.5785963;8016.165447;0;0;OR_N2;;;;;;;;;1;0
98an97hyj4u3;489;5;1;18;1016104;1499;3;1016;106;Powiat tomaszowski;1023.091277;198.4567764;19.39775862;7.99;616;60.20968156;975.8;95.3776092;6204.480806;3363.612962;2;OR_N2;;;;;;;;;1;1
9as67mid33v9;490;5;0;12;1061011;645693;1;1061;2182.1;Powiat m. £Ûdü;292.8501406;1049.525352;358.3830796;4.03;2296;784.0187459;763.4;260.6794036;9968.674416;2576.345711;12;OR_N2;;;;;;;;;0;0
9i7uig8jkh73;491;5;1;16;1061011;645693;1;1061;2182.1;Powiat m. £Ûdü;292.8501406;1049.525352;358.3830796;4.03;2296;784.0187459;763.4;260.6794036;8115.117899;8813.702188;3;OR_N2;;;;;;;;;0;0
9yl3yai8bbi4;492;5;0;16;1012011;42412;2;1012;72.5;Powiat radomszczaÒski;1441.229323;125.7545581;8.725506492;2.07;833;57.79788039;1190.9;82.63084725;3942.602815;0;3;OR_N2;;;;;;;;;1;0
2r9sbu8lhl93;493;5;1;18;;;;;;;;;;;;;;;;;;OR_C2;;;;;;;;;0;0
42srw7uo87m7;494;5;1;17;1009052;4876;3;1009;59.1;Powiat pajÍczaÒski;803.0385073;66.0912157;8.230142776;16.28;280;34.8675683;627.1;78.09090029;3590.790245;0;3;OR_C2;;;;;;;;;1;0
48rka8fno834;495;5;1;17;1001072;8116;3;1001;110.8;Powiat be≥chatowski;966.2626658;198.2751399;20.51979724;14.05;961;99.45535868;943.4;97.63390778;6150.382231;0;2;OR_C2;;;;;;;;;0;1
4a9gl6njo9uk;496;5;0;18;1020011;12956;2;1020;193.4;Powiat zgierski;853.9990645;182.2143352;21.33659658;2.18;888;103.9813785;1106.6;129.5785963;4850.81326;62.99420572;0;OR_C2;;;;;;;;;0;1
4bu4ne3uhm37;497;5;1;17;1001072;8116;3;1001;110.8;Powiat be≥chatowski;966.2626658;198.2751399;20.51979724;14.05;961;99.45535868;943.4;97.63390778;5919.398048;1192.876914;0;OR_C2;;;;;;;;;1;1
622nvb4dbl76;498;5;1;18;1061011;645693;1;1061;2182.1;Powiat m. £Ûdü;292.8501406;1049.525352;358.3830796;4.03;2296;784.0187459;763.4;260.6794036;12042.24721;11524.08415;7;OR_C2;;;;;;;;;0;1
6ki3s8kdc7f8;499;5;1;18;1020044;22023;2;1020;193.4;Powiat zgierski;853.9990645;182.2143352;21.33659658;2.18;888;103.9813785;1106.6;129.5785963;8016.165447;0;0;OR_C2;;;;;;;;;1;1
7hr22ben944c;500;5;0;16;1006082;5811;3;1006;151;Powiat ≥Ûdzki wschodni;499.1387193;129.2560513;25.89581739;10.7;448;89.75460783;667;133.6301862;5748.39385;264.4064392;4;OR_C2;;;;;;;;;1;1
9as67mid33v9;501;5;0;12;1061011;645693;1;1061;2182.1;Powiat m. £Ûdü;292.8501406;1049.525352;358.3830796;4.03;2296;784.0187459;763.4;260.6794036;9968.674416;2576.345711;12;OR_C2;;;;;;;;;1;0
9i7uig8jkh73;502;5;1;16;1061011;645693;1;1061;2182.1;Powiat m. £Ûdü;292.8501406;1049.525352;358.3830796;4.03;2296;784.0187459;763.4;260.6794036;8115.117899;8813.702188;3;OR_C2;;;;;;;;;0;1
9yl3yai8bbi4;503;5;0;16;1012011;42412;2;1012;72.5;Powiat radomszczaÒski;1441.229323;125.7545581;8.725506492;2.07;833;57.79788039;1190.9;82.63084725;3942.602815;0;3;OR_C2;;;;;;;;;1;1
9ua7446fnv2m;504;5;0;17;1061011;645693;1;1061;2182.1;Powiat m. £Ûdü;292.8501406;1049.525352;358.3830796;4.03;2296;784.0187459;763.4;260.6794036;8310.749872;8454.752167;10;OR_N2;;;;;;;;;0;0
7je7ywm6kmh8;505;5;1;17;1008052;7656;3;1008;240.6;Powiat pabianicki;491.5247438;135.3532664;27.53742677;4.91;456;92.77254212;567.3;115.4163665;6647.570755;517.4324384;6;OR_N2;;;;;;;;;0;0
48ek47wgz9b6;506;5;0;16;1061011;645693;1;1061;2182.1;Powiat m. £Ûdü;292.8501406;1049.525352;358.3830796;4.03;2296;784.0187459;763.4;260.6794036;5028.78006;13654.93176;1;OR_N2;;;;;;;;;0;0
6s9dlj6zni43;507;5;1;14;1061011;645693;1;1061;2182.1;Powiat m. £Ûdü;292.8501406;1049.525352;358.3830796;4.03;2296;784.0187459;763.4;260.6794036;9606.731195;2915.68441;15;OR_C1;;;;;;;;;1;1
9ua7446fnv2m;508;5;0;17;1061011;645693;1;1061;2182.1;Powiat m. £Ûdü;292.8501406;1049.525352;358.3830796;4.03;2296;784.0187459;763.4;260.6794036;8310.749872;8454.752167;10;OR_C1;;;;;;;;;0;0
7je7ywm6kmh8;509;5;1;17;1008052;7656;3;1008;240.6;Powiat pabianicki;491.5247438;135.3532664;27.53742677;4.91;456;92.77254212;567.3;115.4163665;6647.570755;517.4324384;6;OR_C1;;;;;;;;;0;0
8um48a6lg494;510;5;0;17;1061011;645693;1;1061;2182.1;Powiat m. £Ûdü;292.8501406;1049.525352;358.3830796;4.03;2296;784.0187459;763.4;260.6794036;12238.80328;6004.743052;9;OR_C1;;;;;;;;;0;0
48ek47wgz9b6;511;5;0;16;1061011;645693;1;1061;2182.1;Powiat m. £Ûdü;292.8501406;1049.525352;358.3830796;4.03;2296;784.0187459;763.4;260.6794036;5028.78006;13654.93176;1;OR_C1;;;;;;;;;0;0
6v4ru436byk2;512;5;0;17;1061011;645693;1;1061;2182.1;Powiat m. £Ûdü;292.8501406;1049.525352;358.3830796;4.03;2296;784.0187459;763.4;260.6794036;12475.11073;6376.522371;10;OR_N1;;;;;;;;;0;1
3h9whv6hwy29;513;5;1;16;1061011;645693;1;1061;2182.1;Powiat m. £Ûdü;292.8501406;1049.525352;358.3830796;4.03;2296;784.0187459;763.4;260.6794036;9182.411974;10922.56924;10;OR_N1;;;;;;;;;0;0
4s77njg9r64i;514;5;0;16;1061011;645693;1;1061;2182.1;Powiat m. £Ûdü;292.8501406;1049.525352;358.3830796;4.03;2296;784.0187459;763.4;260.6794036;15606.31315;10705.90057;11;OR_N1;;;;;;;;;0;0
9ua7446fnv2m;515;5;0;17;1061011;645693;1;1061;2182.1;Powiat m. £Ûdü;292.8501406;1049.525352;358.3830796;4.03;2296;784.0187459;763.4;260.6794036;8310.749872;8454.752167;10;OR_N1;;;;;;;;;1;1
7je7ywm6kmh8;516;5;1;17;1008052;7656;3;1008;240.6;Powiat pabianicki;491.5247438;135.3532664;27.53742677;4.91;456;92.77254212;567.3;115.4163665;6647.570755;517.4324384;6;OR_N1;;;;;;;;;1;1
2iou8kkj9iwm;517;5;1;16;1006075;10788;2;1006;151;Powiat ≥Ûdzki wschodni;499.1387193;129.2560513;25.89581739;10.7;448;89.75460783;667;133.6301862;2607.490201;0;0;OR_N1;;;;;;;;;0;0
3on3vhz6zrn8;518;5;1;16;1061011;645693;1;1061;2182.1;Powiat m. £Ûdü;292.8501406;1049.525352;358.3830796;4.03;2296;784.0187459;763.4;260.6794036;11298.68502;4710.591122;10;OR_C2;;;;;;;;;0;0
77l6ahj37zi9;519;5;0;16;1061011;645693;1;1061;2182.1;Powiat m. £Ûdü;292.8501406;1049.525352;358.3830796;4.03;2296;784.0187459;763.4;260.6794036;11707.19358;6415.980739;24;OR_C2;;;;;;;;;0;1
7je7ywm6kmh8;520;5;1;17;1008052;7656;3;1008;240.6;Powiat pabianicki;491.5247438;135.3532664;27.53742677;4.91;456;92.77254212;567.3;115.4163665;6647.570755;517.4324384;6;OR_C2;;;;;;;;;0;0
48ek47wgz9b6;521;5;0;16;1061011;645693;1;1061;2182.1;Powiat m. £Ûdü;292.8501406;1049.525352;358.3830796;4.03;2296;784.0187459;763.4;260.6794036;5028.78006;13654.93176;1;OR_C2;;;;;;;;;0;1
2r9sbu8lhl93;522;5;1;18;;;;;;;;;;;;;;;;;;OR_C1;;;;;;;;;0;0
3j9irh9sxs33;523;5;1;17;1061011;645693;1;1061;2182.1;Powiat m. £Ûdü;292.8501406;1049.525352;358.3830796;4.03;2296;784.0187459;763.4;260.6794036;11022.37966;134.7830001;7;OR_C1;;;;;;;;;1;0
48rka8fno834;524;5;1;17;1001072;8116;3;1001;110.8;Powiat be≥chatowski;966.2626658;198.2751399;20.51979724;14.05;961;99.45535868;943.4;97.63390778;6150.382231;0;2;OR_C1;;;;;;;;;0;1
4a9gl6njo9uk;525;5;0;18;1020011;12956;2;1020;193.4;Powiat zgierski;853.9990645;182.2143352;21.33659658;2.18;888;103.9813785;1106.6;129.5785963;4850.81326;62.99420572;0;OR_C1;;;;;;;;;0;1
4bu4ne3uhm37;526;5;1;17;1001072;8116;3;1001;110.8;Powiat be≥chatowski;966.2626658;198.2751399;20.51979724;14.05;961;99.45535868;943.4;97.63390778;5919.398048;1192.876914;0;OR_C1;;;;;;;;;1;1
622nvb4dbl76;527;5;1;18;1061011;645693;1;1061;2182.1;Powiat m. £Ûdü;292.8501406;1049.525352;358.3830796;4.03;2296;784.0187459;763.4;260.6794036;12042.24721;11524.08415;7;OR_C1;;;;;;;;;0;0
6ki3s8kdc7f8;528;5;1;18;1020044;22023;2;1020;193.4;Powiat zgierski;853.9990645;182.2143352;21.33659658;2.18;888;103.9813785;1106.6;129.5785963;8016.165447;0;0;OR_C1;;;;;;;;;1;1
98an97hyj4u3;529;5;1;18;1016104;1499;3;1016;106;Powiat tomaszowski;1023.091277;198.4567764;19.39775862;7.99;616;60.20968156;975.8;95.3776092;6204.480806;3363.612962;2;OR_C1;;;;;;;;;1;1
9as67mid33v9;530;5;0;12;1061011;645693;1;1061;2182.1;Powiat m. £Ûdü;292.8501406;1049.525352;358.3830796;4.03;2296;784.0187459;763.4;260.6794036;9968.674416;2576.345711;12;OR_C1;;;;;;;;;1;0
9uk9pp7smb64;531;5;0;11;1061011;645693;1;1061;2182.1;Powiat m. £Ûdü;292.8501406;1049.525352;358.3830796;4.03;2296;784.0187459;763.4;260.6794036;6376.283067;15756.69428;0;OR_C1;;;;;;;;;0;1
48rka8fno834;484;6;1;17;1001072;8116;3;1001;110.8;Powiat be≥chatowski;966.2626658;198.2751399;20.51979724;14.05;961;99.45535868;943.4;97.63390778;6150.382231;0;2;OR_N2;;;;;;;;;1;0
4j7xjz2w3fr4;485;6;1;13;1061011;645693;1;1061;2182.1;Powiat m. £Ûdü;292.8501406;1049.525352;358.3830796;4.03;2296;784.0187459;763.4;260.6794036;9675.510758;1637.468546;2;OR_N2;;;;;;;;;0;0
4zh87sa8kbc6;486;6;1;18;1061011;645693;1;1061;2182.1;Powiat m. £Ûdü;292.8501406;1049.525352;358.3830796;4.03;2296;784.0187459;763.4;260.6794036;5802.245796;655.8743772;2;OR_N2;;;;;;;;;0;1
622nvb4dbl76;487;6;1;18;1061011;645693;1;1061;2182.1;Powiat m. £Ûdü;292.8501406;1049.525352;358.3830796;4.03;2296;784.0187459;763.4;260.6794036;12042.24721;11524.08415;7;OR_N2;;;;;;;;;1;0
6ki3s8kdc7f8;488;6;1;18;1020044;22023;2;1020;193.4;Powiat zgierski;853.9990645;182.2143352;21.33659658;2.18;888;103.9813785;1106.6;129.5785963;8016.165447;0;0;OR_N2;;;;;;;;;1;0
98an97hyj4u3;489;6;1;18;1016104;1499;3;1016;106;Powiat tomaszowski;1023.091277;198.4567764;19.39775862;7.99;616;60.20968156;975.8;95.3776092;6204.480806;3363.612962;2;OR_N2;;;;;;;;;1;0
9as67mid33v9;490;6;0;12;1061011;645693;1;1061;2182.1;Powiat m. £Ûdü;292.8501406;1049.525352;358.3830796;4.03;2296;784.0187459;763.4;260.6794036;9968.674416;2576.345711;12;OR_N2;;;;;;;;;0;0
9i7uig8jkh73;491;6;1;16;1061011;645693;1;1061;2182.1;Powiat m. £Ûdü;292.8501406;1049.525352;358.3830796;4.03;2296;784.0187459;763.4;260.6794036;8115.117899;8813.702188;3;OR_N2;;;;;;;;;0;1
9yl3yai8bbi4;492;6;0;16;1012011;42412;2;1012;72.5;Powiat radomszczaÒski;1441.229323;125.7545581;8.725506492;2.07;833;57.79788039;1190.9;82.63084725;3942.602815;0;3;OR_N2;;;;;;;;;1;0
2r9sbu8lhl93;493;6;1;18;;;;;;;;;;;;;;;;;;OR_C2;;;;;;;;;0;0
42srw7uo87m7;494;6;1;17;1009052;4876;3;1009;59.1;Powiat pajÍczaÒski;803.0385073;66.0912157;8.230142776;16.28;280;34.8675683;627.1;78.09090029;3590.790245;0;3;OR_C2;;;;;;;;;1;1
48rka8fno834;495;6;1;17;1001072;8116;3;1001;110.8;Powiat be≥chatowski;966.2626658;198.2751399;20.51979724;14.05;961;99.45535868;943.4;97.63390778;6150.382231;0;2;OR_C2;;;;;;;;;0;0
4a9gl6njo9uk;496;6;0;18;1020011;12956;2;1020;193.4;Powiat zgierski;853.9990645;182.2143352;21.33659658;2.18;888;103.9813785;1106.6;129.5785963;4850.81326;62.99420572;0;OR_C2;;;;;;;;;0;0
4bu4ne3uhm37;497;6;1;17;1001072;8116;3;1001;110.8;Powiat be≥chatowski;966.2626658;198.2751399;20.51979724;14.05;961;99.45535868;943.4;97.63390778;5919.398048;1192.876914;0;OR_C2;;;;;;;;;1;0
622nvb4dbl76;498;6;1;18;1061011;645693;1;1061;2182.1;Powiat m. £Ûdü;292.8501406;1049.525352;358.3830796;4.03;2296;784.0187459;763.4;260.6794036;12042.24721;11524.08415;7;OR_C2;;;;;;;;;0;0
6ki3s8kdc7f8;499;6;1;18;1020044;22023;2;1020;193.4;Powiat zgierski;853.9990645;182.2143352;21.33659658;2.18;888;103.9813785;1106.6;129.5785963;8016.165447;0;0;OR_C2;;;;;;;;;1;0
7hr22ben944c;500;6;0;16;1006082;5811;3;1006;151;Powiat ≥Ûdzki wschodni;499.1387193;129.2560513;25.89581739;10.7;448;89.75460783;667;133.6301862;5748.39385;264.4064392;4;OR_C2;;;;;;;;;1;0
9as67mid33v9;501;6;0;12;1061011;645693;1;1061;2182.1;Powiat m. £Ûdü;292.8501406;1049.525352;358.3830796;4.03;2296;784.0187459;763.4;260.6794036;9968.674416;2576.345711;12;OR_C2;;;;;;;;;1;0
9i7uig8jkh73;502;6;1;16;1061011;645693;1;1061;2182.1;Powiat m. £Ûdü;292.8501406;1049.525352;358.3830796;4.03;2296;784.0187459;763.4;260.6794036;8115.117899;8813.702188;3;OR_C2;;;;;;;;;0;0
9yl3yai8bbi4;503;6;0;16;1012011;42412;2;1012;72.5;Powiat radomszczaÒski;1441.229323;125.7545581;8.725506492;2.07;833;57.79788039;1190.9;82.63084725;3942.602815;0;3;OR_C2;;;;;;;;;1;0
9ua7446fnv2m;504;6;0;17;1061011;645693;1;1061;2182.1;Powiat m. £Ûdü;292.8501406;1049.525352;358.3830796;4.03;2296;784.0187459;763.4;260.6794036;8310.749872;8454.752167;10;OR_N2;;;;;;;;;0;0
7je7ywm6kmh8;505;6;1;17;1008052;7656;3;1008;240.6;Powiat pabianicki;491.5247438;135.3532664;27.53742677;4.91;456;92.77254212;567.3;115.4163665;6647.570755;517.4324384;6;OR_N2;;;;;;;;;0;0
48ek47wgz9b6;506;6;0;16;1061011;645693;1;1061;2182.1;Powiat m. £Ûdü;292.8501406;1049.525352;358.3830796;4.03;2296;784.0187459;763.4;260.6794036;5028.78006;13654.93176;1;OR_N2;;;;;;;;;0;1
6s9dlj6zni43;507;6;1;14;1061011;645693;1;1061;2182.1;Powiat m. £Ûdü;292.8501406;1049.525352;358.3830796;4.03;2296;784.0187459;763.4;260.6794036;9606.731195;2915.68441;15;OR_C1;;;;;;;;;1;1
9ua7446fnv2m;508;6;0;17;1061011;645693;1;1061;2182.1;Powiat m. £Ûdü;292.8501406;1049.525352;358.3830796;4.03;2296;784.0187459;763.4;260.6794036;8310.749872;8454.752167;10;OR_C1;;;;;;;;;0;0
7je7ywm6kmh8;509;6;1;17;1008052;7656;3;1008;240.6;Powiat pabianicki;491.5247438;135.3532664;27.53742677;4.91;456;92.77254212;567.3;115.4163665;6647.570755;517.4324384;6;OR_C1;;;;;;;;;0;0
8um48a6lg494;510;6;0;17;1061011;645693;1;1061;2182.1;Powiat m. £Ûdü;292.8501406;1049.525352;358.3830796;4.03;2296;784.0187459;763.4;260.6794036;12238.80328;6004.743052;9;OR_C1;;;;;;;;;0;1
48ek47wgz9b6;511;6;0;16;1061011;645693;1;1061;2182.1;Powiat m. £Ûdü;292.8501406;1049.525352;358.3830796;4.03;2296;784.0187459;763.4;260.6794036;5028.78006;13654.93176;1;OR_C1;;;;;;;;;0;0
6v4ru436byk2;512;6;0;17;1061011;645693;1;1061;2182.1;Powiat m. £Ûdü;292.8501406;1049.525352;358.3830796;4.03;2296;784.0187459;763.4;260.6794036;12475.11073;6376.522371;10;OR_N1;;;;;;;;;0;0
3h9whv6hwy29;513;6;1;16;1061011;645693;1;1061;2182.1;Powiat m. £Ûdü;292.8501406;1049.525352;358.3830796;4.03;2296;784.0187459;763.4;260.6794036;9182.411974;10922.56924;10;OR_N1;;;;;;;;;0;0
4s77njg9r64i;514;6;0;16;1061011;645693;1;1061;2182.1;Powiat m. £Ûdü;292.8501406;1049.525352;358.3830796;4.03;2296;784.0187459;763.4;260.6794036;15606.31315;10705.90057;11;OR_N1;;;;;;;;;0;0
9ua7446fnv2m;515;6;0;17;1061011;645693;1;1061;2182.1;Powiat m. £Ûdü;292.8501406;1049.525352;358.3830796;4.03;2296;784.0187459;763.4;260.6794036;8310.749872;8454.752167;10;OR_N1;;;;;;;;;1;0
7je7ywm6kmh8;516;6;1;17;1008052;7656;3;1008;240.6;Powiat pabianicki;491.5247438;135.3532664;27.53742677;4.91;456;92.77254212;567.3;115.4163665;6647.570755;517.4324384;6;OR_N1;;;;;;;;;1;0
2iou8kkj9iwm;517;6;1;16;1006075;10788;2;1006;151;Powiat ≥Ûdzki wschodni;499.1387193;129.2560513;25.89581739;10.7;448;89.75460783;667;133.6301862;2607.490201;0;0;OR_N1;;;;;;;;;0;0
3on3vhz6zrn8;518;6;1;16;1061011;645693;1;1061;2182.1;Powiat m. £Ûdü;292.8501406;1049.525352;358.3830796;4.03;2296;784.0187459;763.4;260.6794036;11298.68502;4710.591122;10;OR_C2;;;;;;;;;0;1
77l6ahj37zi9;519;6;0;16;1061011;645693;1;1061;2182.1;Powiat m. £Ûdü;292.8501406;1049.525352;358.3830796;4.03;2296;784.0187459;763.4;260.6794036;11707.19358;6415.980739;24;OR_C2;;;;;;;;;0;0
7je7ywm6kmh8;520;6;1;17;1008052;7656;3;1008;240.6;Powiat pabianicki;491.5247438;135.3532664;27.53742677;4.91;456;92.77254212;567.3;115.4163665;6647.570755;517.4324384;6;OR_C2;;;;;;;;;0;0
48ek47wgz9b6;521;6;0;16;1061011;645693;1;1061;2182.1;Powiat m. £Ûdü;292.8501406;1049.525352;358.3830796;4.03;2296;784.0187459;763.4;260.6794036;5028.78006;13654.93176;1;OR_C2;;;;;;;;;0;0
2r9sbu8lhl93;522;6;1;18;;;;;;;;;;;;;;;;;;OR_C1;;;;;;;;;0;1
3j9irh9sxs33;523;6;1;17;1061011;645693;1;1061;2182.1;Powiat m. £Ûdü;292.8501406;1049.525352;358.3830796;4.03;2296;784.0187459;763.4;260.6794036;11022.37966;134.7830001;7;OR_C1;;;;;;;;;1;0
48rka8fno834;524;6;1;17;1001072;8116;3;1001;110.8;Powiat be≥chatowski;966.2626658;198.2751399;20.51979724;14.05;961;99.45535868;943.4;97.63390778;6150.382231;0;2;OR_C1;;;;;;;;;0;0
4a9gl6njo9uk;525;6;0;18;1020011;12956;2;1020;193.4;Powiat zgierski;853.9990645;182.2143352;21.33659658;2.18;888;103.9813785;1106.6;129.5785963;4850.81326;62.99420572;0;OR_C1;;;;;;;;;0;0
4bu4ne3uhm37;526;6;1;17;1001072;8116;3;1001;110.8;Powiat be≥chatowski;966.2626658;198.2751399;20.51979724;14.05;961;99.45535868;943.4;97.63390778;5919.398048;1192.876914;0;OR_C1;;;;;;;;;1;0
622nvb4dbl76;527;6;1;18;1061011;645693;1;1061;2182.1;Powiat m. £Ûdü;292.8501406;1049.525352;358.3830796;4.03;2296;784.0187459;763.4;260.6794036;12042.24721;11524.08415;7;OR_C1;;;;;;;;;0;0
6ki3s8kdc7f8;528;6;1;18;1020044;22023;2;1020;193.4;Powiat zgierski;853.9990645;182.2143352;21.33659658;2.18;888;103.9813785;1106.6;129.5785963;8016.165447;0;0;OR_C1;;;;;;;;;1;0
98an97hyj4u3;529;6;1;18;1016104;1499;3;1016;106;Powiat tomaszowski;1023.091277;198.4567764;19.39775862;7.99;616;60.20968156;975.8;95.3776092;6204.480806;3363.612962;2;OR_C1;;;;;;;;;1;1
9as67mid33v9;530;6;0;12;1061011;645693;1;1061;2182.1;Powiat m. £Ûdü;292.8501406;1049.525352;358.3830796;4.03;2296;784.0187459;763.4;260.6794036;9968.674416;2576.345711;12;OR_C1;;;;;;;;;1;0
9uk9pp7smb64;531;6;0;11;1061011;645693;1;1061;2182.1;Powiat m. £Ûdü;292.8501406;1049.525352;358.3830796;4.03;2296;784.0187459;763.4;260.6794036;6376.283067;15756.69428;0;OR_C1;;;;;;;;;0;0
